ball_y,ball_x,vy,vx,paddle_agent_y,paddle_opponent_y,action
0.36349952,0.25976467,0.5268141,-0.9731859,0.29,0.42666668,0
0.34638625,0.24973585,0.503302,0.996698,0.34666666,0.27666667,0
0.8830673,0.48339066,0.5000083,0.9999917,0.43,0.81,0
0.49752432,0.16975203,-0.5112292,-0.9887708,0.43666667,0.42666668,1
0.60929495,0.6763845,0.50052947,0.99947053,0.43666667,0.53,1
0.4138145,0.891427,-0.52165866,-0.97834134,0.35666665,0.43666667,1
0.5367866,0.6317277,0.5168719,-0.9831281,0.45666668,0.42666668,0
0.45887262,0.12169996,-0.5219326,-0.9780674,0.39666668,0.42666668,1
0.67874664,0.13745432,0.52538955,0.97461045,0.43,0.54,0
0.9409185,0.48299626,0.51440454,-0.98559546,0.85,0.44,0
0.8134939,0.52704716,-0.5050394,0.9949606,0.42666668,0.74666667,0
0.30436015,0.8306272,-0.5936679,0.9063321,0.44,0.24666667,1
0.12571943,0.04438799,0.5174796,-0.9825204,0.05666667,0.43,0
0.9510477,0.8961692,0.5175913,-0.9824087,0.50666666,0.7366667,0
0.36954948,0.25455526,-0.93278646,-0.56721354,0.41,0.43666667,1
0.88316864,0.7481466,0.50601625,0.99398375,0.42666668,0.8066667,0
0.5686627,0.42638078,0.51160145,-0.98839855,0.50333333,0.42666668,1
0.36541054,0.25093886,0.5045156,-0.9954844,0.29,0.44,0
0.6807219,0.29948705,0.6514517,-0.8485483,0.6,0.42666668,0
0.5980823,0.56959057,-0.6494489,-0.8505511,0.5366667,0.44,1
0.31192037,0.6978731,0.50856197,-0.99143803,0.24,0.32666665,0
0.34264034,0.61103207,-0.50130165,-0.99869835,0.28,0.44,1
0.8563056,0.587703,-0.5009681,-0.9990319,0.7866667,0.43666667,0
0.09117573,0.15527658,-0.5028157,0.9971843,0.24666667,0.3,0
0.9515988,0.8398015,0.5160354,-0.9839646,0.56666666,0.63666666,0
0.18761213,0.9392745,0.5290303,-0.9709697,0.39,0.11666667,1
0.43787438,0.09211735,0.50601625,0.99398375,0.38666666,0.36666667,0
0.25171176,0.47777003,0.5268211,0.9731789,0.44,0.18,1
0.5930933,0.109385416,0.6306644,0.8693356,0.42666668,0.52,0
0.13018778,0.94321275,-0.5044655,-0.9955345,0.41,0.12,1
0.15503348,0.05415529,0.5003203,0.9996797,0.096666664,0.39666668,0
0.15898246,0.34098294,0.5001206,0.9998794,0.33,0.13,0
0.29604185,0.94836,0.5143249,0.9856751,0.43666667,0.22666667,1
0.37369204,0.6007813,0.5138262,0.9861738,0.43666667,0.31,1
0.70907676,0.5073165,-0.5273846,0.9726154,0.42666668,0.64666665,0
0.3136799,0.7438708,-0.50595146,0.99404854,0.44,0.24666667,1
0.124702096,0.49161455,0.50586885,-0.99413115,0.05666667,0.42666668,0
0.6095741,0.6714322,-0.51876336,0.98123664,0.42666668,0.5466667,0
0.94778574,0.112433314,0.50199664,0.99800336,0.7266667,0.51666665,1
0.583308,0.27589965,-0.50990593,-0.99009407,0.51666665,0.44,1
0.39929968,0.28057253,0.5108536,-0.9891464,0.33,0.43,0
0.89642507,0.08606105,-0.50225157,-0.99774843,0.84,0.44,1
0.57118785,0.9662178,0.5005212,-0.9994788,0.45,0.49,0
0.6525136,0.683508,0.5000911,0.9999089,0.42666668,0.58666664,0
0.08047814,0.07262894,0.50202596,-0.99797404,0.016666668,0.44,1
0.9029764,0.5552519,-0.50331265,-0.99668735,0.83666664,0.43666667,1
0.4079249,0.46718004,-0.512229,-0.987771,0.35,0.43,1
0.7284182,0.55816,0.5206191,-0.9793809,0.65,0.43666667,0
0.17827803,0.5292207,-0.81279236,0.68720764,0.44,0.15666667,1
0.028334768,0.8990595,-0.51894695,-0.98105305,0.36,0.11,1
0.3190011,0.7843728,-0.5045667,0.9954333,0.43,0.25,0
0.55142605,0.42561045,-0.5123331,-0.9876669,0.48666668,0.44,1
0.8369752,0.037833672,-0.50098497,-0.99901503,0.78,0.44,1
0.35353076,0.3220655,-0.50423294,-0.99576706,0.3,0.44,1
0.9133422,0.59462,-0.5122008,-0.9877992,0.81666666,0.43333334,0
0.7470503,0.117804825,-0.50001675,0.99998325,0.65,0.52666664,1
0.32869035,0.14146769,-0.50208867,0.99791133,0.42666668,0.31666666,0
0.115366995,0.51449436,-0.51798415,0.98201585,0.42666668,0.046666667,0
0.19857568,0.43684742,0.5104048,0.9895952,0.43666667,0.12,1
0.3658383,0.028559536,-0.5007059,0.9992941,0.29666665,0.43,0
0.19530945,0.9190722,-0.52661175,0.97338825,0.43,0.12666667,0
0.91792315,0.29851463,0.51203626,-0.98796374,0.83666664,0.43666667,0
0.14337398,0.29037786,0.50601566,-0.99398434,0.07666667,0.43666667,0
0.29791668,0.4727143,-0.5042906,0.9957094,0.43,0.24,0
0.7620187,0.037148666,-0.5022356,-0.9977644,0.7,0.43,1
0.11491348,0.04753737,0.50034946,0.99965054,0.05666667,0.42,0
0.35376647,0.64920515,-0.51398766,0.98601234,0.44,0.3,1
0.6936011,0.69790393,0.5269468,0.9730532,0.43666667,0.62,1
0.60157424,0.552378,0.5165039,-0.9834961,0.5366667,0.43666667,1
0.61171466,0.4697614,0.68871564,-0.81128436,0.54,0.43666667,0
0.34581006,0.05853836,-0.5007059,0.9992941,0.32666665,0.4,0
0.86636585,0.15136854,0.51305026,0.98694974,0.57,0.56666666,1
0.6262289,0.3562648,-0.52020115,-0.97979885,0.5566667,0.42666668,0
0.45608532,0.61534166,-0.50636905,-0.99363095,0.39,0.44,1
0.69235164,0.2847922,-0.5001033,-0.9998967,0.62666667,0.43,1
0.17416838,0.53958267,0.51757336,-0.98242664,0.11,0.44,1
0.1636491,0.32654378,0.5011535,0.9988465,0.32,0.13,0
0.59917486,0.8868928,0.5133742,-0.9866258,0.53,0.43,0
0.47011983,0.97492194,-0.50116175,-0.99883825,0.44,0.40666667,1
0.05047095,0.8856695,-0.989443,0.510557,0.44,0.19666667,1
0.4457913,0.37963074,-0.53019345,0.96980655,0.43,0.39,0
0.37141135,0.33664677,0.5076533,0.9923467,0.39666668,0.29666665,0
0.40520498,0.26758328,0.5003485,0.9996515,0.41666666,0.32666665,0
0.87202114,0.8501695,0.50683254,0.99316746,0.42666668,0.79,0
0.4469554,0.35430863,-0.56000763,-0.93999237,0.38666666,0.43,1
0.28639236,0.9196792,0.5093245,-0.9906755,0.37666667,0.22666667,1
0.3607244,0.3778501,0.65530384,0.84469616,0.43666667,0.28,1
0.27576023,0.5107334,0.52680165,0.97319835,0.43,0.2,0
0.29594007,0.6056964,-0.5170552,-0.9829448,0.24,0.42666668,1
0.8532572,0.43224436,-0.52264404,-0.97735596,0.8,0.43,1
0.64894915,0.20797552,0.5005234,0.9994766,0.44,0.57,1
0.087313786,0.6810908,0.5167374,0.9832626,0.42666668,0.016666668,0
0.28482202,0.84421843,-0.5003575,-0.9996425,0.29666665,0.43666667,1
0.37502375,0.45441753,-0.5208131,-0.9791869,0.31,0.44,1
0.4135517,0.42442796,-0.5027762,0.9972238,0.44,0.36,1
0.11188595,0.87317866,-0.5027762,0.9972238,0.43,0.05,0
0.9317453,0.1143812,0.5185752,0.9814248,0.7,0.52666664,1
0.20962791,0.6536503,-0.5064976,-0.9935024,0.14666666,0.42666668,1
0.9427254,0.6189529,-0.507139,0.992861,0.43,0.85,0
0.3990414,0.6957863,0.5001203,0.9998797,0.43,0.32,0
0.928928,0.38774145,-0.5199944,-0.9800056,0.85,0.43,0
0.3311862,0.9034439,0.5115045,-0.9884955,0.35666665,0.27666667,1
0.8477156,0.22691815,0.51843274,0.98156726,0.43,0.63666666,0
0.39922667,0.18722986,-0.519708,0.980292,0.43666667,0.34666666,1
0.71668863,0.43272758,0.50000006,0.99999994,0.42666668,0.63666666,0
0.8016945,0.6534019,-0.5170289,0.9829711,0.44,0.75,1
0.26575816,0.5852693,-0.5105616,0.9894384,0.43,0.19666667,0
0.6720719,0.84361863,-0.5054786,-0.9945214,0.56,0.57,0
0.23496714,0.91983855,0.50208867,0.99791133,0.42666668,0.15666667,0
0.7425607,0.82861143,-0.50161076,-0.99838924,0.59,0.63,0
0.7678913,0.20926377,-0.7259763,0.7740237,0.61,0.6666667,1
0.5838039,0.8201229,-0.50081944,-0.99918056,0.5233333,0.47,1
0.141057,0.13416658,-0.5001303,0.9998697,0.25666666,0.33,0
0.8952553,0.2737124,-0.503059,0.996941,0.56666666,0.68666667,1
0.43306395,0.06276707,-0.51798415,0.98201585,0.42666668,0.38666666,0
0.44551754,0.1123034,0.510453,-0.989547,0.38,0.42666668,1
0.9284314,0.16949388,0.51595175,0.98404825,0.5966667,0.58666664,1
0.1452749,0.7354092,0.5005326,0.9994674,0.42666668,0.06666667,0
0.0898411,0.70530814,0.57427037,0.92572963,0.44,0.016666668,1
0.5199536,0.92524016,0.5097392,-0.9902608,0.43666667,0.44,0
0.45474124,0.5207009,0.5244904,0.9755096,0.42666668,0.38,0
0.70214593,0.67331755,0.5301206,-0.9698794,0.63666666,0.43,1
0.23524223,0.25962156,-0.5007994,-0.9992006,0.18,0.43,1
0.14851432,0.36277354,0.52586883,0.97413117,0.44,0.09,1
0.5473657,0.4630781,-0.66445965,0.83554035,0.43,0.48666668,0
0.5142712,0.047381863,0.5211383,0.9788617,0.44,0.43666667,1
0.24166869,0.23747097,0.50034946,0.99965054,0.24666667,0.23,0
0.35282785,0.8124554,-0.5014085,-0.9985915,0.28666666,0.43666667,1
0.6390513,0.3178539,0.5290303,-0.9709697,0.57,0.43666667,0
0.101504736,0.87170815,-0.5004637,0.9995363,0.43,0.04,0
0.49064845,0.0978434,0.50004303,-0.99995697,0.42,0.43666667,0
0.38733423,0.904742,-0.5082483,-0.9917517,0.35666665,0.42666668,1
0.10445946,0.74815285,0.5067918,0.9932082,0.42666668,0.026666667,0
0.6295781,0.46750054,0.700556,-0.799444,0.55,0.42666668,0
0.88656324,0.38680366,-0.5206211,0.9793789,0.44,0.7966667,1
0.9727937,0.103712864,-0.522971,0.977029,0.77,0.51666665,1
0.33954933,0.4918311,0.54529023,-0.95470977,0.27,0.43666667,0
0.29385123,0.57539076,0.5104048,0.9895952,0.43666667,0.22,1
0.16344076,0.543941,-0.8820679,-0.6179321,0.19666667,0.44,1
0.517148,0.8766096,0.5047706,-0.9952294,0.45,0.43666667,0
0.07742377,0.7213112,-0.5059363,-0.9940637,0.18,0.43666667,1
0.5483492,0.37188053,0.50751734,0.99248266,0.42666668,0.46666667,0
0.4814827,0.91727084,-0.50034666,0.99965334,0.43666667,0.42666668,1
0.047412995,0.2584032,0.50006485,0.99993515,0.31,0.2,0
0.06366352,0.13515073,-0.989443,0.510557,0.43,0.22666667,0
0.9411139,0.16233188,0.51517564,0.98482436,0.62666667,0.57666665,1
0.65161806,0.33302656,0.5078712,0.9921288,0.43666667,0.58666664,1
0.5512583,0.37791055,0.5140564,0.9859436,0.42666668,0.48666668,0
0.6905321,0.82669216,0.5014398,-0.9985602,0.58,0.43,0
0.34241763,0.07824821,0.52278644,0.97721356,0.27666667,0.38666666,0
0.9690051,0.30189264,0.5174994,0.9825006,0.43666667,0.70666665,1
0.7082957,0.36513382,0.51109695,0.98890305,0.44,0.63,1
0.03181444,0.97641945,-0.7985971,-0.7014029,0.43,0.016666668,1
0.21129015,0.6374849,0.88104844,0.61895156,0.44,0.11666667,1
0.79454005,0.3578567,0.50065637,0.99934363,0.44,0.73,1
0.3336026,0.69999534,-0.50000834,-0.99999166,0.26666668,0.43666667,0
0.7462088,0.953016,-0.5054786,-0.9945214,0.45,0.68,0
0.2768552,0.80940855,0.5040408,-0.9959592,0.27666667,0.25666666,1
0.47265252,0.48077857,0.507403,0.992597,0.42666668,0.40666667,0
0.37967935,0.30291373,0.50001204,-0.99998796,0.3,0.43,0
0.54742444,0.4535033,0.5031167,-0.9968833,0.47666666,0.42666668,0
0.4293272,0.50306654,-0.51137877,0.98862123,0.44,0.36,1
0.73674166,0.7647825,-0.5049162,0.9950838,0.43,0.67,0
0.1603101,0.8428075,0.5081018,0.9918982,0.42666668,0.086666666,0
0.6317389,0.6985652,-0.5199303,0.9800697,0.43666667,0.57666665,1
0.040750325,0.5202305,0.50058436,-0.99941564,0.016666668,0.42666668,1
0.38970542,0.27352786,0.5064321,0.9935679,0.39666668,0.31666666,0
0.8053826,0.84057367,0.5004381,-0.9995619,0.5566667,0.52,0
0.565344,0.59385854,0.5002336,-0.9997664,0.49,0.42666668,0
0.6823174,0.25794935,0.5005234,0.9994766,0.43,0.6,0
0.9466423,0.7129034,0.5033707,-0.9966293,0.69666666,0.44,0
0.24157584,0.92032295,0.50252825,-0.99747175,0.38666666,0.18666667,1
0.27027193,0.19372636,0.5093287,-0.9906713,0.20666666,0.43666667,1
0.7417945,0.7733078,0.5004409,0.9995591,0.42666668,0.6766667,0
0.7804409,0.28138018,0.507139,0.992861,0.43,0.69,0
0.2617295,0.07288438,0.5229135,-0.9770865,0.18666667,0.43666667,0
0.33743063,0.11175581,-0.50339705,0.99660295,0.42666668,0.33666667,0
0.7618918,0.37020025,0.5246903,-0.9753097,0.68666667,0.42666668,0
0.8021785,0.5830235,0.5088776,0.9911224,0.42666668,0.73,0
0.45379996,0.58439815,0.50260365,0.99739635,0.43666667,0.38,1
0.19037728,0.36649764,0.5011535,0.9988465,0.36,0.11,0
0.072274484,0.9341814,-0.50248986,0.99751014,0.43,0.016666668,0
0.6284169,0.2666166,-0.5049829,0.9950171,0.49,0.56,1
0.26365432,0.7331305,-0.5064976,-0.9935024,0.20666666,0.42666668,1
0.4308247,0.32987487,-0.50600386,-0.99399614,0.37666667,0.44,1
0.46778783,0.5355438,-0.7096902,-0.7903098,0.41666666,0.43,1
0.09025857,0.70422494,-0.5040922,0.9959078,0.42666668,0.026666667,0
0.33579004,0.24722135,-0.52574813,-0.97425187,0.27666667,0.44,1
0.8516356,0.48420182,0.52506405,-0.97493595,0.77666664,0.44,0
0.50166357,0.8815651,0.52473897,0.97526103,0.44,0.42,1
0.64539665,0.5367908,0.53122944,0.96877056,0.43666667,0.56666666,1
0.25889271,0.24921793,0.50213397,-0.99786603,0.17666666,0.42666668,0
0.86177117,0.3729197,-0.52357435,0.97642565,0.42666668,0.7866667,0
0.13892183,0.12149398,-0.5208131,-0.9791869,0.07,0.44,0
0.62874156,0.4926292,0.50683254,0.99316746,0.42666668,0.55,0
0.3431315,0.49933478,-0.5000045,-0.9999955,0.29,0.44,1
0.9396273,0.17176862,-0.5000169,-0.9999831,0.85,0.44,0
0.2696545,0.0718283,0.52285075,-0.97714925,0.19666667,0.43666667,0
0.8937285,0.19084653,0.51305026,0.98694974,0.53,0.6066667,1
0.9102553,0.038440518,-0.50000733,0.99999267,0.84,0.43666667,1
0.89981824,0.7093344,-0.5010967,-0.9989033,0.68666667,0.5566667,0
0.7279888,0.7513199,0.5286869,0.9713131,0.42666668,0.6566667,0
0.10085553,0.5107277,-0.5021709,0.9978291,0.43666667,0.04,1
0.58390635,0.73700196,0.50003546,-0.99996454,0.51666665,0.43666667,0
0.65075207,0.2721753,-0.5030861,-0.9969139,0.5966667,0.42666668,1
0.045690034,0.24104531,-0.52855855,0.97144145,0.37,0.22,0
0.4437148,0.78135985,0.51735455,-0.98264545,0.36666667,0.42666668,0
0.90885633,0.5269221,0.5001796,0.9998204,0.43,0.84,0
0.18154927,0.060043063,-0.50055695,-0.99944305,0.12,0.43,1
0.38536778,0.2068357,-0.519708,0.980292,0.43666667,0.32666665,1
0.7664601,0.86221486,0.5006483,0.9993517,0.43666667,0.68666667,1
0.12462724,0.5067345,-0.5019426,-0.9980574,0.05666667,0.42666668,0
0.3640052,0.35895666,-0.88104844,0.61895156,0.43,0.35666665,0
0.97363603,0.6076949,0.5000098,0.9999902,0.44,0.85,1
0.09119894,0.51902044,0.51787394,-0.98212606,0.026666667,0.43666667,1
0.5938742,0.11723545,0.50095034,0.99904966,0.44,0.53,1
0.6329327,0.4155347,0.82245994,0.67754006,0.42666668,0.52,0
0.70264584,0.26150087,0.5300832,0.9699168,0.43,0.62,0
0.24403787,0.24,-0.43171299,-0.5,0.17333333,0.43333334,0
0.3462887,0.5765893,0.5138319,-0.9861681,0.27,0.41666666,0
0.4249219,0.40936816,-0.51769716,0.98230284,0.43,0.37,0
0.5600263,0.82893485,-0.5149216,0.9850784,0.43333334,0.49666667,1
0.6974748,0.22244574,-0.50290704,0.99709296,0.57,0.63,1
0.9341898,0.26127344,-0.52203983,0.97796017,0.53,0.6766667,1
0.60093004,0.2612097,-0.81279236,0.68720764,0.51,0.5466667,1
0.2536141,0.36978158,0.5549422,0.9450578,0.37666667,0.18,0
0.26386294,0.730451,-0.66445965,0.83554035,0.43,0.20666666,0
0.21564391,0.4212794,-0.50130165,-0.99869835,0.15,0.43,1
0.030714825,0.8502402,-0.5250949,-0.9749051,0.31,0.2,1
0.6178005,0.077745944,0.5061452,0.9938548,0.46,0.48,1
0.3855762,0.93987393,-0.5152549,0.9847451,0.44,0.32666665,1
0.9626701,0.3812336,0.50256306,0.99743694,0.43,0.7866667,0
0.046436317,0.2366347,0.51138496,-0.98861504,0.016666668,0.43666667,1
0.61564755,0.23906136,0.51456034,0.98543966,0.42666668,0.5466667,0
0.16964637,0.3906558,-0.52472216,0.97527784,0.42666668,0.11666667,0
0.025325807,0.8813001,-0.5027061,0.9972939,0.44,0.016666668,1
0.05432504,0.7516154,0.5216453,0.9783547,0.42666668,0.016666668,0
0.15865411,0.8983686,0.5216453,0.9783547,0.43666667,0.07666667,1
0.8616822,0.047524437,0.50274754,-0.99725246,0.7866667,0.43666667,0
0.17241268,0.140124,-0.5210855,-0.9789145,0.12,0.44,1
0.10901946,0.2495157,0.50593334,-0.99406666,0.026666667,0.43666667,0
0.46739218,0.6733799,-0.5229992,0.9770008,0.42666668,0.40666667,0
0.04261251,0.67868257,-0.5118726,0.9881274,0.43666667,0.016666668,1
0.7118292,0.4855833,-0.5187125,0.9812875,0.43666667,0.64666665,1
0.57867193,0.590305,0.50037146,-0.99962854,0.50666666,0.43666667,0
0.06581735,0.90000796,-0.5176718,-0.9823282,0.36,0.13,1
0.44340667,0.4151566,-0.64765453,-0.85234547,0.37666667,0.44,0
0.60416037,0.68022996,-0.5216137,-0.9783863,0.55,0.46,1
0.71588653,0.16369429,0.50528,-0.99472,0.65,0.42666668,1
0.53364116,0.5916896,-0.500011,-0.999989,0.48,0.44,1
0.43068913,0.06476225,-0.5037549,0.9962451,0.43666667,0.38666666,1
0.2821726,0.3497947,0.510453,-0.989547,0.2,0.42666668,0
0.37691414,0.83843464,-0.50000733,0.99999267,0.44,0.31666666,1
0.34524122,0.92378145,0.5002336,-0.9997664,0.38,0.29666665,1
0.28397048,0.7632948,0.700556,-0.799444,0.2,0.27666667,0
0.40012717,0.86247975,0.5012123,-0.9987877,0.33666667,0.36666667,1
0.36594144,0.26260385,0.5006483,0.9993517,0.37666667,0.28666666,0
0.8273642,0.83586156,-0.7096902,-0.7903098,0.6166667,0.67,0
0.65167576,0.5885109,-0.5018338,-0.9981662,0.58666664,0.46,1
0.70628947,0.3597713,0.5115045,-0.9884955,0.62666667,0.42666668,0
0.7551854,0.07934882,0.50281036,0.99718964,0.6,0.47666666,1
0.94891495,0.114201844,0.503059,0.996941,0.7266667,0.52666664,1
0.7820669,0.39824417,-0.52238494,0.97761506,0.44666666,0.71666664,1
0.04543405,0.85138124,-0.5027061,0.9972939,0.43,0.016666668,0
0.52953917,0.427081,0.51511097,-0.98488903,0.46,0.42666668,0
0.53618294,0.22721423,-0.50271815,-0.99728185,0.46666667,0.43666667,0
0.31836605,0.35321248,0.52745646,-0.97254354,0.24,0.42666668,0
0.51759076,0.4336105,0.7345716,0.7654284,0.42666668,0.45,0
0.5924127,0.48487046,-0.5123331,-0.9876669,0.52666664,0.44,1
0.24674529,0.05008362,-0.53767246,-0.96232754,0.18666667,0.43,1
0.5724913,0.41622034,-0.563028,-0.936972,0.50666666,0.44,1
0.15191245,0.50197184,-0.5001899,0.9998101,0.42666668,0.09,0
0.81848115,0.53627896,-0.51305026,0.98694974,0.44,0.75666666,1
0.13028082,0.3232669,-0.75348204,-0.74651796,0.07666667,0.44,1
0.16739722,0.25354,0.5169356,-0.9830644,0.096666664,0.43666667,0
0.3945383,0.45422146,0.5557901,-0.9442099,0.32,0.42666668,0
0.92663985,0.4490303,0.62496537,0.87503463,0.42666668,0.85,0
0.4639328,0.44972977,0.5000376,0.9999624,0.43666667,0.39,1
0.5005344,0.13778572,0.5026144,-0.9973856,0.42,0.43,0
0.16224916,0.5866757,-0.5065934,-0.9934066,0.096666664,0.43666667,1
0.17993692,0.697971,0.5324936,-0.9675064,0.15,0.29666665,1
0.15754074,0.1983932,-0.5034501,-0.9965499,0.10666667,0.44,1
0.3999266,0.18474755,-0.5184461,0.9815539,0.43666667,0.33666667,1
0.7920145,0.19549558,-0.5001835,0.9998165,0.67,0.61,1
0.57380205,0.4161213,0.5197719,0.9802281,0.43666667,0.50666666,1
0.8839617,0.9526194,0.500038,0.999962,0.42666668,0.81666666,0
0.13473606,0.07207165,-0.512229,-0.987771,0.07,0.43,1
0.12730052,0.29736525,0.5008548,0.9991452,0.3,0.16,0
0.55500555,0.91104305,-0.5174994,0.9825006,0.43666667,0.48666668,1
0.5496703,0.7527415,-0.5033929,0.9966071,0.43666667,0.48666668,1
0.78261364,0.14137655,-0.5096581,-0.9903419,0.72,0.43,1
0.37022954,0.15676804,-0.50000626,-0.99999374,0.31666666,0.43,1
0.4112374,0.60621786,-0.50380784,0.99619216,0.44,0.35,1
0.66616356,0.08981187,0.7287714,0.7712286,0.43666667,0.52,1
0.61140144,0.73353,-0.51517564,0.98482436,0.42666668,0.5566667,0
0.81302273,0.8929073,-0.50001127,0.99998873,0.43,0.76,0
0.48085514,0.4606286,0.50553745,-0.99446255,0.4,0.43666667,0
0.12725823,0.12673365,-0.50522786,-0.99477214,0.06,0.43,0
0.0616692,0.9095143,-0.5044998,0.9955002,0.43,0.016666668,0
0.8939611,0.2111626,-0.5152549,0.9847451,0.66,0.62666667,1
0.40370852,0.9001334,-0.5009277,-0.9990723,0.36,0.43666667,1
0.10650242,0.21617353,0.5138262,0.9861738,0.20666666,0.24,0
0.89070934,0.6126604,0.5011229,0.9988771,0.43666667,0.82,1
0.8242605,0.17768301,0.5049162,0.9950838,0.5,0.57666665,1
0.6124471,0.8858185,0.50326645,-0.99673355,0.51666665,0.43,0
0.38593504,0.30491075,0.50750417,-0.99249583,0.31,0.44,0
0.8331414,0.7888181,0.50067776,0.99932224,0.43666667,0.76666665,1
0.7110873,0.27913654,0.52169174,-0.97830826,0.64,0.42666668,0
0.45256728,0.23918723,0.5184049,-0.9815951,0.37,0.43,0
0.6977799,0.4777909,0.5014426,0.9985574,0.43666667,0.6166667,1
0.739422,0.38003567,0.5198449,-0.9801551,0.6566667,0.42666668,0
0.32401824,0.56626695,0.5011535,0.9988465,0.44,0.25,1
0.87345445,0.5708045,0.52488583,0.97511417,0.44,0.8,1
0.6116497,0.23439348,-0.5021835,0.9978165,0.48,0.56,1
0.9390288,0.67790735,-0.5065621,0.9934379,0.44,0.85,1
0.4121225,0.17596956,0.52278644,0.97721356,0.37666667,0.34666666,0
0.41639256,0.82677704,0.50289893,0.99710107,0.44,0.35,1
0.3686177,0.2136793,-0.53767246,-0.96232754,0.31666666,0.44,1
0.4938523,0.40610757,-0.50003225,0.99996775,0.44,0.44,1
0.7628699,0.43637937,0.989443,0.510557,0.44,0.5366667,1
0.7760112,0.66,0.49475977,0.5,0.43333334,0.6933333,1
0.7876037,0.74570715,0.5007817,-0.9992183,0.6666667,0.44,0
0.19812618,0.09249391,0.5020201,-0.9979799,0.12666667,0.43666667,0
0.6226285,0.25635952,0.5037048,-0.9962952,0.55,0.42666668,0
0.07979049,0.9005196,-0.51769716,0.98230284,0.43,0.03,0
0.016883543,0.049985997,0.67506063,0.82493937,0.046666667,0.41,0
0.7443716,0.05673605,-0.5153504,0.9846496,0.68,0.47,1
0.46669206,0.50363594,0.6409517,-0.8590483,0.4,0.42666668,0
0.6043761,0.31454498,-0.72333735,0.77666265,0.48,0.5566667,1
0.28887522,0.094338104,0.5293062,0.9706938,0.22666667,0.35666665,0
0.72593766,0.49782777,0.5000669,0.9999331,0.43666667,0.65,1
0.94523174,0.2589961,0.51203626,-0.98796374,0.85,0.43666667,0
0.36172193,0.31135526,0.51504123,-0.98495877,0.28,0.43,0
0.9267318,0.51932526,-0.5093961,0.9906039,0.44,0.85,1
0.59663874,0.3276187,0.52196765,-0.97803235,0.51666665,0.43666667,0
0.4430941,0.71830404,0.592285,-0.907715,0.37,0.40666667,0
0.8679007,0.87392426,0.9607204,-0.5392796,0.61,0.42666668,0
0.6358817,0.85914195,-0.5007994,-0.9992006,0.54,0.53,0
0.31687033,0.78950083,0.50000465,0.99999535,0.43,0.23666666,0
0.06549162,0.78888047,0.5184049,-0.9815951,0.25,0.25,1
0.7233507,0.6442212,0.5301206,-0.9698794,0.64666665,0.44,0
0.5326966,0.31195956,0.5315452,0.9684548,0.43666667,0.45666668,1
0.60520136,0.5624703,0.50030553,0.99969447,0.43666667,0.52666664,1
0.10698365,0.54162765,-0.5289393,-0.9710607,0.046666667,0.42666668,1
0.7360911,0.19171439,-0.5010024,0.9989976,0.61,0.6066667,1
0.030273244,0.6307929,0.50586885,-0.99413115,0.09,0.42666668,1
0.8267808,0.15851218,-0.5010391,0.9989609,0.72,0.5566667,1
0.38000602,0.07837613,-0.5,1.0,0.39666668,0.38,0
0.98224694,0.95958555,-0.6629521,0.8370479,0.43666667,0.85,1
0.69691885,0.35843816,-0.50000733,0.99999267,0.52,0.63666666,1
0.53089327,0.9128462,0.5059156,0.9940844,0.43,0.46,0
0.62628335,0.7617586,0.5000169,-0.9999831,0.56,0.43,1
0.73446125,0.26791576,0.50065637,0.99934363,0.43,0.66,0
0.19213225,0.46412554,-0.80934626,-0.69065374,0.17666666,0.43,1
0.3563634,0.7363591,-0.50374675,-0.99625325,0.3,0.43666667,1
0.38075987,0.12581427,0.5069252,-0.9930748,0.31,0.43,0
0.32934135,0.28879362,-0.50004643,0.99995357,0.43666667,0.27666667,1
0.3947134,0.6780883,-0.50558007,0.99441993,0.44,0.33,1
0.7213056,0.5759581,-0.51517564,0.98482436,0.42666668,0.6566667,0
0.1561611,0.52838385,-0.50314355,-0.99685645,0.096666664,0.42666668,1
0.6262491,0.8789679,-0.5000194,-0.9999806,0.53,0.53,0
0.5439035,0.7969999,0.50003546,-0.99996454,0.47666666,0.43666667,0
0.26512176,0.24727868,0.5026387,-0.9973613,0.18666667,0.44,0
0.91200453,0.844298,0.5064255,-0.9935745,0.56666666,0.62,0
0.4564946,0.6865926,-0.50342226,-0.99657774,0.39,0.44,1
0.3663457,0.32291347,0.50001204,-0.99998796,0.3,0.43,1
0.14342368,0.5794487,0.5045156,-0.9954844,0.08,0.43,1
0.9308106,0.042965356,0.5093359,-0.9906641,0.85,0.43666667,0
0.08458702,0.4816419,-0.5003829,0.9996171,0.42666668,0.026666667,0
0.7552885,0.5700919,-0.5235439,0.9764561,0.43,0.69666666,0
0.41974777,0.7090253,-0.50087637,0.99912363,0.43,0.36666667,0
0.51804936,0.50052685,-0.52574813,-0.97425187,0.45666668,0.44,1
0.30174083,0.72094667,-0.50203097,-0.99796903,0.25,0.43666667,1
0.7969203,0.20843928,-0.50000733,0.99999267,0.67,0.6066667,1
0.40231237,0.16268767,0.5045373,-0.9954627,0.32666665,0.43,0
0.8095369,0.2222283,-0.5179022,-0.9820978,0.74,0.44,0
0.5601036,0.14812362,-0.52192074,-0.97807926,0.49666667,0.43,1
0.9655947,0.6464374,0.50505555,-0.99494445,0.75666666,0.44,0
0.32256067,0.2198896,-0.51798415,0.98201585,0.42666668,0.26666668,0
0.4980709,0.916987,-0.50029564,0.99970436,0.42666668,0.43666667,0
0.23977005,0.7538554,-0.50000566,0.99999434,0.43,0.17,0
0.83782995,0.3476241,-0.51876336,0.98123664,0.47666666,0.75666666,1
0.19668567,0.34329453,-0.7363632,-0.7636368,0.14666666,0.43,1
0.76309663,0.3773042,-0.5122008,-0.9877992,0.69666666,0.43333334,1
0.51179177,0.15782388,0.5186407,-0.9813593,0.43,0.44,0
0.051008992,0.3969482,-0.5019426,-0.9980574,0.016666668,0.43666667,1
0.63942146,0.45250487,-0.5864834,0.9135166,0.44,0.58666664,1
0.86211365,0.39550036,-0.5149216,0.9850784,0.43333334,0.7966667,1
0.4468671,0.2226296,0.5253551,-0.9746449,0.38,0.43,0
0.8340701,0.85348225,-0.52672684,0.97327316,0.44,0.78,1
0.41164476,0.15393925,-0.5376543,-0.9623457,0.35666665,0.44,1
0.6362059,0.26838738,0.50002474,0.99997526,0.43,0.57,0
0.5891224,0.125523,0.51954985,0.98045015,0.44,0.51666665,1
0.8561056,0.7505936,-0.5376543,-0.9623457,0.6566667,0.62,0
0.19460164,0.46949583,-0.52701455,0.97298545,0.42666668,0.12666667,0
0.14945252,0.13960984,0.50314355,-0.99685645,0.06666667,0.43666667,0
0.59225315,0.51160556,-0.51301336,0.98698664,0.44,0.52666664,1
0.89261705,0.6437227,-0.5007309,-0.9992691,0.76666665,0.44666666,0
0.36684096,0.263208,0.52699023,-0.97300977,0.29,0.43,0
0.31319213,0.26231948,-0.50423294,-0.99576706,0.26,0.44,1
0.62255955,0.46511486,0.50231403,0.99768597,0.43666667,0.5566667,1
0.59494287,0.21944794,0.50021785,-0.99978215,0.52,0.43666667,0
0.93267137,0.31038818,0.7652515,-0.7347485,0.85,0.43666667,0
0.15203212,0.3444615,0.5026418,0.9973582,0.37,0.11,0
0.59536284,0.8158915,0.5285672,-0.9714328,0.51666665,0.44,0
0.89452565,0.7136664,-0.50013924,0.99986076,0.43,0.84,0
0.4562029,0.52210194,-0.52353114,0.97646886,0.43,0.4,0
0.61161315,0.39450055,0.82344234,0.67655766,0.42666668,0.51,0
0.6997622,0.16669263,0.52538955,0.97461045,0.44,0.57,1
0.1469141,0.935,0.4990096,0.5,0.42333335,0.06666667,0
0.87384987,0.8879401,-0.58256966,-0.91743034,0.52666664,0.76,0
0.29786962,0.689013,-0.50021917,0.99978083,0.43,0.23,0
0.63382626,0.07464368,-0.5000279,-0.9999721,0.57,0.44,1
0.5426692,0.14491038,0.51616484,-0.98383516,0.47,0.44,0
0.41149926,0.58087236,0.61351997,-0.88648003,0.33,0.43666667,0
0.7173609,0.42183173,-0.5520264,0.9479736,0.43,0.6666667,0
0.58193487,0.22119817,0.50023955,0.99976045,0.44,0.51666665,1
0.35278565,0.6495765,0.50553745,-0.99446255,0.27,0.38666666,0
0.9649031,0.06749032,0.7940412,-0.7059588,0.8466667,0.44,0
0.90591574,0.2964541,0.5081605,-0.9918395,0.82666665,0.43,0
0.97262573,0.69919264,-0.50834703,0.99165297,0.43,0.85,0
0.7593629,0.2409136,0.5029875,0.9970125,0.44,0.65,1
0.848895,0.56084245,0.50458866,-0.99541134,0.78,0.43,0
0.42991394,0.33995536,0.50000083,0.99999917,0.42666668,0.35666665,0
0.35633692,0.7780738,0.52169174,-0.97830826,0.29,0.33666667,1
0.8059185,0.07149216,-0.50558007,0.99441993,0.73,0.48,1
0.460602,0.9463667,0.5291681,-0.9708319,0.40666667,0.38666666,1
0.4554159,0.75999194,0.5268211,0.9731789,0.43,0.39,0
0.43967652,0.5332713,-0.5084799,-0.9915201,0.38,0.44,1
0.5945679,0.23627795,0.5001593,0.9998407,0.43666667,0.5233333,1
0.4690467,0.76504743,0.93278646,-0.56721354,0.35,0.37666667,0
0.7533139,0.25325382,-0.52914256,-0.97085744,0.7,0.44,1
0.12768951,0.948938,-0.5083545,0.9916455,0.43,0.06,0
0.31787464,0.92162305,-0.5038997,0.9961003,0.43,0.26,0
0.052754678,0.77540505,0.519708,0.980292,0.43666667,0.016666668,1
0.9413992,0.5777123,0.50065637,0.99934363,0.44,0.85,1
0.1066797,0.7124975,0.52472216,0.97527784,0.43666667,0.026666667,1
0.5965024,0.8170654,0.50098497,-0.99901503,0.51666665,0.44,0
0.85084534,0.88251543,0.5206565,0.9793435,0.43666667,0.7866667,1
0.70127314,0.28989252,-0.50041336,0.99958664,0.55,0.6333333,1
0.18002309,0.17616911,-0.6280255,-0.8719745,0.12666667,0.43,1
0.92716795,0.6957104,-0.522654,0.977346,0.43,0.85,0
0.5324249,0.68730175,-0.5073324,-0.9926676,0.48,0.44,1
0.5262058,0.7499843,-0.51603305,0.98396695,0.42666668,0.45666668,0
0.17994538,0.12571247,0.5387067,0.9612933,0.16,0.32666665,0
0.5683264,0.07276542,0.62496537,0.87503463,0.43666667,0.49,1
0.2261402,0.36620364,-0.7363632,-0.7636368,0.17666666,0.44,1
0.48599958,0.09989364,-0.5308334,-0.9691666,0.42666668,0.43666667,1
0.4524824,0.95075613,-0.50199664,0.99800336,0.42666668,0.39666668,0
0.08979593,0.11933648,-0.5000045,-0.9999955,0.03,0.44,1
0.56768245,0.56617206,-0.5107489,-0.9892511,0.5,0.44,0
0.13811147,0.30310798,-0.50029653,-0.99970347,0.08,0.43,1
0.7219753,0.07716086,-0.5002034,0.9997966,0.64,0.49,1
0.11229179,0.867062,0.51032966,0.98967034,0.42666668,0.036666665,0
0.7978616,0.64263254,0.507227,-0.992773,0.73,0.43,0
0.5324058,0.90091544,0.5001206,0.9998794,0.43,0.45,0
0.5884683,0.55122143,-0.5004831,-0.9995169,0.53,0.44,1
0.41960928,0.26915523,0.5194161,0.9805839,0.41666666,0.34666666,0
0.83145887,0.1366504,-0.5005212,-0.9994788,0.77,0.44,1
0.9616213,0.1895142,-0.50028217,0.99971783,0.6666667,0.58666664,1
0.11887665,0.24000396,0.5151745,-0.9848255,0.046666667,0.43666667,0
0.6804381,0.2549717,0.500021,0.999979,0.43,0.6166667,0
0.80170155,0.41612214,-0.50360334,0.99639666,0.42666668,0.74666667,0
0.7807821,0.3859166,-0.51603305,0.98396695,0.47666666,0.7266667,1
0.5371045,0.66481113,-0.5007517,-0.9992483,0.47,0.43,0
0.6830731,0.16669294,0.5037048,-0.9962952,0.6,0.43666667,0
0.17317505,0.8090004,-0.5007974,0.9992026,0.43,0.12,0
0.7946435,0.42325354,-0.503059,0.996941,0.43666667,0.7366667,1
0.105144456,0.7262432,0.5026144,-0.9973856,0.19,0.3,1
0.28709754,0.7034742,-0.50210583,0.99789417,0.44,0.23,1
0.82383275,0.5994955,0.5093288,-0.9906712,0.76,0.43,1
0.9327163,0.04659489,-0.592285,-0.907715,0.85,0.42666668,0
0.8700678,0.7109359,-0.501134,-0.998866,0.69666666,0.58666664,0
0.8042039,0.6679516,0.51902854,-0.98097146,0.74,0.44,1
0.71226597,0.5449613,0.5004529,-0.9995471,0.63666666,0.42666668,0
0.42902973,0.40693212,-0.5014379,0.9985621,0.44,0.36666667,1
0.5143868,0.5763262,-0.71105266,-0.78894734,0.45666668,0.44,1
0.37059245,0.30973503,0.5000376,0.9999624,0.39666668,0.29,0
0.22566551,0.58498234,0.50058746,0.99941254,0.43666667,0.16,1
0.97565895,0.23765948,-0.5291681,-0.9708319,0.85,0.43666667,0
0.6140322,0.11616484,-0.5025802,-0.9974198,0.55,0.43,1
0.0800261,0.82956684,0.50000006,0.99999994,0.42666668,0.016666668,0
0.47832993,0.5601532,-0.50181174,-0.99818826,0.41666666,0.44,1
0.0874643,0.53068423,-0.5021709,0.9978291,0.43666667,0.02,1
0.05869138,0.16603045,-0.515519,0.984481,0.24,0.29,0
0.68782085,0.6962873,-0.5004543,-0.9995457,0.63666666,0.53,1
0.69648635,0.06776598,0.5537972,-0.9462028,0.63,0.43666667,1
0.73711663,0.7569645,-0.51843274,0.98156726,0.43,0.68,0
0.60545415,0.6652861,0.5294719,0.9705281,0.43666667,0.53,1
0.8977496,0.2186422,-0.51603305,0.98396695,0.64666665,0.63666666,1
0.65272814,0.42505598,0.5006407,0.9993593,0.43666667,0.58666664,1
0.59534305,0.67969775,-0.50055695,-0.99944305,0.54,0.43,1
0.81683856,0.09616326,0.515526,-0.984474,0.74666667,0.43666667,0
0.9365335,0.30412114,-0.50713813,-0.99286187,0.85,0.44,0
0.6018454,0.28403717,0.5003798,-0.9996202,0.53,0.42666668,0
0.38354063,0.43498403,-0.5007517,-0.9992483,0.32,0.44,1
0.70706373,0.074139655,-0.5199944,-0.9800056,0.65,0.43,1
0.26994202,0.7588199,0.51074183,0.98925817,0.42666668,0.18666667,0
0.05126983,0.45568106,0.5002106,0.9997894,0.42666668,0.016666668,0
0.55133075,0.39133978,-0.53060794,0.96939206,0.43,0.49,0
0.7811607,0.88364273,-0.50013924,0.99986076,0.44,0.73,1
0.7545481,0.7962418,-0.5004543,-0.9995457,0.6166667,0.63,0
0.5736421,0.65168893,-0.500011,-0.999989,0.52,0.44,1
0.5006613,0.76716673,0.5215902,0.9784098,0.43666667,0.42,1
0.46758738,0.70574474,0.5115045,-0.9884955,0.39666668,0.43666667,0
0.08582064,0.33133563,-0.51739687,-0.98260313,0.026666667,0.43,1
0.8059634,0.4258845,0.50934196,-0.99065804,0.7366667,0.42666668,0
0.9746457,0.9372982,-0.6788811,-0.8211189,0.47666666,0.81,0
0.54206526,0.08653633,0.5211383,0.9788617,0.44,0.47666666,1
0.6693741,0.66512597,-0.50684124,-0.99315876,0.61,0.51,1
0.7888562,0.7917512,0.65530384,0.84469616,0.42666668,0.71,0
0.1525439,0.67233604,0.51731277,-0.98268723,0.12,0.36,1
0.1573647,0.2121718,0.5928132,0.9071868,0.22666667,0.23,0
0.25065908,0.22019583,0.512672,0.987328,0.23666666,0.23,0
0.5980105,0.84543455,-0.5050394,0.9949606,0.42666668,0.5466667,0
0.19810547,0.47416133,-0.52316904,0.97683096,0.42666668,0.13,0
0.08991613,0.91451216,0.5008056,0.9991944,0.43666667,0.016666668,1
0.8235098,0.7196143,-0.50112647,0.99887353,0.43,0.76,0
0.19737116,0.21777003,0.6791726,0.8208274,0.24666667,0.2,0
0.4730042,0.8522514,0.5000129,0.9999871,0.42333335,0.39,0
0.10576939,0.82472825,0.5537972,-0.9462028,0.27,0.17666666,1
0.64682865,0.923638,0.53899324,0.96100676,0.42666668,0.57,0
0.21807007,0.5161143,-0.5002841,0.9997159,0.42666668,0.15,0
0.35886815,0.34461057,0.50750417,-0.99249583,0.29,0.44,0
0.2392213,0.8999955,0.5000694,-0.9999306,0.36666667,0.19666667,1
0.32492667,0.23886123,-0.5241575,0.9758425,0.42666668,0.26666668,0
0.73782235,0.6497757,0.50751734,0.99248266,0.42666668,0.6666667,0
0.73634017,0.42677686,0.8581845,0.6418155,0.43666667,0.6,1
0.49838987,0.600326,0.51794654,-0.98205346,0.41666666,0.43666667,0
0.8070435,0.59676576,0.50326645,-0.99673355,0.7266667,0.44,0
0.7769965,0.10641201,-0.5069154,-0.9930846,0.71,0.43,0
0.12465574,0.65543485,-0.8603312,-0.6396688,0.13,0.42666668,1
0.55065733,0.02522918,-0.5008056,0.9991944,0.48666668,0.43,1
0.6747616,0.77937764,-0.5002479,0.9997521,0.43,0.6166667,0
0.8968737,0.32016844,-0.5167464,0.9832536,0.47666666,0.7266667,1
0.16723116,0.32038543,-0.7363632,-0.7636368,0.11666667,0.44,1
0.22003564,0.056057114,-0.5178179,0.9821821,0.21666667,0.41,0
0.5210588,0.9707122,0.52330256,-0.97669744,0.44,0.44,0
0.5508801,0.5994278,0.77555716,-0.72444284,0.46,0.43666667,0
0.73385215,0.1321563,0.5040408,-0.9959592,0.6566667,0.43666667,0
0.028406857,0.6172458,-0.5002255,0.9997745,0.42666668,0.016666668,0
0.9291659,0.47100294,-0.50256306,0.99743694,0.44,0.85,1
0.16114862,0.18493693,0.6791726,0.8208274,0.20666666,0.24,0
0.4192981,0.787736,0.93278646,-0.56721354,0.31,0.33666667,0
0.48098522,0.22879568,0.8820679,-0.6179321,0.34666666,0.43,0
0.41099444,0.74270666,0.88104844,0.61895156,0.43,0.28666666,0
0.2952613,0.92813,0.53078526,-0.96921474,0.38666666,0.22666667,1
0.072196454,0.23686884,0.5059156,0.9940844,0.27,0.22,0
0.68450123,0.820507,-0.5170289,0.9829711,0.43,0.62,0
0.88564295,0.33999398,0.50014836,-0.99985164,0.81666666,0.43,0
0.58271956,0.34717935,0.52196765,-0.97803235,0.51666665,0.43666667,1
0.95217776,0.6206701,0.5004381,-0.9995619,0.77666664,0.44,0
0.74539846,0.054220624,0.50018305,0.99981695,0.63,0.45666668,1
0.88108295,0.30605114,-0.5007817,-0.9992183,0.82,0.44,1
0.05883306,0.90685743,-0.92613584,0.57386416,0.42666668,0.16,0
0.770387,0.50255126,-0.5199303,0.9800697,0.43666667,0.71666664,1
0.2314164,0.34142983,0.5549422,0.9450578,0.34666666,0.15,0
0.8841394,0.8832801,-0.7096902,-0.7903098,0.5566667,0.73,0
0.781239,0.83622366,-0.5004543,-0.9995457,0.57666665,0.67,0
0.7631184,0.4177179,-0.5116801,0.9883199,0.45,0.70666665,1
0.9748099,0.78130674,0.52317315,0.97682685,0.42666668,0.85,0
0.40574542,0.055293027,0.5006407,0.9993593,0.34666666,0.39666668,0
0.96831,0.24720189,0.52347344,0.97652656,0.49666667,0.6566667,1
0.27892396,0.35273758,-0.52701455,0.97298545,0.42666668,0.22666667,0
0.42100567,0.12375185,-0.627366,0.872634,0.43,0.35666665,0
0.57438457,0.5263645,-0.5004543,-0.9995457,0.50666666,0.44,0
0.5359067,0.9621615,0.81279236,0.68720764,0.43,0.42666668,0
0.83587164,0.5956489,-0.5200169,-0.9799831,0.76666665,0.42666668,0
0.3045792,0.20330934,-0.9209126,-0.5790874,0.36,0.42666668,1
0.9120663,0.62171763,-0.5001917,-0.9998083,0.79,0.43666667,0
0.609382,0.40459028,-0.66445965,0.83554035,0.44,0.5566667,1
0.78454274,0.17123458,0.63427335,-0.86572665,0.71,0.42666668,0
0.32694146,0.9356859,0.527028,-0.972972,0.39666668,0.25666666,1
0.045313947,0.8210041,-0.52459806,0.97540194,0.43,0.016666668,0
0.5736835,0.69836944,-0.5030264,-0.9969736,0.51,0.44,1
0.8137048,0.93172896,-0.5010881,0.9989119,0.44,0.76,1
0.3274812,0.8763686,-0.5075303,-0.9924697,0.33666667,0.43666667,1
0.12194778,0.72238666,-0.7145351,0.7854649,0.43,0.06666667,0
0.23882082,0.33435997,0.5069252,-0.9930748,0.16,0.44,0
0.5777375,0.4240488,0.5010192,-0.9989808,0.50666666,0.43666667,0
0.16072388,0.11225913,-0.5135666,0.9864334,0.25666666,0.35,0
0.45763335,0.29904264,-0.5018338,-0.9981662,0.39666668,0.43,1
0.06287635,0.80008537,0.51731277,-0.98268723,0.25,0.23,1
0.90358853,0.8849186,0.5308334,-0.9691666,0.51666665,0.6666667,0
0.84695613,0.4334405,0.5253711,-0.9746289,0.77666664,0.43,0
0.36392215,0.172649,0.500038,0.999962,0.34666666,0.29666665,0
0.06384586,0.50168115,-0.504712,0.995288,0.42666668,0.016666668,0
0.045446444,0.513335,-0.5001441,-0.9998559,0.016666668,0.42666668,1
0.3165946,0.7173957,-0.52353114,0.97646886,0.43,0.26,0
0.5757055,0.881568,-0.5174994,0.9825006,0.42666668,0.51666665,0
0.22559376,0.07033021,0.503302,0.996698,0.16666667,0.39666668,0
0.21587151,0.8388961,0.7477914,-0.7522086,0.25,0.19666667,1
0.60085297,0.46901134,0.5012455,-0.9987545,0.52666664,0.42666668,0
0.27846253,0.5193778,-0.80934626,-0.69065374,0.25666666,0.43,1
0.15463404,0.835,-0.42164603,0.5,0.42333335,0.10333333,0
0.4809855,0.9308114,0.51203626,-0.98796374,0.41666666,0.41666666,1
0.42207378,0.1880074,0.5003896,-0.9996104,0.34,0.43,0
0.97065014,0.31846273,0.52506405,-0.97493595,0.85,0.43,0
0.49453595,0.47836712,0.5242813,-0.9757187,0.41666666,0.42666668,0
0.70706373,0.838544,0.5199944,-0.9800056,0.58,0.43,0
0.45466843,0.77017814,-0.54862225,0.95137775,0.43,0.38666666,0
0.88649875,0.58470196,0.5024516,0.9975484,0.44,0.82,1
0.5802357,0.1524133,-0.5261188,0.9738812,0.49,0.53,1
0.9487245,0.5806079,0.57455915,0.92544085,0.43666667,0.85,1
0.8381325,0.5664263,0.5005212,-0.9994788,0.77,0.43,0
0.88996196,0.85017717,0.67506063,0.82493937,0.43666667,0.82,1
0.6823723,0.84129465,0.5069154,-0.9930846,0.5566667,0.43,0
0.94286704,0.9236585,-0.7363632,-0.7636368,0.48666668,0.79,0
0.73042196,0.46747714,0.50109154,0.99890846,0.42666668,0.6566667,0
0.6951435,0.1635913,-0.5002575,-0.9997425,0.64,0.44,1
0.7474818,0.3952839,0.52488583,0.97511417,0.44,0.68,1
0.28835163,0.25391093,-0.6108362,-0.8891638,0.22666667,0.44,1
0.5608409,0.43356565,0.5031167,-0.9968833,0.49666667,0.42666668,1
0.7192499,0.9132351,-0.5054786,-0.9945214,0.49,0.64,0
0.67926353,0.87607634,0.51985055,-0.98014945,0.53,0.43,0
0.7889013,0.1121558,-0.95777416,0.54222584,0.7,0.57666665,1
0.621207,0.4098429,-0.50041336,0.99958664,0.43,0.55333334,0
0.6987428,0.70742995,0.5003485,0.9996515,0.43666667,0.62666667,1
0.35185048,0.77857125,0.83571905,-0.66428095,0.27,0.30666667,0
0.5199122,0.4804124,0.5051402,0.9948598,0.43666667,0.43666667,1
0.29596737,0.53233135,0.5006331,0.9993669,0.43,0.23,0
0.02671694,0.3310681,-0.5178179,0.9821821,0.43666667,0.13,1
0.6505777,0.6370055,0.50003546,-0.99996454,0.57666665,0.43666667,0
0.47455984,0.81692076,0.5008548,0.9991452,0.44,0.4,1
0.16910811,0.15689911,0.5064976,-0.9935024,0.096666664,0.42666668,0
0.8331871,0.5239851,-0.5298061,0.9701939,0.43666667,0.77666664,1
0.4261575,0.07258723,-0.51798415,0.98201585,0.43666667,0.37666667,1
0.36830634,0.6813931,-0.50202596,-0.99797404,0.30666667,0.43,1
0.43901622,0.95711374,-0.5042508,0.9957492,0.42666668,0.38666666,0
0.42919877,0.2030042,-0.51884925,0.98115075,0.44,0.36,1
0.63415694,0.79220635,-0.51097316,-0.98902684,0.58,0.52,1
0.96835345,0.44357243,0.51440454,-0.98559546,0.85,0.44,0
0.6289746,0.73911476,-0.5286864,0.9713136,0.42666668,0.57666665,0
0.2990775,0.12848894,-0.5007059,0.9992941,0.39666668,0.33,0
0.43182454,0.39954513,-0.51769716,0.98230284,0.44,0.38,1
0.28847846,0.8504999,0.50252825,-0.99747175,0.31666666,0.25666666,1
0.77962106,0.12670106,-0.7652515,-0.7347485,0.72,0.42666668,1
0.5379908,0.44224235,-0.50436693,0.99563307,0.44,0.47666666,1
0.64949286,0.27896887,-0.5119006,-0.9880994,0.58666664,0.43,1
0.8832214,0.9401318,0.5230616,0.9769384,0.42666668,0.81666666,0
0.2032782,0.4853334,-0.8347108,0.6652892,0.44,0.19666667,1
0.13139032,0.8008363,-0.5059363,-0.9940637,0.26,0.35666665,1
0.5136056,0.96999305,-0.50000834,-0.99999166,0.43666667,0.44666666,0
0.811438,0.60640544,0.5005212,-0.9994788,0.73,0.43,0
0.7441412,0.5228306,-0.52020115,-0.97979885,0.68666667,0.43666667,1
0.23034906,0.88174,-0.50092846,-0.99907154,0.34,0.31666666,1
0.22303745,0.43323085,-0.88104844,0.61895156,0.43,0.23666666,0
0.5550235,0.52774304,0.5004145,0.9995855,0.43666667,0.48666668,1
0.4017708,0.6014677,0.52196765,-0.97803235,0.33666667,0.43666667,1
0.19356471,0.6397412,0.5080815,0.9919185,0.43666667,0.11666667,1
0.64069706,0.19659397,-0.51137877,0.98862123,0.53,0.59,1
0.3086474,0.7604042,-0.51814,-0.98186,0.25666666,0.42666668,1
0.75788665,0.49511087,-0.5309307,-0.9690693,0.70666665,0.43666667,1
0.21987481,0.58129746,0.5014046,0.9985954,0.43,0.15,0
0.6336834,0.87688345,0.5093288,-0.9906712,0.54,0.43,0
0.92685604,0.18052113,-0.5116801,0.9883199,0.69,0.58666664,1
0.5349949,0.96530074,-0.62496537,0.87503463,0.43666667,0.48,1
0.5356413,0.13911104,-0.50010324,-0.99989676,0.46666667,0.42666668,0
0.040627662,0.6898567,0.8007053,-0.6992947,0.036666665,0.43,1
0.60424125,0.2624769,0.50790006,0.99209994,0.42666668,0.5366667,0
0.11780296,0.49168587,-0.5020201,-0.9979799,0.06666667,0.43666667,1
0.60155845,0.36629084,-0.5045667,0.9954333,0.43,0.55,0
0.87721634,0.11976506,-0.5218568,-0.9781432,0.82,0.43,1
0.34381852,0.63352007,-0.5021835,0.9978165,0.44,0.28,1
0.6242649,0.1615164,0.5557901,-0.9442099,0.55,0.43666667,0
0.8228213,0.41774705,-0.52203983,0.97796017,0.43,0.75666666,0
0.572921,0.53811735,-0.5010391,0.9989609,0.44,0.51666665,1
0.09820887,0.8827364,-0.50260484,-0.99739516,0.34,0.18666667,1
0.30210167,0.6909225,-0.52995205,-0.97004795,0.23666666,0.42666668,1
0.5051013,0.9077411,-0.5149216,0.9850784,0.43333334,0.43666667,1
0.20641173,0.44153196,-0.5118726,0.9881274,0.43666667,0.14,1
0.5476474,0.88966906,0.5136162,0.9863838,0.44,0.48,1
0.42521322,0.74539465,-0.5001835,0.9998165,0.44,0.36,1
0.61089575,0.87558764,0.53899324,0.96100676,0.43666667,0.54,1
0.8192591,0.6034107,0.502485,-0.997515,0.74,0.43,0
0.21720795,0.3741476,0.8275142,0.6724858,0.44,0.12666667,1
0.6174937,0.9068771,0.5017937,-0.9982063,0.5,0.43,0
0.3339036,0.587811,-0.52674025,0.97325975,0.43,0.27,0
0.12788309,0.50330645,-0.50197285,0.99802715,0.42666668,0.07,0
0.5950374,0.55587846,-0.50684124,-0.99315876,0.54,0.44,1
0.75583386,0.4748191,-0.51607466,-0.98392534,0.69,0.43666667,1
0.30112985,0.043250464,-0.989443,0.510557,0.37,0.40666667,0
0.9073204,0.21749999,0.50253737,-0.99746263,0.82666665,0.42666668,0
0.44312638,0.52092046,-0.5051558,0.9948442,0.44,0.38,1
0.0472418,0.19353132,0.50383914,-0.99616086,0.016666668,0.43666667,1
0.59502304,0.45825866,0.51298004,0.98701996,0.43666667,0.52666664,1
0.15107247,0.91109747,0.5184461,0.9815539,0.43666667,0.086666666,1
0.9590353,0.21902215,-0.5253711,-0.9746289,0.85,0.43,0
0.6615958,0.12704235,-0.52914256,-0.97085744,0.61,0.43,1
0.039594863,0.22111265,-0.7363632,-0.7636368,0.016666668,0.43,1
0.102493934,0.39576173,-0.518614,-0.981386,0.046666667,0.42666668,1
0.66508454,0.35076684,0.5055945,-0.9944055,0.58666664,0.43666667,0
0.6423584,0.43959707,0.5022433,0.9977567,0.42666668,0.56666666,0
0.97076213,0.9695191,0.7224109,-0.7775891,0.44666666,0.84,0
0.04657153,0.38451606,0.52285075,-0.97714925,0.016666668,0.43666667,1
0.5804903,0.19948678,-0.5007974,0.9992026,0.46,0.53,1
0.040026087,0.76956683,0.50000006,0.99999994,0.42666668,0.016666668,0
0.6312807,0.64604896,0.5041908,-0.9958092,0.56666666,0.42666668,1
0.70235044,0.64439183,-0.5007285,0.9992715,0.42666668,0.63666666,0
0.23213796,0.92203844,0.5031167,-0.9968833,0.38666666,0.17666666,1
0.42880562,0.46756673,0.50194025,-0.99805975,0.35,0.42666668,0
0.22716843,0.8060947,-0.50003225,0.99996775,0.44,0.16,1
0.30868465,0.5866733,-0.5014379,0.9985621,0.44,0.24666667,1
0.6144763,0.26586953,-0.5004684,0.9995316,0.47,0.55,1
0.28189126,0.8854076,-0.50022525,-0.99977475,0.35,0.36666667,1
0.5424687,0.33487993,-0.5009107,0.9990893,0.43,0.49,0
0.9057744,0.03519224,-0.5004529,-0.9995471,0.84,0.43666667,1
0.086338945,0.942906,-0.50001204,-0.99998796,0.4,0.07,1
0.97137374,0.21537669,0.5206191,-0.9793809,0.85,0.42666668,0
0.30394036,0.41905302,0.5108536,-0.9891464,0.23,0.43,0
0.8652041,0.81115836,0.52278644,0.97721356,0.42666668,0.7966667,0
0.6015232,0.45533043,0.5197719,0.9802281,0.43666667,0.52666664,1
0.34498382,0.40301466,-0.5042906,0.9957094,0.44,0.29,1
0.906356,0.33111054,0.5093961,0.9906039,0.43,0.7366667,0
0.0784175,0.19218126,0.5074717,0.9925283,0.19666667,0.27,0
0.022079358,0.37721178,0.5040754,0.9959246,0.42666668,0.09,0
0.4354769,0.5785362,0.50212336,-0.99787664,0.35666665,0.43666667,0
0.7192701,0.48782843,0.5000669,0.9999331,0.42666668,0.64,0
0.6611457,0.76327735,-0.51305026,0.98694974,0.43,0.6066667,0
0.97721344,0.42270875,-0.51902854,-0.98097146,0.85,0.43,0
0.43604004,0.55427796,0.61351997,-0.88648003,0.36,0.42666668,0
0.68506104,0.5663842,0.5041908,-0.9958092,0.6066667,0.42666668,0
0.19483729,0.3644177,-0.5003193,0.9996807,0.43666667,0.13666667,1
0.7618204,0.27889314,0.522316,0.977684,0.44,0.68,1
0.8444705,0.4196135,0.5065621,0.9934379,0.44,0.78,1
0.6111152,0.69001377,-0.5216137,-0.9783863,0.56,0.47,1
0.5144656,0.2758247,-0.50248986,0.99751014,0.43,0.45,0
0.6346793,0.69446224,-0.5076937,0.9923063,0.42666668,0.56666666,0
0.62641656,0.1398339,-0.5044205,0.9955795,0.53,0.54,1
0.026916254,0.9214505,-0.54529023,-0.95470977,0.38,0.06666667,1
0.49215755,0.13262725,0.5001989,-0.9998011,0.41,0.44,0
0.71592695,0.19706719,-0.5045667,0.9954333,0.6,0.6,1
0.6209272,0.92982394,-0.50256306,0.99743694,0.44,0.57,1
0.509888,0.06282339,-0.5030861,-0.9969139,0.44666666,0.43666667,1
0.4443771,0.66085297,0.7459828,-0.7540172,0.36333334,0.42666668,0
0.7335779,0.801666,0.5179022,-0.9820978,0.61,0.43,0
0.56060237,0.6098162,0.507403,0.992597,0.43666667,0.49666667,1
0.9815092,0.33761504,-0.50326645,-0.99673355,0.85,0.44,0
0.5345488,0.1462923,0.5001593,0.9998407,0.42666668,0.45333335,0
0.6587815,0.38495663,-0.5006671,0.9993329,0.47,0.6066667,1
0.8126488,0.44621485,0.80257875,-0.69742125,0.71,0.42666668,0
0.52733696,0.57887435,0.5012455,-0.9987545,0.45666668,0.43666667,0
0.9159076,0.76487076,0.5205033,-0.9794967,0.64666665,0.48,0
0.18750452,0.95185256,-0.50010556,0.99989444,0.43,0.12,0
0.20561239,0.8279948,0.5007059,0.9992941,0.43666667,0.13666667,1
0.06632704,0.24225928,0.5000129,0.9999871,0.27333334,0.22,0
0.08723646,0.75060743,-0.52231157,0.97768843,0.43,0.026666667,0
0.120230414,0.071644135,-0.5010355,0.9989645,0.14,0.38,0
0.19988425,0.76903224,-0.5007974,0.9992026,0.43,0.14,0
0.33098185,0.40841645,-0.52231157,0.97768843,0.44,0.27666667,1
0.4632797,0.10100466,-0.83571905,-0.66428095,0.45,0.42666668,1
0.6579334,0.2999422,0.5009648,-0.9990352,0.58666664,0.43666667,0
0.28278425,0.5204654,0.52680165,0.97319835,0.44,0.21,1
0.55802435,0.108633064,0.57455915,0.92544085,0.42666668,0.49,0
0.79191047,0.348996,0.52410465,0.97589535,0.43,0.71,0
0.89995426,0.94815034,0.5271501,-0.9728499,0.45666668,0.76666665,0
0.39208755,0.47231904,-0.7096902,-0.7903098,0.33666667,0.43,1
0.47579637,0.39625743,0.5269468,0.9730532,0.42666668,0.41,0
0.34229317,0.87950534,-0.5166259,-0.9833741,0.33666667,0.43666667,1
0.3062614,0.28777403,0.50197065,-0.99802935,0.23,0.44,0
0.8805828,0.33918574,0.5047706,-0.9952294,0.81,0.43666667,0
0.8889235,0.81956005,-0.500159,0.999841,0.44,0.83,1
0.97943497,0.76066315,-0.5030861,-0.9969139,0.64666665,0.5566667,0
0.057055708,0.32863826,0.5151745,-0.9848255,0.016666668,0.42666668,1
0.592902,0.60238343,0.5006483,0.9993517,0.43666667,0.52666664,1
0.071914345,0.38022745,-0.50067097,-0.99932903,0.016666668,0.42666668,1
0.31180394,0.29739487,-0.51462954,-0.98537046,0.26,0.44,1
0.72446865,0.54476345,0.50934196,-0.99065804,0.6566667,0.42666668,0
0.7245687,0.62204856,0.501631,-0.998369,0.64666665,0.43,0
0.33891153,0.4031637,0.5186407,-0.9813593,0.26,0.43,0
0.54438865,0.45712805,0.50143194,0.99856806,0.43666667,0.46666667,1
0.3810639,0.97117704,-0.5169356,-0.9830644,0.43,0.32666665,1
0.26499274,0.3074768,0.5165098,-0.9834902,0.19666667,0.43666667,0
0.6435669,0.17697047,-0.50095224,0.99904776,0.53,0.58,1
0.9360238,0.17473423,0.5007285,0.9992715,0.6166667,0.58666664,1
0.8220902,0.9105501,0.5209307,0.9790693,0.43666667,0.75666666,1
0.6993545,0.6509536,0.50005,-0.99995,0.62,0.44,0
0.6323171,0.32706538,0.63427335,-0.86572665,0.55,0.42666668,0
0.8929494,0.7926337,0.5033707,-0.9966293,0.6166667,0.52,0
0.78570426,0.42477775,-0.5001033,-0.9998967,0.7266667,0.43,1
0.55852926,0.20365568,-0.5200169,-0.9799831,0.50666666,0.42666668,1
0.7704673,0.8923254,-0.5008655,-0.9991345,0.51666665,0.68,0
0.895884,0.7075298,-0.5159636,-0.9840364,0.69666666,0.52666664,0
0.6429028,0.68653244,-0.723488,-0.776512,0.57666665,0.48,1
0.93896073,0.055116538,0.5033929,0.9966071,0.81666666,0.46666667,1
0.2566815,0.9440447,0.51794654,-0.98205346,0.40666667,0.18666667,1
0.7633331,0.5062753,-0.7287714,0.7712286,0.43666667,0.7,1
0.12150087,0.23211452,0.5067811,-0.9932189,0.046666667,0.43666667,0
0.8922834,0.51257664,0.5001479,0.9998521,0.43,0.82,0
0.09381702,0.5755897,0.88104844,0.61895156,0.44,0.016666668,1
0.50651467,0.54275894,-0.62816745,0.87183255,0.44,0.44666666,1
0.49707058,0.56344485,-0.51462954,-0.98537046,0.43,0.43,0
0.7898952,0.5015132,-0.5012191,-0.9987809,0.7266667,0.43666667,1
0.83932227,0.638576,-0.8581845,0.6418155,0.42666668,0.79,0
0.37971723,0.47310567,0.5557901,-0.9442099,0.3,0.42666668,0
0.4486393,0.7463369,0.5093359,-0.9906641,0.37666667,0.42666668,0
0.17860565,0.6580252,-0.5075303,-0.9924697,0.11666667,0.43666667,1
0.12106512,0.72772306,0.5141336,0.9858664,0.43666667,0.046666667,1
0.6550491,0.65946573,0.5289341,-0.9710659,0.58,0.42666668,0
0.45806196,0.82989866,0.5006231,0.9993769,0.44,0.39,1
0.399291,0.38573235,0.5118571,0.9881429,0.43666667,0.32666665,1
0.12893584,0.8099643,-0.5044998,0.9955002,0.43,0.06,0
0.39736912,0.9170413,0.5258268,0.9741732,0.43666667,0.31666666,1
0.8615832,0.7380962,-0.507139,0.992861,0.43,0.81,0
0.5017694,0.4339802,0.5003798,-0.9996202,0.42,0.43666667,0
0.38295564,0.23292586,-0.53767246,-0.96232754,0.31666666,0.44,1
0.21241316,0.5922243,-0.5009389,-0.9990611,0.14666666,0.43666667,1
0.54069024,0.3674961,0.5049709,-0.9950291,0.46666667,0.42666668,0
0.13718477,0.17391896,-0.5178179,0.9821821,0.33666667,0.29,0
0.81848115,0.08228207,0.51305026,0.98694974,0.64,0.49666667,1
0.7500753,0.5291478,-0.52357435,0.97642565,0.42666668,0.68666667,0
0.880996,0.7436287,-0.5061452,0.9938548,0.43,0.82,0
0.30529898,0.88676846,-0.50601566,-0.99398434,0.34666666,0.39666668,1
0.6426521,0.49504545,0.50231403,0.99768597,0.42666668,0.56666666,0
0.4953716,0.33324128,0.5293931,0.9706069,0.42666668,0.41666666,0
0.04788297,0.8875821,-0.50017214,-0.99982786,0.34,0.13,1
0.38729927,0.89024407,-0.514103,-0.985897,0.35666665,0.42666668,1
0.33223805,0.23753886,-0.93278646,-0.56721354,0.38,0.42666668,1
0.9001825,0.24772528,0.5041908,-0.9958092,0.82666665,0.42666668,0
0.771917,0.3188707,0.5289614,-0.9710386,0.70666665,0.42666668,1
0.53526586,0.92829686,0.5309067,0.9690933,0.44,0.47,1
0.35641873,0.71106327,-0.50436693,0.99563307,0.43,0.28666666,0
0.83375573,0.8131985,-0.5061452,0.9938548,0.44,0.77,1
0.92820543,0.24756603,0.50934196,-0.99065804,0.85,0.42666668,0
0.37954536,0.048279233,-0.51401514,-0.98598486,0.31666666,0.43,1
0.36467236,0.4217396,-0.52320176,-0.97679824,0.3,0.44,1
0.026644338,0.1521426,0.50415766,0.99584234,0.17,0.31,0
0.55212104,0.7848526,0.5004529,-0.9995471,0.47666666,0.42666668,0
0.9223032,0.56464326,0.5019888,0.9980112,0.43,0.84,0
0.84237635,0.55598617,0.5022356,-0.9977644,0.76,0.43,0
0.4639335,0.31096843,0.5324936,-0.9675064,0.39,0.43666667,0
0.43820044,0.7515456,0.5004153,-0.9995847,0.35666665,0.42666668,0
0.400725,0.383833,0.5294719,0.9705281,0.42666668,0.32,0
0.46698323,0.5368788,-0.71105266,-0.78894734,0.40666667,0.43,1
0.29504707,0.71096694,-0.50203097,-0.99796903,0.24,0.42666668,1
0.4083163,0.57844204,-0.50705683,-0.99294317,0.35,0.44,1
0.2337116,0.40200686,-0.5118726,0.9881274,0.43666667,0.18,1
0.09598635,0.6387774,-0.50004643,0.99995357,0.42666668,0.026666667,0
0.87301004,0.75484455,0.5006407,0.9993593,0.42666668,0.7966667,0
0.67440206,0.85751384,-0.50053424,-0.99946576,0.56,0.57,0
0.86351156,0.27460822,-0.51669365,0.98330635,0.5966667,0.68666667,1
0.5050313,0.044355705,-0.52316904,0.97683096,0.44666666,0.45,1
0.052415688,0.8777069,0.52231157,0.97768843,0.44,0.016666668,1
0.40485007,0.43423155,-0.78016704,0.71983296,0.43,0.36666667,0
0.37147617,0.051395684,-0.5143249,0.9856751,0.36666667,0.39666668,0
0.50066906,0.5803035,0.5598256,0.9401744,0.42666668,0.43,0
0.63880795,0.5143954,0.5255892,0.9744108,0.42666668,0.5566667,0
0.6023793,0.042062845,-0.5007414,-0.9992586,0.54,0.43,1
0.901836,0.35543573,-0.50031126,-0.99968874,0.85,0.43,1
0.6658385,0.7187482,0.5285672,-0.9714328,0.5966667,0.44,0
0.7623345,0.5339518,-0.50473696,0.99526304,0.42666668,0.69666666,0
0.35035712,0.33433852,-0.50001544,-0.99998456,0.3,0.43,1
0.9200262,0.11495259,0.5289614,-0.9710386,0.83666664,0.43666667,0
0.5144674,0.4993354,-0.659839,-0.840161,0.44666666,0.43,0
0.1417112,0.6386836,0.5081393,-0.9918607,0.09,0.41,1
0.6221475,0.9057741,0.50742054,-0.99257946,0.51,0.43,0
0.511793,0.8799063,0.51050186,0.98949814,0.44,0.43,1
0.33365262,0.9132975,-0.5090285,-0.9909715,0.36666667,0.37666667,1
0.7452948,0.53648424,-0.5167464,0.9832536,0.43666667,0.68666667,1
0.7836308,0.8551257,-0.5236314,0.9763686,0.43,0.72,0
0.73194546,0.75241226,0.50030553,0.99969447,0.42666668,0.6566667,0
0.4895313,0.8088425,-0.52238494,0.97761506,0.42666668,0.43666667,0
0.5403137,0.74074423,-0.5273846,0.9726154,0.42666668,0.48666668,0
0.65435624,0.14799453,0.50065637,0.99934363,0.43,0.56,0
0.5701879,0.04765105,0.5201077,-0.9798923,0.49,0.43,0
0.65820307,0.6245757,-0.51623225,0.98376775,0.43666667,0.5966667,1
0.36857277,0.5573921,0.50194025,-0.99805975,0.3,0.43666667,0
0.187186,0.18725935,0.5010363,0.9989637,0.17666666,0.28,0
0.4815879,0.485,0.49978203,-0.5,0.40333334,0.42333335,0
0.1415238,0.12928781,0.5111737,0.9888263,0.11666667,0.33,0
0.6667702,0.080099136,-0.5044205,0.9955795,0.59,0.48,1
0.88637614,0.44207025,-0.51224136,0.98775864,0.44,0.81666666,1
0.29811722,0.8851215,0.51794654,-0.98205346,0.34666666,0.24666667,1
0.054126702,0.6408572,-0.50200194,0.99799806,0.42666668,0.016666668,0
0.28761235,0.0859408,0.50320387,-0.99679613,0.21666667,0.43666667,0
0.24988542,0.04340294,0.5067811,-0.9932189,0.17666666,0.42666668,0
0.7526382,0.123440124,-0.5300703,-0.9699297,0.7,0.44,1
0.4245539,0.588257,-0.5261287,0.9738713,0.44,0.35666665,1
0.9382382,0.30575588,0.7287714,0.7712286,0.43666667,0.8,1
0.80366665,0.49045137,-0.52192074,-0.97807926,0.74666667,0.44,1
0.14750601,0.40026104,0.5257861,0.9742139,0.43,0.08,0
0.48926312,0.8424362,-0.5033929,0.9966071,0.42666668,0.43666667,0
0.6125093,0.6815955,-0.75348204,-0.74651796,0.5566667,0.46,1
0.24997495,0.82209873,0.51871634,-0.98128366,0.28666666,0.21666667,1
0.9052899,0.19318704,-0.5284136,-0.9715864,0.84,0.44,1
0.4983154,0.47768217,0.6514517,-0.8485483,0.43,0.43666667,0
0.9289276,0.8034367,0.52192074,-0.97807926,0.6066667,0.56,0
0.4115222,0.041798595,-0.51314753,-0.98685247,0.35666665,0.42666668,1
0.66501725,0.3593233,-0.5003867,-0.9996133,0.5966667,0.42666668,0
0.23766477,0.47809732,0.5056852,0.9943148,0.44,0.16,1
0.44214007,0.5342037,-0.7363632,-0.7636368,0.37666667,0.44,1
0.4839789,0.42391,-0.7145351,0.7854649,0.43,0.42666668,0
0.76235825,0.921186,-0.51169413,-0.98830587,0.48,0.69,0
0.42567775,0.9741043,-0.5065934,-0.9934066,0.42666668,0.36666667,1
0.07812448,0.6783003,-0.50213397,-0.99786603,0.14,0.43666667,1
0.90119416,0.46370122,0.50013924,0.99986076,0.44,0.82,1
0.31572583,0.9214399,0.5081575,-0.9918425,0.38666666,0.25666666,1
0.22920471,0.34786582,-0.50691986,0.99308014,0.42666668,0.17666666,0
0.64854485,0.40750816,0.5197696,-0.9802304,0.57666665,0.42666668,0
0.30672103,0.6091598,-0.5007974,0.9992026,0.43,0.24,0
0.6235288,0.2069419,-0.50095224,0.99904776,0.5,0.57,1
0.32991537,0.7723203,0.51160145,-0.98839855,0.25333333,0.31666666,0
0.36775178,0.5188654,-0.50705683,-0.99294317,0.31,0.44,1
0.35185602,0.211352,-0.5112006,-0.9887994,0.29666665,0.43,1
0.06971874,0.25767127,-0.515859,0.984141,0.42,0.19,0
0.94740605,0.8223407,-0.5112292,-0.9887708,0.57666665,0.68666667,0
0.32449526,0.77754533,-0.5141153,0.9858847,0.43,0.25666666,0
0.8014911,0.5894247,-0.5002479,0.9997521,0.44,0.74666667,1
0.7947623,0.37318626,0.522654,0.977346,0.44,0.72,1
0.018238405,0.57984304,0.5141336,0.9858664,0.42666668,0.016666668,0
0.4695885,0.63521427,-0.50636905,-0.99363095,0.41,0.44,1
0.70829195,0.6221561,-0.51595175,0.98404825,0.43666667,0.64666665,1
0.49929434,0.89292353,-0.5076937,0.9923063,0.42666668,0.44666666,0
0.7836041,0.33651412,-0.5520264,0.9479736,0.52,0.71666664,1
0.33032164,0.41517368,-0.530142,-0.969858,0.27,0.43,1
0.86648077,0.25055242,-0.5152549,0.9847451,0.62,0.6666667,1
0.876335,0.35545313,0.50225157,-0.99774843,0.7966667,0.43,0
0.52319956,0.8588377,-0.5251353,0.9748647,0.42666668,0.45666668,0
0.2501383,0.65364844,0.5292979,0.9707021,0.43666667,0.17,1
0.27908304,0.7407686,0.50009644,0.99990356,0.43666667,0.20666666,1
0.1874031,0.38728833,0.5008548,0.9991452,0.39,0.11,0
0.82937485,0.49873924,0.5301206,-0.9698794,0.75666666,0.43,0
0.88440657,0.6642477,-0.5200169,-0.9799831,0.75666666,0.45666668,0
0.18957826,0.447838,-0.511881,0.988119,0.43666667,0.12666667,1
0.802989,0.83204424,0.64381516,0.85618484,0.43666667,0.73,1
0.3316568,0.6104974,0.5095113,0.9904887,0.44,0.25,1
0.49886152,0.9199079,0.50014836,-0.99985164,0.41666666,0.43,0
0.834323,0.041291818,0.5057325,-0.9942675,0.76666665,0.42666668,0
0.045110475,0.8115984,0.5176718,-0.9823282,0.27,0.22,1
0.94559324,0.9612914,-0.77740985,-0.72259015,0.45666668,0.83,0
0.1988627,0.064855196,0.5001475,0.9998525,0.14666666,0.39,0
0.08333195,0.74580026,-0.8007053,-0.6992947,0.11666667,0.43,1
0.42829984,0.15180711,-0.52316904,0.97683096,0.43666667,0.36,1
0.52912474,0.21909297,-0.52020115,-0.97979885,0.47666666,0.42666668,1
0.8602932,0.34663182,0.50934196,-0.99065804,0.7966667,0.42666668,1
0.7477826,0.6899212,-0.8581845,0.6418155,0.42666668,0.71,0
0.8645845,0.046122197,0.52203983,0.97796017,0.75,0.45666668,1
0.69025207,0.3684381,-0.50000733,0.99999267,0.51,0.62666667,1
0.25650653,0.75583726,-0.5153504,0.9846496,0.43,0.2,0
0.7654248,0.24877399,0.5243661,-0.9756339,0.69666666,0.42666668,0
0.43974704,0.6800855,-0.5008909,0.9991091,0.44,0.37666667,1
0.08187239,0.29640847,0.52473897,0.97526103,0.38,0.16,0
0.7386153,0.24309155,0.5032929,-0.9967071,0.6666667,0.42666668,0
0.6373278,0.97099453,0.9607204,-0.5392796,0.43,0.50666666,0
0.8426764,0.07142711,0.52347344,0.97652656,0.6766667,0.47666666,1
0.032556813,0.79624945,0.5092237,-0.9907763,0.25,0.25,1
0.55291945,0.64611566,0.5598256,0.9401744,0.43666667,0.48,1
0.044531632,0.103898026,0.56357956,0.93642044,0.096666664,0.36,0
0.60811114,0.8062134,0.56357956,0.93642044,0.42666668,0.53,0
0.53480554,0.4644392,-0.5003072,0.9996928,0.44,0.48,1
0.24770586,0.6018528,-0.518614,-0.981386,0.19666667,0.43666667,1
0.6064589,0.53115034,0.5293062,0.9706938,0.43666667,0.52666664,1
0.18563555,0.48902926,-0.5184461,0.9815539,0.42666668,0.12666667,0
0.40238705,0.5867288,0.5001137,-0.9998863,0.33666667,0.42666668,1
0.818051,0.9150892,-0.5126755,0.9873245,0.44,0.75,1
0.6987295,0.8085079,-0.82245994,0.67754006,0.42666668,0.66,0
0.8047543,0.63756007,0.5014426,0.9985574,0.43666667,0.7366667,1
0.93406236,0.93759567,0.50751734,0.99248266,0.43666667,0.85,1
0.9012075,0.62314236,-0.5209506,0.9790494,0.44,0.85,1
0.4904249,0.5483683,0.5057325,-0.9942675,0.41666666,0.43666667,0
0.6727879,0.70812786,0.5284136,-0.9715864,0.5966667,0.43,0
0.42611703,0.5134409,-0.5084799,-0.9915201,0.36,0.44,1
0.7030643,0.21339288,0.5000083,0.9999917,0.44,0.62,1
0.41913483,0.9099606,-0.51825434,-0.98174566,0.36666667,0.42666668,1
0.48263177,0.9016255,0.52855855,0.97144145,0.43,0.4,0
0.57109976,0.30659452,-0.5316995,-0.9683005,0.50666666,0.43666667,1
0.341985,0.39337796,-0.5040638,0.9959362,0.44,0.28,1
0.5449142,0.61544675,0.5005291,0.9994709,0.43666667,0.46666667,1
0.81718916,0.6304933,-0.51448154,0.98551846,0.44,0.75,1
0.3624515,0.18483622,-0.627366,0.872634,0.44,0.30666667,1
0.7358559,0.96540487,0.56357956,0.93642044,0.43666667,0.66,1
0.3318295,0.17652419,-0.50023854,0.99976146,0.43666667,0.28666666,1
0.43305558,0.3087401,0.989443,0.510557,0.43,0.28666666,0
0.1325916,0.8817476,-0.5164681,-0.9835319,0.35,0.23,1
0.59570456,0.1326197,-0.5229062,0.9770938,0.51,0.53,1
0.43984866,0.14747767,0.5000026,-0.9999974,0.36,0.43666667,0
0.08783193,0.13877727,-0.50289893,0.99710107,0.21,0.32,0
0.5373191,0.027846418,0.5000479,0.9999521,0.47,0.42666668,1
0.0864921,0.5186323,-0.5144287,-0.9855713,0.036666665,0.42666668,1
0.41394174,0.937885,-0.51587325,-0.98412675,0.39666668,0.42666668,1
0.043967515,0.18957794,0.52680165,0.97319835,0.24,0.27,0
0.4435329,0.04174364,-0.5308334,-0.9691666,0.38666666,0.43666667,1
0.41665968,0.23255855,0.51504123,-0.98495877,0.34,0.43,0
0.92936176,0.44319904,0.5247919,-0.9752081,0.85,0.43,0
0.6586152,0.7558881,-0.5050394,0.9949606,0.43666667,0.5966667,1
0.45253354,0.61793447,0.515526,-0.984474,0.37666667,0.42666668,0
0.24431436,0.97232,-0.8581845,0.6418155,0.42666668,0.27,0
0.15232372,0.51732075,0.50197065,-0.99802935,0.08,0.43,0
0.7064571,0.7995477,-0.5078141,-0.9921859,0.6166667,0.59,0
0.66557765,0.669945,0.50014836,-0.99985164,0.58666664,0.44,0
0.6355488,0.6233264,-0.5177943,-0.9822057,0.57666665,0.47,1
0.47596535,0.076776624,-0.5184461,0.9815539,0.42666668,0.40666667,0
0.5220978,0.6155999,-0.7534691,-0.7465309,0.46666667,0.43,1
0.84924835,0.9766721,-0.5007498,-0.9992502,0.42666668,0.78,0
0.81584895,0.47451568,-0.5007285,0.9992715,0.43666667,0.74666667,1
0.03545058,0.5738035,0.5143249,0.9856751,0.43666667,0.016666668,1
0.45459664,0.93472636,-0.51437384,-0.98562616,0.39666668,0.42666668,1
0.81752825,0.6453724,-0.5049162,0.9950838,0.43,0.75,0
0.9682372,0.66758996,-0.50021905,0.99978095,0.44,0.85,1
0.6002194,0.7516026,-0.5251353,0.9748647,0.43666667,0.5466667,1
0.7112543,0.048841923,0.5537972,-0.9462028,0.63,0.43666667,0
0.7411132,0.49382246,0.5088776,0.9911224,0.43666667,0.66,1
0.18415429,0.9430402,0.52316904,0.97683096,0.42666668,0.11666667,0
0.96156764,0.6176009,0.50021905,0.99978095,0.43,0.85,0
0.44925204,0.52824306,-0.50120753,0.99879247,0.44,0.39,1
0.675957,0.31796435,-0.5009681,-0.9990319,0.6166667,0.42666668,1
0.43730372,0.3000002,0.5013624,0.9986376,0.43666667,0.36666667,1
0.42079803,0.47771686,-0.50053424,-0.99946576,0.36,0.43,1
0.43914142,0.36353713,0.5000911,0.9999089,0.42666668,0.36666667,0
0.60216606,0.2985614,0.92613584,0.57386416,0.42666668,0.46,0
0.05219685,0.39050803,0.5144287,-0.9855713,0.016666668,0.43666667,1
0.5671405,0.9528506,0.53003544,-0.96996456,0.44333333,0.45,0
0.7355414,0.32963797,0.500159,0.999841,0.43,0.67,0
0.8309131,0.35743645,-0.51876336,0.98123664,0.46666667,0.76666665,1
0.23525028,0.5517457,-0.5006263,0.9993737,0.43,0.18,0
0.29023743,0.0802999,0.5013624,0.9986376,0.23666666,0.38666666,0
0.4733129,0.2642007,0.50683254,0.99316746,0.43666667,0.4,1
0.9145248,0.90046066,0.5140564,0.9859436,0.43666667,0.83666664,1
0.35430947,0.2532111,0.504439,0.995561,0.35666665,0.28666666,0
0.9098185,0.3055657,0.50225157,-0.99774843,0.82666665,0.44,0
0.6630707,0.72916996,-0.503665,-0.996335,0.61,0.52,1
0.6279101,0.70438534,-0.5076937,0.9923063,0.43666667,0.57666665,1
0.2186242,0.850032,0.504712,0.995288,0.43666667,0.13666667,1
0.89550745,0.9405169,0.5150639,-0.9849361,0.46666667,0.76666665,0
0.11093495,0.30073613,0.5075303,-0.9924697,0.036666665,0.43666667,0
0.12362686,0.96779084,0.5041726,0.9958274,0.43,0.046666667,0
0.7700978,0.25498903,-0.51301336,0.98698664,0.62,0.6666667,1
0.5619654,0.08901804,-0.5205033,-0.9794967,0.49666667,0.43,1
0.27086115,0.3075395,-0.5208131,-0.9791869,0.22,0.43,1
0.98519206,0.2951618,-0.77555716,-0.72444284,0.85,0.43666667,0
0.52919364,0.31785777,0.50194025,-0.99805975,0.46,0.43666667,0
0.92895085,0.7550904,0.7345716,0.7654284,0.42666668,0.85,0
0.66299784,0.66292626,-0.6108362,-0.8891638,0.6066667,0.5,1
0.2776675,0.46371007,0.50750417,-0.99249583,0.21,0.44,0
0.27707702,0.75555485,-0.5065934,-0.9934066,0.22666667,0.42666668,1
0.69725806,0.1954087,0.5242813,-0.9757187,0.62666667,0.43666667,0
0.03228525,0.11101067,-0.5001206,0.9998794,0.1,0.36,0
0.1262793,0.44149408,0.5014046,0.9985954,0.43,0.05,0
0.9166046,0.057933223,-0.95777416,0.54222584,0.8,0.47666666,1
0.8948718,0.77756584,-0.50021905,0.99978095,0.43,0.84,0
0.53784454,0.051917035,-0.50018305,-0.99981695,0.47666666,0.43666667,1
0.09061402,0.69781756,0.50004303,-0.99995697,0.16,0.35666665,1
0.85756093,0.42220762,-0.5183222,0.9816778,0.43666667,0.8066667,1
0.33167905,0.87462974,-0.5006671,0.9993329,0.44,0.27666667,1
0.42945307,0.100396685,-0.5051061,0.9948939,0.42666668,0.36,0
0.76017183,0.10759402,0.5242813,-0.9757187,0.6766667,0.42666668,0
0.2172302,0.59219944,-0.5042906,0.9957094,0.43,0.16,0
0.4311956,0.59659547,0.5549422,0.9450578,0.43666667,0.36,1
0.9358667,0.46102855,-0.50256306,0.99743694,0.43,0.85,0
0.038161773,0.2117333,-0.50316155,-0.99683845,0.016666668,0.42666668,1
0.2803655,0.54347694,0.51050186,0.98949814,0.44,0.21,1
0.5899404,0.46106514,0.5026198,-0.9973802,0.50666666,0.42666668,0
0.81739664,0.04288905,-0.5261287,0.9738713,0.76,0.45666668,1
0.62367344,0.9265482,0.5014398,-0.9985602,0.48,0.47,0
0.1070291,0.6177958,0.50001496,-0.99998504,0.07,0.42666668,1
0.5439474,0.84853464,0.5253224,0.9746776,0.43,0.48,0
0.616266,0.13215752,-0.5010743,0.9989257,0.51,0.54,1
0.43697244,0.34307763,0.5064321,0.9935679,0.42666668,0.36666667,0
0.5946053,0.7158028,0.5244904,0.9755096,0.42666668,0.52,0
0.6057028,0.5334149,0.5168719,-0.9831281,0.5366667,0.42666668,0
0.051174343,0.72216475,0.78016704,0.71983296,0.43,0.016666668,0
0.9668503,0.12711227,-0.51669365,0.98330635,0.74666667,0.5366667,1
0.10733762,0.49508443,0.53011113,0.96988887,0.42666668,0.026666667,0
0.2045294,0.2681517,-0.5034501,-0.9965499,0.13666667,0.43,0
0.18274915,0.73032427,-0.5044998,0.9955002,0.43,0.12,0
0.24425022,0.11454806,0.5144287,-0.9855713,0.16666667,0.43666667,0
0.5901067,0.28580058,-0.50990593,-0.99009407,0.52666664,0.43,1
0.1587603,0.6849202,0.8347108,0.6652892,0.44,0.07666667,1
0.91929454,0.9185262,0.506815,0.993185,0.43666667,0.84,1
0.2575495,0.60039866,-0.5261188,0.9738812,0.43,0.19,0
0.30027512,0.2369026,-0.50065464,-0.99934536,0.24,0.43,1
0.4867241,0.9430522,0.5028157,0.9971843,0.43666667,0.41,1
0.67161596,0.58630043,0.5041908,-0.9958092,0.6066667,0.42666668,1
0.8432661,0.88730305,-0.7581381,-0.7418619,0.5566667,0.73,0
0.17424932,0.43405926,0.5309067,0.9690933,0.43,0.1,0
0.12590058,0.88685536,0.51032966,0.98967034,0.42666668,0.05666667,0
0.28686935,0.6058287,-0.51769716,0.98230284,0.43,0.23,0
0.8495224,0.123241365,0.5197696,-0.9802304,0.76666665,0.43666667,0
0.54979664,0.4932622,0.51352096,-0.98647904,0.46666667,0.42666668,0
0.8716961,0.33000374,-0.5113399,-0.9886601,0.81,0.44,1
0.571781,0.7761564,0.5549422,0.9450578,0.42666668,0.49,0
0.10823599,0.5369214,-0.51974744,-0.98025256,0.05,0.43666667,1
0.5680645,0.19602388,-0.50248986,0.99751014,0.45,0.51,1
0.15851724,0.43032622,-0.5067918,0.9932082,0.42666668,0.096666664,0
0.11796457,0.27571896,-0.5002106,0.9997894,0.42666668,0.19,0
0.22806056,0.48749977,0.50400573,-0.99599427,0.15,0.43,0
0.6578209,0.36592427,-0.65209,0.84791,0.45,0.5966667,1
0.4835643,0.32676697,-0.50000626,-0.99999374,0.42666668,0.44,1
0.47958854,0.2856415,0.50078905,0.99921095,0.43666667,0.40666667,1
0.27564886,0.61191887,-0.50383914,-0.99616086,0.22,0.43666667,1
0.031059464,0.035,0.43171299,-0.5,0.016666668,0.42333335,1
0.3757416,0.6381102,-0.50120753,0.99879247,0.43,0.32,0
0.8384577,0.4661019,-0.5003444,-0.9996556,0.77666664,0.44,1
0.72860825,0.09410932,0.5003798,-0.9996202,0.66,0.43666667,0
0.24326484,0.3789066,0.50000054,-0.99999946,0.17,0.44,0
0.052439205,0.16194643,0.50191456,0.99808544,0.15666667,0.29,0
0.48833382,0.62431663,0.50026757,-0.99973243,0.41666666,0.43666667,0
0.025629362,0.12727319,0.5253224,0.9746776,0.13,0.34,0
0.4925251,0.9028466,-0.5076937,0.9923063,0.43666667,0.43666667,1
0.32711872,0.16953193,0.51371676,0.98628324,0.29666665,0.28666666,0
0.15301305,0.036731,-0.5309067,0.9690933,0.12,0.43,0
0.8017737,0.20548241,-0.50031126,-0.99968874,0.74,0.44,1
0.16508436,0.6288034,-0.52285075,-0.97714925,0.1,0.42666668,1
0.35691255,0.54254293,-0.52886987,0.97113013,0.43,0.3,0
0.30961925,0.32274327,-0.51032966,0.98967034,0.43666667,0.24,1
0.56611234,0.45131075,-0.5080022,-0.9919978,0.50666666,0.44,1
0.83995116,0.44318682,0.5253711,-0.9746289,0.76666665,0.44,0
0.2280122,0.55660313,-0.78016704,0.71983296,0.44,0.19666667,1
0.51111555,0.8459439,0.5011535,0.9988465,0.44,0.43,1
0.5371812,0.41072762,-0.53060794,0.96939206,0.43,0.47,0
0.60321206,0.3269424,-0.50271815,-0.99728185,0.5466667,0.43666667,1
0.49014425,0.9062584,0.5081324,0.9918676,0.43,0.41,0
0.89552927,0.5262987,-0.5249247,-0.9750753,0.84,0.44,1
0.3516731,0.08543053,0.50683254,0.99316746,0.29666665,0.38,0
0.79671305,0.570962,-0.501508,-0.998492,0.7366667,0.44,1
0.7516665,0.15470265,-0.88104844,0.61895156,0.64,0.64666665,1
0.63800997,0.7035798,0.51203626,-0.98796374,0.56666666,0.42666668,0
0.5120477,0.32889432,-0.52886987,0.97113013,0.43,0.46,0
0.3823631,0.41251367,0.64381516,0.85618484,0.42666668,0.3,0
0.6004648,0.7384352,-0.517794,0.982206,0.42666668,0.5366667,0
0.6241103,0.556269,-0.5452553,0.9547447,0.44,0.56666666,1
0.7851682,0.97525626,0.51575714,-0.98424286,0.43666667,0.70666665,0
0.20549189,0.43463212,0.51050186,0.98949814,0.43,0.14,0
0.3214242,0.14358556,0.5004409,0.9995591,0.29666665,0.30666667,0
0.80086786,0.59272975,-0.50990593,-0.99009407,0.7366667,0.44,1
0.1022752,0.6919087,0.5092693,0.9907307,0.42666668,0.036666665,0
0.18379551,0.62201023,0.50586665,-0.99413335,0.12,0.38666666,1
0.04643566,0.10516539,0.5549422,0.9450578,0.096666664,0.36,0
0.20268889,0.84374493,0.80257875,-0.69742125,0.26,0.19666667,1
0.22282237,0.49816775,-0.50309026,0.99690974,0.42666668,0.16,0
0.5682874,0.8144174,0.50225157,-0.99774843,0.49666667,0.43,0
0.09584188,0.076270886,-0.6494489,-0.8505511,0.036666665,0.44,1
0.23960394,0.94679445,0.5067918,0.9932082,0.42666668,0.16666667,0
0.21058041,0.06974407,0.5000376,0.9999624,0.15666667,0.39,0
0.90154135,0.5276206,0.50021905,0.99978095,0.44,0.83,1
0.08885894,0.8227576,0.5184461,0.9815539,0.42666668,0.016666668,0
0.5630779,0.25207955,-0.52124214,0.97875786,0.44,0.5,1
0.594735,0.79467684,-0.5235439,0.9764561,0.44,0.52666664,1
0.05298267,0.36815083,0.5166259,-0.9833741,0.016666668,0.43666667,1
0.5470314,0.51743805,-0.64765453,-0.85234547,0.49666667,0.44,1
0.70293045,0.74997544,-0.7534691,-0.7465309,0.64666665,0.55,1
0.41119716,0.45841935,-0.5044205,0.9955795,0.43,0.36,0
0.36562583,0.45506066,-0.5229062,0.9770938,0.44,0.3,1
0.5818665,0.525,0.58904594,0.5,0.42333335,0.48333332,0
0.9264792,0.65383506,0.71200377,-0.78799623,0.84,0.43666667,0
0.9408722,0.6916045,-0.51854765,-0.98145235,0.7266667,0.44,0
0.20634183,0.56291056,0.50001204,-0.99998796,0.14,0.43,1
0.24675642,0.77677244,-0.50591415,0.99408585,0.44,0.19,1
0.21188366,0.74332196,0.627366,0.872634,0.44,0.14666666,1
0.040378287,0.61724854,-0.5000173,0.9999827,0.43666667,0.016666668,1
0.8513441,0.5930235,0.5069154,-0.9930846,0.7866667,0.44,1
0.4733157,0.92310846,0.5028157,0.9971843,0.43666667,0.39,1
0.58379304,0.2232679,-0.50492764,-0.99507236,0.52666664,0.43,1
0.8893791,0.37148264,0.5088335,-0.9911665,0.82,0.43,0
0.045277342,0.94963473,-0.51769716,0.98230284,0.44,0.016666668,1
0.14999066,0.7658107,0.5557901,-0.9442099,0.21,0.23666666,1
0.27920926,0.37654698,0.5268141,-0.9731859,0.21,0.42666668,0
0.5141402,0.9583578,0.50006485,0.99993515,0.43,0.44,0
0.95834285,0.16720869,0.50029564,0.99970436,0.6566667,0.56666666,1
0.53877217,0.48891425,-0.50600386,-0.99399614,0.47666666,0.44,1
0.2298915,0.29055724,-0.50081944,-0.99918056,0.17333333,0.44,1
0.57090205,0.67383194,-0.51277304,-0.98722696,0.5133333,0.44,1
0.22638075,0.84417367,0.5037048,-0.9962952,0.3,0.19666667,1
0.46081835,0.4116902,0.50119513,-0.99880487,0.38,0.43666667,0
0.5519828,0.6851854,-0.5001841,-0.9998159,0.49,0.43,1
0.23074694,0.27422446,-0.5141336,0.9858664,0.43666667,0.18666667,1
0.3717108,0.4507136,0.5003786,0.9996214,0.42666668,0.29,0
0.30436656,0.12927286,0.5230616,0.9769384,0.25666666,0.32666665,0
0.95756793,0.02725533,0.9607204,-0.5392796,0.7,0.43666667,0
0.26089522,0.42150185,-0.7534691,-0.7465309,0.20666666,0.43,1
0.15639493,0.105945475,-0.50000775,-0.99999225,0.09,0.44,1
0.40459043,0.74617547,-0.92613584,0.57386416,0.42666668,0.44,0
0.074122615,0.6301662,-0.50058436,-0.99941564,0.1,0.43666667,1
0.047290634,0.590554,-0.5021709,0.9978291,0.43666667,0.016666668,1
0.86220646,0.6518154,0.50045544,-0.99954456,0.74666667,0.44,0
0.9422016,0.6768952,-0.5001796,0.9998204,0.44,0.85,1
0.6085532,0.57574165,-0.50684124,-0.99315876,0.54,0.44,0
0.22591196,0.46431708,0.51050186,0.98949814,0.44,0.15,1
0.10918594,0.8128401,-0.5105616,0.9894384,0.44,0.046666667,1
0.6145145,0.30430004,0.92613584,0.57386416,0.43666667,0.47,1
0.19202843,0.52367413,0.50260484,-0.99739516,0.12,0.42666668,0
0.39068562,0.78085,-0.5229992,0.9770008,0.43666667,0.33666667,1
0.43892583,0.5905583,-0.7581381,-0.7418619,0.37666667,0.43,1
0.37261677,0.27259737,0.5006483,0.9993517,0.38666666,0.29666665,0
0.84384453,0.8876067,-0.50834703,0.99165297,0.44,0.79,1
0.8908234,0.040869538,-0.5000765,0.9999235,0.82,0.44666666,1
0.44386768,0.59427655,-0.50522786,-0.99477214,0.39,0.44,1
0.11975666,0.8889366,-0.5007974,0.9992026,0.43,0.06,0
0.12469358,0.68878824,0.5222132,0.9777868,0.43666667,0.046666667,1
0.9205286,0.917746,0.50751734,0.99248266,0.43666667,0.85,1
0.8376068,0.695808,0.5113399,-0.9886601,0.70666665,0.43,0
0.6771369,0.565546,0.50768924,0.99231076,0.43666667,0.5966667,1
0.9641826,0.84202325,0.5150639,-0.9849361,0.56666666,0.6666667,0
0.24375807,0.98708797,-0.8549946,0.6450054,0.42666668,0.26,0
0.41315448,0.9682325,-0.51974744,-0.98025256,0.43,0.37666667,1
0.30108026,0.033305794,0.7534691,-0.7465309,0.22666667,0.43,0
0.9612375,0.97384185,0.723488,-0.776512,0.42666668,0.85,0
0.58427525,0.63617027,0.5294719,0.9705281,0.42666668,0.52,0
0.696603,0.8411062,0.51345724,-0.98654276,0.57,0.44,0
0.9047805,0.9473097,-0.5080022,-0.9919978,0.46666667,0.82,0
0.37480456,0.22355029,0.5004409,0.9995591,0.37666667,0.30666667,0
0.39177755,0.22671978,0.5285682,-0.9714318,0.32,0.42666668,0
0.14653906,0.16301063,-0.530142,-0.969858,0.09,0.43,1
0.92438376,0.6825092,0.51456034,0.98543966,0.43666667,0.85,1
0.5657307,0.25983694,-0.71200377,-0.78799623,0.51,0.43666667,1
0.1621958,0.3728111,-0.5141336,0.9858664,0.43666667,0.10666667,1
0.45067298,0.7164091,0.52567285,-0.97432715,0.37666667,0.42666668,0
0.40112475,0.88406885,0.5001303,0.9998697,0.42666668,0.32,0
0.8951518,0.10559132,0.5067782,0.9932218,0.68666667,0.50666666,1
0.7917589,0.95593315,0.5003444,-0.9996556,0.44666666,0.69,0
0.72696453,0.23769857,0.5000098,0.9999902,0.43,0.64,0
0.46607205,0.35998183,0.50067157,0.99932843,0.42666668,0.39,0
0.15355226,0.506409,0.504134,-0.995866,0.09,0.43,1
0.12387961,0.5071719,-0.50468653,0.99531347,0.42666668,0.06,0
0.7396181,0.74282825,-0.50984675,0.99015325,0.43,0.67,0
0.5759247,0.27858242,-0.5014512,0.9985488,0.43,0.52,0
0.5018478,0.6746109,0.56180507,0.93819493,0.42666668,0.42,0
0.9085068,0.36543262,-0.50031126,-0.99968874,0.84,0.44,0
0.44480836,0.46552613,0.5005291,0.9994709,0.42666668,0.37666667,0
0.895874,0.57778186,0.5005234,0.9994766,0.43,0.82,0
0.9450254,0.19952957,-0.5253711,-0.9746289,0.85,0.43,0
0.6682208,0.26450065,-0.5003072,0.9996928,0.52,0.6,1
0.42716336,0.89530134,-0.51437384,-0.98562616,0.37666667,0.42666668,1
0.04442888,0.27237943,-0.51739687,-0.98260313,0.016666668,0.43,1
0.42987874,0.38276678,-0.5008655,-0.9991345,0.36666667,0.43,1
0.64690435,0.55912685,-0.53195244,0.96804756,0.43,0.58666664,0
0.63869435,0.46403226,0.5092529,-0.9907471,0.5566667,0.42666668,0
0.57743365,0.29805058,0.5014426,0.9985574,0.43666667,0.49666667,1
0.23960394,0.31114122,-0.5067918,0.9932082,0.42666668,0.17666666,0
0.9410155,0.6653938,-0.5007005,-0.9992995,0.7366667,0.44,0
0.14199452,0.15165341,-0.6625102,-0.8374898,0.086666666,0.43,1
0.19763792,0.16164227,0.5166259,-0.9833741,0.11666667,0.42666668,0
0.8942493,0.29709893,0.50934196,-0.99065804,0.82666665,0.43666667,0
0.78587127,0.8834897,0.5000911,0.9999089,0.42666668,0.70666665,0
0.2564087,0.81503916,-0.92613584,0.57386416,0.42666668,0.32,0
0.9265998,0.30030066,-0.50742054,-0.99257946,0.85,0.44,0
0.60565364,0.41679886,-0.65209,0.84791,0.43,0.5566667,0
0.8325691,0.4523169,-0.9209126,-0.5790874,0.79,0.43666667,1
0.7505164,0.9227428,-0.7434383,0.7565617,0.43666667,0.69,1
0.8585949,0.9432104,-0.50684124,-0.99315876,0.47,0.79,0
0.28802335,0.3093244,-0.5051061,0.9948939,0.43666667,0.23,1
0.77328956,0.2310667,0.5197696,-0.9802304,0.69666666,0.42666668,0
0.22124311,0.5530536,0.50016946,0.99983054,0.43666667,0.14,1
0.58744746,0.95972866,-0.5007274,-0.9992726,0.45,0.52,0
0.12961544,0.5365597,0.5040754,0.9959246,0.42666668,0.05666667,0
0.18480581,0.37308723,-0.50029653,-0.99970347,0.13,0.44,1
0.48953202,0.048392814,0.50002474,0.99997526,0.43,0.41,0
0.48333117,0.6323833,0.5093245,-0.9906755,0.40666667,0.43666667,0
0.2517379,0.6809892,0.5002906,0.9997094,0.43666667,0.18,1
0.84546995,0.42535916,0.5004131,0.9995869,0.43,0.77,0
0.6822891,0.24683884,-0.5045667,0.9954333,0.55,0.63,1
0.5309746,0.67225534,-0.77740985,-0.72259015,0.47666666,0.43,1
0.7129309,0.050099026,-0.7459828,-0.7540172,0.65,0.43666667,1
0.97730196,0.043981086,-0.698525,0.801475,0.83,0.44666666,1
0.32359076,0.63258713,0.5189616,0.9810384,0.43,0.26,0
0.4027868,0.66635936,-0.5198999,0.9801001,0.43,0.34666666,0
0.41073114,0.67379403,0.5010192,-0.9989808,0.33666667,0.42666668,0
0.2531968,0.90343195,0.515526,-0.984474,0.36666667,0.19666667,1
0.66488457,0.78714186,0.5598256,0.9401744,0.42666668,0.59,0
0.7684871,0.79067355,-0.7224109,-0.7775891,0.6766667,0.61,0
0.2998058,0.6005003,-0.50316155,-0.99683845,0.23,0.43666667,0
0.5583739,0.14757517,0.51109695,0.98890305,0.44,0.49,1
0.38175014,0.27103654,-0.5298269,-0.9701731,0.31666666,0.44,1
0.46482953,0.49551025,0.5005291,0.9994709,0.43666667,0.38666666,1
0.78162706,0.58169544,0.52506405,-0.97493595,0.71666664,0.44,1
0.34142235,0.65953207,0.5080923,0.9919077,0.44,0.27,1
0.28867292,0.75645447,-0.52353114,0.97646886,0.43,0.22,0
0.1928611,0.531808,-0.52563053,-0.97436947,0.12666667,0.42666668,1
0.65373725,0.112570986,-0.52567303,-0.97432697,0.6,0.44,1
0.20128335,0.14409551,-0.50032246,-0.99967754,0.15,0.44,1
0.5609103,0.9268514,-0.50063753,-0.99936247,0.49,0.48,0
0.60972947,0.07339404,0.5000083,0.9999917,0.46,0.48,1
0.13955145,0.59966797,-0.50101805,0.99898195,0.42666668,0.08,0
0.9421901,0.18917485,0.51595175,0.98404825,0.57666665,0.6066667,1
0.22135296,0.56999475,0.5186407,-0.9813593,0.15,0.44,0
0.77064246,0.2857244,0.5000442,0.9999558,0.43,0.7,0
0.4434693,0.46820605,-0.50079435,-0.99920565,0.39,0.43,1
0.22769733,0.3,-0.47978777,-0.5,0.17333333,0.43333334,1
0.036172844,0.7300276,-0.5025423,0.9974577,0.44,0.016666668,1
0.68577176,0.82576674,0.50009394,-0.99990606,0.58,0.43,0
0.28890914,0.47835582,-0.50355726,0.99644274,0.44,0.22,1
0.24735603,0.82356995,-0.50320387,-0.99679613,0.29,0.43666667,1
0.49796006,0.26756728,-0.5231163,0.9768837,0.43,0.43,0
0.40068465,0.09876212,-0.52343625,-0.97656375,0.33666667,0.43,1
0.6888935,0.28628626,-0.51575714,-0.98424286,0.63666666,0.42666668,1
0.59851485,0.35263538,-0.50436693,0.99563307,0.43,0.5466667,0
0.41578564,0.66098034,0.50252825,-0.99747175,0.34666666,0.42666668,0
0.6065991,0.5339129,0.5194161,0.9805839,0.42666668,0.5366667,0
0.72060186,0.038769115,0.5557901,-0.9442099,0.64,0.42666668,0
0.27123427,0.39030668,0.5045156,-0.9954844,0.19,0.44,0
0.4703833,0.8567784,0.51044905,0.98955095,0.42666668,0.4,0
0.22757365,0.059851706,-0.50161076,-0.99838924,0.16,0.44,0
0.5546966,0.9368182,0.5008548,0.9991452,0.44,0.48,1
0.3342534,0.4264262,-0.71105266,-0.78894734,0.28666666,0.43,1
0.7811339,0.2549414,0.50829893,0.99170107,0.44,0.67,1
0.8325449,0.44381347,-0.5033707,-0.9966293,0.76666665,0.43,1
0.24189076,0.23801544,-0.5210855,-0.9789145,0.18,0.44,1
0.49758855,0.6202088,-0.5024042,-0.9975958,0.44,0.44,1
0.7743316,0.86241364,0.50429994,0.99570006,0.43666667,0.69666666,1
0.28667015,0.61497813,-0.50248986,0.99751014,0.43,0.23,0
0.83886504,0.20044985,0.50037146,-0.99962854,0.75666666,0.42666668,0
0.4691812,0.9286652,-0.51138496,-0.98861504,0.41666666,0.43666667,1
0.66671485,0.8982198,0.50438976,-0.99561024,0.51,0.46,0
0.050607964,0.8469411,0.52435404,0.97564596,0.43,0.016666668,0
0.9182487,0.7956649,-0.50271815,-0.99728185,0.6166667,0.6666667,0
0.44133618,0.5056894,-0.50676763,-0.99323237,0.38,0.43,1
0.7798969,0.023498347,-0.5051558,0.9948442,0.72,0.44,1
0.5551031,0.05678679,0.50750417,-0.99249583,0.48,0.43,0
0.14000587,0.6640826,-0.50320387,-0.99679613,0.13,0.43666667,1
0.7844186,0.8240352,-0.5298269,-0.9701731,0.58666664,0.69,0
0.6456612,0.73475635,0.5001475,0.9998525,0.43666667,0.58,1
0.5261436,0.3164104,0.8603312,-0.6396688,0.39666668,0.43666667,0
0.9404101,0.103178784,0.51623225,0.98376775,0.7266667,0.50666666,1
0.37257314,0.7000094,0.5000694,-0.9999306,0.30666667,0.39666668,1
0.42521372,0.05987258,-0.50691986,0.99308014,0.41666666,0.40666667,0
0.36727896,0.95151573,-0.5169356,-0.9830644,0.41,0.34666666,1
0.6431687,0.22094657,0.511488,0.988512,0.43,0.57666665,0
0.6303067,0.6552418,-0.525615,-0.974385,0.57666665,0.48,1
0.75513965,0.79329896,0.5004409,0.9995591,0.42666668,0.6766667,0
0.7702927,0.20172735,-0.65557605,0.84442395,0.64,0.63666666,1
0.48511064,0.06173099,-0.5025423,0.9974577,0.43,0.41666666,0
0.1558876,0.38283697,-0.7581381,-0.7418619,0.096666664,0.43,1
0.9054361,0.7315797,-0.51489604,-0.98510396,0.6766667,0.5566667,0
0.16342069,0.90818864,0.51600355,-0.98399645,0.36,0.10666667,1
0.17503996,0.049009,-0.5043574,-0.9956426,0.12,0.43,1
0.21543649,0.6495957,0.5324936,-0.9675064,0.14,0.34666666,0
0.59958136,0.8389687,-0.5000194,-0.9999806,0.53,0.49,0
0.7312336,0.737182,0.5017937,-0.9982063,0.65,0.44,0
0.50300467,0.103859216,-0.50492764,-0.99507236,0.44666666,0.43,1
0.0895562,0.8339444,-0.5268141,-0.9731859,0.3,0.27666667,1
0.10306077,0.0259461,-0.52082604,0.97917396,0.05,0.44,0
0.39430058,0.5293122,0.57368,0.92632,0.43666667,0.31,1
0.23393191,0.19786644,-0.50053424,-0.99946576,0.18,0.43,1
0.38957742,0.45739305,-0.5297975,0.9702025,0.43,0.33,0
0.86215323,0.19490634,-0.50713813,-0.99286187,0.81,0.43,1
0.9178278,0.7720694,-0.51314753,-0.98685247,0.63666666,0.62666667,0
0.3294357,0.83670545,-0.5024099,0.9975901,0.44,0.27,1
0.724428,0.26378942,0.50286645,-0.99713355,0.64666665,0.42666668,0
0.5814168,0.056668863,-0.50296223,0.99703777,0.51,0.47,1
0.7486364,0.09185947,-0.5096581,-0.9903419,0.69,0.44,1
0.3022505,0.560438,0.50415766,0.99584234,0.44,0.22,1
0.38119194,0.05047193,0.5022433,0.9977567,0.31666666,0.41666666,0
0.35357183,0.8385505,0.5012455,-0.9987545,0.29666665,0.33666667,1
0.5423784,0.7061311,-0.530142,-0.969858,0.49,0.43,1
0.4765984,0.028906802,0.51109695,0.98890305,0.4,0.43,0
0.61162674,0.5085775,0.5093359,-0.9906641,0.5366667,0.42666668,0
0.3722472,0.32481682,0.5001475,0.9998525,0.40666667,0.29,0
0.42622194,0.05965994,0.50091505,0.99908495,0.36666667,0.39666668,0
0.5130065,0.5185275,-0.6788811,-0.8211189,0.44666666,0.44,1
0.76244795,0.6249676,0.7345716,0.7654284,0.43666667,0.68,1
0.4470849,0.68884426,0.7985971,-0.7014029,0.36,0.42666668,0
0.12875162,0.29144862,-0.50130165,-0.99869835,0.06,0.44,0
0.6212149,0.34384614,0.5031167,-0.9968833,0.5466667,0.43666667,0
0.9730452,0.23851474,-0.5253711,-0.9746289,0.85,0.43,0
0.35820055,0.8722208,-0.5064976,-0.9935024,0.32666665,0.42666668,1
0.2733519,0.5697323,0.5309067,0.9690933,0.43,0.2,0
0.664373,0.7119018,0.501631,-0.998369,0.5966667,0.44,0
0.09514455,0.24565461,0.5036574,-0.9963426,0.026666667,0.42666668,0
0.31821823,0.5730279,-0.50029653,-0.99970347,0.25,0.44,0
0.39657024,0.7912279,-0.50383914,-0.99616086,0.34,0.43666667,1
0.3569869,0.27523163,-0.525615,-0.974385,0.30666667,0.43,1
0.22978869,0.5097417,0.5081393,-0.9918607,0.16,0.44,0
0.21966426,0.8557721,-0.5008426,0.9991574,0.44,0.16,1
0.97505873,0.76720077,-0.5014671,0.9985329,0.43,0.85,0
0.60780853,0.20823969,-0.52674025,0.97325975,0.5,0.54,1
0.250298,0.41493922,0.5215902,0.9784098,0.41666666,0.18,0
0.57540476,0.7169738,-0.504542,-0.995458,0.51,0.43,1
0.26492342,0.25476786,0.50028443,-0.99971557,0.18666667,0.43666667,0
0.144089,0.16409715,-0.5178179,0.9821821,0.32666665,0.3,0
0.45136812,0.11199702,0.50601625,0.99398375,0.40666667,0.38666666,0
0.71339273,0.750909,0.50713813,-0.99286187,0.63,0.43,0
0.85894376,0.5583713,0.50742054,-0.99257946,0.78,0.44,0
0.4933535,0.1213376,-0.5041726,0.9958274,0.44,0.43,1
0.38577145,0.5372202,-0.5034501,-0.9965499,0.32666665,0.44,1
0.64682454,0.7505531,0.5387067,0.9612933,0.43,0.57666665,0
0.808307,0.759608,0.53122944,0.96877056,0.42666668,0.7366667,0
0.21483105,0.256054,-0.50522786,-0.99477214,0.15,0.44,1
0.18395539,0.5578236,0.50004303,-0.99995697,0.12,0.43666667,1
0.43727487,0.23208831,0.51241416,-0.98758584,0.37,0.43,0
0.21682803,0.032725506,0.5051402,0.9948598,0.14666666,0.42666668,0
0.72518706,0.13750117,-0.50595146,0.99404854,0.63,0.5366667,1
0.6681058,0.17769729,0.50021905,0.99978095,0.43,0.58,0
0.9215987,0.24949726,-0.50028217,0.99971783,0.6066667,0.64666665,1
0.7257312,0.7549876,0.64381516,0.85618484,0.42666668,0.66,0
0.17456062,0.48306546,0.50016946,0.99983054,0.42666668,0.11,0
0.03145736,0.6046683,0.50028443,-0.99971557,0.07,0.42666668,1
0.28317663,0.7438259,-0.5036574,-0.9963426,0.22666667,0.42666668,1
0.4594072,0.60808975,0.515526,-0.984474,0.38666666,0.43666667,0
0.951591,0.9350163,-0.723488,-0.776512,0.47666666,0.8,0
0.08757432,0.24983704,0.51814,-0.98186,0.016666668,0.42666668,0
0.6255797,0.38999704,-0.50011927,0.99988073,0.44,0.56,1
0.6222754,0.61846805,-0.6108362,-0.8891638,0.5566667,0.45,1
0.19295266,0.89573836,-0.5008426,0.9991574,0.44,0.14,1
0.8593193,0.4157689,0.522316,0.977684,0.44,0.78,1
0.81267524,0.93588656,0.51575714,-0.98424286,0.47666666,0.6666667,0
0.7653705,0.7869684,0.51625144,0.98374856,0.42666668,0.68666667,0
0.09448727,0.5358781,0.5249158,0.9750842,0.42666668,0.026666667,0
0.8671174,0.27734774,0.50253737,-0.99746263,0.7866667,0.42666668,0
0.816029,0.8414697,0.5007414,-0.9992586,0.56666666,0.53,0
0.06787935,0.1403667,-0.52473897,0.97526103,0.22,0.32,0
0.8037337,0.45777917,-0.51517564,0.98482436,0.42666668,0.7366667,0
0.3002687,0.64999574,-0.50000834,-0.99999166,0.23666666,0.42666668,1
0.7431147,0.43159854,-0.5012191,-0.9987809,0.6766667,0.42666668,1
0.62879,0.32959244,-0.5007018,-0.9992982,0.57666665,0.42666668,1
0.47418356,0.39171413,0.50119513,-0.99880487,0.4,0.43666667,0
0.21482877,0.53247774,0.52855855,0.97144145,0.43,0.14,0
0.29808047,0.27768746,-0.51462954,-0.98537046,0.24,0.44,1
0.28480297,0.21499158,-0.52613693,0.97386307,0.43666667,0.24666667,1
0.18241769,0.18861738,0.5111737,0.9888263,0.17666666,0.27,0
0.8454203,0.5491361,-0.52192074,-0.97807926,0.7866667,0.44,1
0.68250054,0.13142632,0.5017188,-0.9982812,0.6166667,0.43,1
0.40158892,0.48151383,-0.5003713,0.9996287,0.44,0.35,1
0.040470637,0.7540488,0.5184461,0.9815539,0.43666667,0.016666668,1
0.43680403,0.734287,0.53078526,-0.96921474,0.36666667,0.42666668,0
0.028491294,0.121669896,0.50130165,-0.99869835,0.016666668,0.43,1
0.54670006,0.10430183,-0.5042906,0.9957094,0.46,0.49,1
0.09691023,0.47843704,0.5000068,-0.9999932,0.016666668,0.43666667,0
0.09534188,0.93924516,-0.6427055,0.8572945,0.43,0.036666665,0
0.15098444,0.45865723,0.5173958,-0.9826042,0.086666666,0.43333334,1
0.5256587,0.8573098,0.5268211,0.9731789,0.43,0.45,0
0.15231419,0.33098415,0.5001206,0.9998794,0.32,0.14,0
0.54862106,0.04457908,0.5003032,-0.9996968,0.48,0.44,0
0.2997956,0.53579736,-0.5105616,0.9894384,0.44,0.24666667,1
0.6304024,0.1624583,0.52672684,0.97327316,0.43,0.56666666,0
0.101751804,0.19077872,0.52563053,-0.97436947,0.036666665,0.43666667,1
0.9314136,0.7873763,-0.52020115,-0.97979885,0.6166667,0.62666667,0
0.4911574,0.18354812,-0.52231157,0.97768843,0.43,0.42666668,0
0.88219696,0.16900481,-0.5936679,0.9063321,0.69,0.5966667,1
0.27778783,0.22473021,-0.52613693,0.97386307,0.42666668,0.23666666,0
0.44591662,0.590017,0.5000694,-0.9999306,0.37666667,0.42666668,0
0.7768244,0.7706416,0.5000027,0.9999973,0.43666667,0.70666665,1
0.5024157,0.44049966,0.5286869,0.9713131,0.42666668,0.43666667,0
0.37413633,0.047862183,-0.83571905,-0.66428095,0.37,0.42666668,1
0.19381669,0.45245025,0.52473897,0.97526103,0.44,0.12,1
0.6728715,0.47962198,-0.52343625,-0.97656375,0.6066667,0.44,1
0.80957144,0.08182466,-0.5010024,0.9989976,0.72,0.49666667,1
0.8232953,0.6410153,-0.501134,-0.998866,0.76666665,0.51666665,1
0.20136052,0.9453915,0.51382107,0.98617893,0.43666667,0.12666667,1
0.93227464,0.6878417,-0.5065621,0.9934379,0.43,0.85,0
0.16046408,0.14730081,0.5010363,0.9989637,0.13666667,0.32,0
0.4197721,0.48385695,-0.50000566,0.99999434,0.44,0.36,1
0.3648062,0.86149997,0.5004153,-0.9995847,0.32666665,0.33666667,1
0.4282354,0.4,-0.43171299,-0.5,0.37333333,0.43333334,1
0.1775784,0.6851963,-0.5005491,-0.9994509,0.14666666,0.43666667,1
0.80355084,0.91792303,0.52169985,0.97830015,0.44,0.7266667,1
0.8933037,0.87586045,0.53122944,0.96877056,0.42666668,0.81666666,0
0.4187492,0.098079056,0.80934626,-0.69065374,0.32666665,0.44,0
0.91585904,0.93916434,0.5007018,-0.9992982,0.46666667,0.7966667,0
0.42385733,0.20733093,0.52745646,-0.97254354,0.35,0.43666667,0
0.90607,0.48378888,0.507227,-0.992773,0.83,0.43,0
0.16900374,0.15951088,0.5065934,-0.9934066,0.096666664,0.42666668,0
0.50001687,0.5251926,0.5076533,0.9923467,0.42666668,0.42666668,0
0.20720637,0.42871165,-0.5051061,0.9948939,0.43666667,0.15,1
0.5624103,0.4907401,0.5230616,0.9769384,0.42666668,0.49666667,0
0.9069984,0.24950042,-0.51876336,0.98123664,0.57666665,0.6566667,1
0.21621983,0.56216854,0.5016849,0.9983151,0.42666668,0.15,0
0.8447468,0.3378117,-0.51876336,0.98123664,0.48666668,0.74666667,1
0.14921589,0.75600916,-0.5231163,0.9768837,0.43,0.09,0
0.33995867,0.29997337,-0.50101805,0.99898195,0.42666668,0.28,0
0.07615493,0.67899716,0.5045156,-0.9954844,0.14,0.41,1
0.62304276,0.39984068,-0.65209,0.84791,0.43,0.5566667,0
0.75398964,0.67098063,0.5197719,0.9802281,0.43666667,0.68666667,1
0.21312997,0.06162547,-0.503665,-0.996335,0.16,0.43,1
0.24235132,0.96639216,-0.5024099,0.9975901,0.43,0.18,0
0.3669513,0.41422004,-0.5210855,-0.9789145,0.3,0.44,0
0.81154644,0.074405506,0.5010192,-0.9989808,0.7366667,0.42666668,0
0.7463799,0.43511492,-0.51603305,0.98396695,0.42666668,0.6766667,0
0.8220475,0.387328,-0.500196,-0.999804,0.77,0.44,1
0.92411757,0.8224246,-0.5011229,0.9988771,0.42666668,0.85,0
0.7713248,0.58763224,0.5014426,0.9985574,0.42666668,0.70666665,0
0.8968737,0.08418758,0.5167464,0.9832536,0.71666664,0.48666668,1
0.85942423,0.17126116,-0.5000404,-0.9999596,0.79,0.44,0
0.1433354,0.63473773,-0.5008056,0.9991944,0.43666667,0.08,1
0.51039773,0.6248412,-0.5007517,-0.9992483,0.45,0.43,1
0.81875867,0.64411265,-0.50018305,0.99981695,0.44,0.75,1
0.37964013,0.77000535,-0.5008909,0.9991091,0.43,0.32666665,0
0.88022494,0.07859531,-0.5010391,0.9989609,0.8,0.47666666,1
0.029472278,0.75995135,0.5025423,0.9974577,0.43,0.016666668,0
0.8989412,0.6410335,-0.5030861,-0.9969139,0.76666665,0.43666667,0
0.20641173,0.9751208,0.5010661,-0.9989339,0.43666667,0.13666667,1
0.4609159,0.24437451,0.52278644,0.97721356,0.42666668,0.39666668,0
0.5869723,0.73148376,-0.5065146,-0.9934854,0.52,0.45,0
0.7084959,0.61357284,-0.50473696,0.99526304,0.42666668,0.6566667,0
0.5336873,0.061587963,-0.5041726,0.9958274,0.46,0.47,1
0.6278932,0.2548002,-0.51398766,0.98601234,0.5,0.56,1
0.94552153,0.09649824,-0.5936679,0.9063321,0.77,0.51666665,1
0.50656635,0.5791393,-0.50087637,0.99912363,0.44,0.43666667,1
0.20364659,0.42391008,-0.500767,0.999233,0.42666668,0.14,0
0.959486,0.43412992,0.5069154,-0.9930846,0.85,0.44,0
0.7154062,0.8717152,0.50045544,-0.99954456,0.52666664,0.48,0
0.6796371,0.84452647,0.51902854,-0.98097146,0.56,0.44,0
0.44329992,0.19440337,0.5178344,0.9821656,0.41666666,0.37666667,0
0.05144473,0.41958123,0.5002999,-0.9997001,0.016666668,0.42666668,1
0.336338,0.09459691,-0.50001204,0.99998796,0.38666666,0.35666665,0
0.059231214,0.23638539,-0.7363632,-0.7636368,0.016666668,0.43,1
0.77823013,0.80930537,0.5013624,0.9986376,0.42666668,0.69666666,0
0.92984504,0.753379,-0.5150639,-0.9849361,0.6566667,0.57666665,0
0.5874685,0.76261866,0.5081605,-0.9918395,0.51666665,0.44,0
0.8287856,0.93,-0.49475977,0.5,0.43333334,0.76,1
0.16098374,0.6005386,0.51074183,0.98925817,0.42666668,0.086666666,0
0.41323325,0.07918715,-0.50468653,0.99531347,0.43666667,0.39,1
0.14129177,0.4126867,-0.50383914,-0.99616086,0.08,0.43666667,1
0.84558576,0.7187489,-0.51401514,-0.98598486,0.69666666,0.59,0
0.23774187,0.81810206,-0.5136611,0.9863389,0.43,0.17,0
0.8106027,0.19717357,-0.51440454,-0.98559546,0.76,0.43,1
0.4937376,0.13463406,0.52169967,0.97830033,0.42666668,0.41666666,0
0.8071101,0.9649568,-0.500021,0.999979,0.44,0.75,1
0.747869,0.28411886,-0.5038997,0.9961003,0.59,0.68,1
0.24608867,0.4986582,-0.80934626,-0.69065374,0.22666667,0.44,1
0.3079996,0.80433476,-0.5003072,0.9996928,0.44,0.24,1
0.1915333,0.8798911,0.50753427,0.99246573,0.43666667,0.12666667,1
0.19110292,0.5859846,-0.51825434,-0.98174566,0.13666667,0.43666667,1
0.9692841,0.70771384,-0.5005234,0.9994766,0.44,0.85,1
0.41859296,0.64382845,0.51160145,-0.98839855,0.34333333,0.42666668,0
0.7150531,0.8552801,0.50031126,-0.99968874,0.56,0.45,0
0.3703673,0.29501167,-0.5008056,0.9991944,0.43666667,0.32,1
0.0691264,0.30749708,-0.5040754,0.9959246,0.43666667,0.16,1
0.35078046,0.6958751,-0.50380784,0.99619216,0.43,0.3,0
0.30257598,0.20535299,-0.52472216,0.97527784,0.43666667,0.24666667,1
0.54658765,0.70349795,-0.52377355,-0.97622645,0.48,0.43,1
0.6212248,0.7223566,-0.5251353,0.9748647,0.42666668,0.5566667,0
0.5488154,0.049682498,0.500159,0.999841,0.45,0.45,1
0.5218053,0.8586875,-0.500537,0.999463,0.43666667,0.46666667,1
0.48351303,0.7989191,0.5268211,0.9731789,0.43,0.41,0
0.48146394,0.5639601,-0.50032246,-0.99967754,0.43,0.44,1
0.26775667,0.6840949,0.5001303,0.9998697,0.42666668,0.2,0
0.14931148,0.57551974,0.5017771,-0.9982229,0.07,0.44,0
0.3238143,0.26240724,0.507403,0.992597,0.32666665,0.24666667,0
0.6983702,0.067095414,0.5557901,-0.9442099,0.63,0.43666667,0
0.06834102,0.8722064,-0.5105616,0.9894384,0.44,0.016666668,1
0.34576136,0.63892704,-0.51030093,-0.98969907,0.29,0.44,1
0.24534318,0.307005,-0.627366,0.872634,0.44,0.18666667,1
0.44582492,0.37097782,0.5051402,0.9948598,0.42666668,0.36666667,0
0.6534664,0.6578936,-0.50600386,-0.99399614,0.58666664,0.49,0
0.6665154,0.35744518,-0.65209,0.84791,0.46,0.6066667,1
0.77974457,0.48732156,-0.5167464,0.9832536,0.42666668,0.71666664,0
0.7154764,0.3362528,0.5081575,-0.9918425,0.63666666,0.42666668,0
0.63831997,0.16620526,-0.5003444,-0.9996556,0.57666665,0.44,1
0.12080644,0.9238672,0.93278646,-0.56721354,0.35,0.096666664,1
0.5411798,0.11649113,-0.50296223,0.99703777,0.45,0.49,1
0.694782,0.3312335,0.64768004,-0.85231996,0.62,0.42666668,0
0.794558,0.16173954,0.52169174,-0.97830826,0.72,0.42666668,0
0.74397343,0.24572618,0.5000442,0.9999558,0.43,0.66,0
0.42199832,0.9118779,-0.5116801,0.9883199,0.43,0.36666667,0
0.9478451,0.27415127,0.51224136,0.98775864,0.45,0.68666667,1
0.44870928,0.96952444,-0.50240546,-0.99759454,0.43666667,0.38666666,1
0.22932027,0.5486381,0.5024032,-0.9975968,0.15,0.43,0
0.5854763,0.64293164,-0.7224109,-0.7775891,0.52666664,0.44,1
0.1961213,0.11715902,0.5064976,-0.9935024,0.11666667,0.42666668,0
0.03511345,0.51549095,-0.50022525,-0.99977475,0.016666668,0.43666667,1
0.6935289,0.19191384,0.5040408,-0.9959592,0.6166667,0.43666667,0
0.29298812,0.5456917,-0.5105616,0.9894384,0.43,0.23666666,0
0.2520552,0.895324,0.5005326,0.9994674,0.42666668,0.18666667,0
0.42653537,0.245361,0.50750417,-0.99249583,0.35,0.44,0
0.5022588,0.6245299,-0.5229992,0.9770008,0.43666667,0.43666667,1
0.689404,0.58179927,0.5067132,0.9932868,0.43666667,0.6166667,1
0.16111603,0.8400113,0.5021709,0.9978291,0.42666668,0.086666666,0
0.07216242,0.72054267,-0.5165098,-0.9834902,0.17666666,0.43666667,1
0.95578516,0.25633812,-0.5029461,0.9970539,0.54,0.6666667,1
0.093900494,0.69548917,0.51504123,-0.98495877,0.15,0.36,1
0.77028984,0.80463177,-0.5298269,-0.9701731,0.6066667,0.67,0
0.8303819,0.23013239,-0.5300703,-0.9699297,0.77,0.43,1
0.22344945,0.6022703,-0.5008734,-0.9991266,0.16666667,0.43666667,1
0.45342818,0.7605509,0.527028,-0.972972,0.37666667,0.43666667,0
0.33341786,0.87343794,-0.5144287,-0.9855713,0.33666667,0.42666668,1
0.8566723,0.9778423,0.5200169,-0.9799831,0.43666667,0.77666664,0
0.72124934,0.275752,-0.5025802,-0.9974198,0.67,0.43,1
0.288419,0.12449269,0.5064321,0.9935679,0.24666667,0.32666665,0
0.6589132,0.4600907,-0.52343625,-0.97656375,0.6066667,0.44,1
0.5937118,0.34780097,-0.50001675,0.99998325,0.44,0.5366667,1
0.88740337,0.41365287,0.6306644,0.8693356,0.43666667,0.81,1
0.6177516,0.3802181,0.989443,0.510557,0.43,0.42666668,0
0.51334184,0.480763,-0.6309209,0.8690791,0.43,0.45666668,0
0.3752674,0.7972334,0.5003819,-0.9996181,0.30666667,0.36666667,0
0.19371691,0.38725248,-0.5000173,0.9999827,0.42666668,0.12666667,0
0.4471214,0.5452677,0.51511097,-0.98488903,0.38,0.42666668,0
0.53913444,0.32680592,0.5167617,0.9832383,0.43666667,0.45666668,1
0.8838819,0.46282953,0.52330256,-0.97669744,0.82,0.44,1
0.57451737,0.95509195,0.5022356,-0.9977644,0.46,0.47,0
0.095093645,0.9263417,-0.5044205,0.9955795,0.44,0.03,1
0.8015143,0.6043045,-0.51314753,-0.98685247,0.74666667,0.45666668,1
0.40718073,0.50470585,-0.50241876,-0.99758124,0.34,0.43,0
0.3540774,0.4123607,0.8603312,-0.6396688,0.24666667,0.42666668,0
0.33426353,0.6588682,0.51044905,0.98955095,0.42666668,0.26,0
0.6189866,0.69476223,0.5001475,0.9998525,0.43666667,0.54,1
0.60279214,0.19059862,0.5000379,-0.9999621,0.53,0.43666667,0
0.6412235,0.3798553,-0.50041336,0.99958664,0.46,0.5833333,1
0.21945478,0.34744778,-0.7224109,-0.7775891,0.16666667,0.44,1
0.087494396,0.39197403,-0.8060984,-0.6939016,0.06666667,0.43,1
0.3146898,0.3140407,-0.50032246,-0.99967754,0.26,0.43,1
0.8661463,0.7483285,-0.51401514,-0.98598486,0.6666667,0.62,0
0.43964025,0.62874264,-0.5122189,0.9877811,0.43,0.37,0
0.6983901,0.65634996,-0.53767246,-0.96232754,0.63666666,0.52,1
0.4266928,0.5895668,0.50000006,-0.99999994,0.34666666,0.42666668,0
0.56358355,0.5584367,-0.50000733,0.99999267,0.44,0.49666667,1
0.8923116,0.32999548,0.50014836,-0.99985164,0.82666665,0.44,1
0.24882376,0.6524214,0.5078778,0.9921222,0.42666668,0.18,0
0.7792214,0.6093341,0.52330256,-0.97669744,0.71,0.43,0
0.42902848,0.6332291,-0.512714,0.987286,0.44,0.37,1
0.98213977,0.95420396,-0.7363632,-0.7636368,0.44666666,0.83,0
0.6554812,0.37739378,0.5003819,-0.9996181,0.58666664,0.42666668,0
0.31213918,0.047096495,0.5169356,-0.9830644,0.24666667,0.42666668,1
0.4040296,0.3007878,0.5176718,-0.9823282,0.33,0.44,0
0.71992046,0.7453037,-0.5112006,-0.9887994,0.6566667,0.59,1
0.35202453,0.87005156,0.51217175,-0.98782825,0.32666665,0.30666667,1
0.68949854,0.41231886,-0.5159636,-0.9840364,0.63666666,0.42666668,1
0.6905904,0.40350574,0.512821,-0.987179,0.62666667,0.43666667,1
0.9559322,0.8652679,0.5265712,-0.9734288,0.5366667,0.68666667,0
0.11200642,0.7025139,0.5001989,-0.9998011,0.16,0.31,1
0.03297227,0.22055098,0.5189616,0.9810384,0.29,0.24,0
0.23926815,0.11493936,-0.5078141,-0.9921859,0.18666667,0.44,1
0.5147098,0.12604244,0.5201077,-0.9798923,0.45,0.43,1
0.922057,0.91557354,-0.71105266,-0.78894734,0.50666666,0.77,0
0.52128,0.33463562,0.50751567,0.99248433,0.42666668,0.44666666,0
0.5613033,0.9553684,0.5056852,0.9943148,0.44,0.48,1
0.3408392,0.1765235,-0.5004543,-0.9995457,0.27666667,0.43,1
0.4817205,0.33680254,-0.81279236,0.68720764,0.44,0.43666667,1
0.75442934,0.20708483,0.50274754,-0.99725246,0.68666667,0.43666667,0
0.55158794,0.6254415,0.5005291,0.9994709,0.42666668,0.47666666,0
0.11403261,0.95477366,-0.5092237,-0.9907763,0.41,0.09,1
0.49925736,0.5100226,0.5000694,-0.9999306,0.41666666,0.42666668,0
0.3111265,0.025840484,0.50683254,0.99316746,0.23666666,0.44,0
0.12747586,0.30151895,0.50415766,0.99584234,0.32,0.16,0
0.7407092,0.7102665,0.6791726,0.8208274,0.42666668,0.66,0
0.6152998,0.07738874,-0.500196,-0.999804,0.56,0.43,1
0.36579472,0.25354713,0.5000911,0.9999089,0.37666667,0.29666665,0
0.61816555,0.799776,-0.5024042,-0.9975958,0.56,0.5,1
0.52637136,0.85323125,-0.5076937,0.9923063,0.42666668,0.46666667,0
0.32327208,0.38838753,-0.52435404,0.97564596,0.44,0.27,1
0.8592861,0.05944863,0.5251353,0.9748647,0.7266667,0.45666668,1
0.57732296,0.087843545,0.5000479,0.9999521,0.43,0.48666668,0
0.3814503,0.51108557,-0.7534691,-0.7465309,0.32666665,0.43,1
0.60651916,0.9165103,0.5093288,-0.9906712,0.5,0.43,0
0.07519086,0.6244293,-0.5216453,0.9783547,0.43666667,0.016666668,1
0.73480165,0.2776754,0.50021905,0.99978095,0.43,0.66,0
0.53554404,0.1677353,-0.5308334,-0.9691666,0.47666666,0.42666668,1
0.38933054,0.496769,-0.52124214,0.97875786,0.43,0.33,0
0.36803648,0.71436244,-0.5003072,0.9996928,0.43,0.31,0
0.90223163,0.8716086,-0.6788811,-0.8211189,0.5566667,0.73,0
0.1581179,0.15812896,-0.93278646,-0.56721354,0.24,0.42666668,1
0.14848557,0.39252844,-0.5141336,0.9858664,0.43666667,0.086666666,1
0.86360586,0.63484824,-0.5200169,-0.9799831,0.7866667,0.42666668,0
0.82862467,0.18657859,-0.53003544,-0.96996456,0.77,0.44,1
0.23656246,0.65068424,-0.5044998,0.9955002,0.43,0.18,0
0.5869298,0.7380489,-0.5042508,0.9957492,0.42666668,0.52666664,0
0.7073186,0.040129874,-0.51902854,-0.98097146,0.65,0.44,1
0.27713233,0.67452615,0.5135666,0.9864334,0.42666668,0.2,0
0.43192413,0.34336835,0.5286869,0.9713131,0.42666668,0.35666665,0
0.4507561,0.7008191,-0.5000765,0.9999235,0.44,0.38666666,1
0.20185958,0.7155803,-0.5169356,-0.9830644,0.17,0.42666668,1
0.041647162,0.80434865,0.5003032,-0.9996968,0.26,0.22,1
0.5337602,0.027320985,0.50095034,0.99904966,0.47,0.44,1
0.37670472,0.83217406,0.5081575,-0.9918425,0.29666665,0.34666666,0
0.66074646,0.7765491,-0.50065464,-0.99934536,0.6,0.53,1
0.38993168,0.15890673,0.50000054,-0.99999946,0.31,0.44,0
0.5637095,0.2537349,-0.88104844,0.61895156,0.48,0.52666664,1
0.59070486,0.15505666,0.5211383,0.9788617,0.43,0.52666664,0
0.7102326,0.8023909,0.5300703,-0.9699297,0.61,0.44,0
0.4684108,0.4839612,0.5003798,-0.9996202,0.39,0.42666668,0
0.30036372,0.53004146,-0.5007274,-0.9992726,0.24,0.43,1
0.17395672,0.90594435,0.51382107,0.98617893,0.43666667,0.10666667,1
0.12823486,0.42917374,-0.627366,0.872634,0.44,0.06666667,1
0.13582246,0.17365138,0.51825434,-0.98174566,0.06666667,0.43666667,0
0.32596636,0.28887543,-0.5216137,-0.9783863,0.27,0.44,1
0.2955719,0.7251089,-0.52165866,-0.97834134,0.22666667,0.42666668,0
0.87049586,0.89749575,-0.8487122,-0.6512878,0.5466667,0.74,0
0.4704738,0.18950328,0.5024032,-0.9975968,0.39,0.43,0
0.71949285,0.24796496,-0.7259763,0.7740237,0.56,0.6566667,1
0.87427133,0.49381614,0.5010652,-0.9989348,0.8,0.43,0
0.3163757,0.6324645,0.50288785,-0.99711215,0.25,0.35666665,1
0.6697362,0.8759395,-0.50000775,-0.99999225,0.54,0.57,0
0.7099214,0.7247155,-0.50684124,-0.99315876,0.65,0.57,1
0.70206255,0.10761806,-0.51137877,0.98862123,0.62,0.52,1
0.08962565,0.9146275,-0.5253551,-0.9746449,0.37,0.14,1
0.46634242,0.5746406,0.51160145,-0.98839855,0.39333335,0.43666667,0
0.0333454,0.2583677,0.518614,-0.981386,0.016666668,0.42666668,1
0.71507305,0.27617946,-0.50331265,-0.99668735,0.6566667,0.43666667,1
0.951827,0.800762,-0.51456034,0.98543966,0.43666667,0.85,1
0.28568357,0.7490583,-0.5136611,0.9863389,0.44,0.22,1
0.18118836,0.6349183,-0.75276834,0.74723166,0.43,0.12666667,0
0.9508441,0.7824695,-0.5011229,0.9988771,0.42666668,0.85,0
0.6481183,0.76806766,0.5242154,-0.9757846,0.56666666,0.43,0
0.12825792,0.118000895,0.51138496,-0.98861504,0.05666667,0.43666667,0
0.9371722,0.18768592,-0.50098497,-0.99901503,0.85,0.43,0
0.10887345,0.55905783,-0.5001218,0.9998782,0.42666668,0.046666667,0
0.91415197,0.17264196,-0.5097392,-0.9902608,0.85,0.44,1
0.034444813,0.07591012,-0.9209126,-0.5790874,0.14,0.42666668,1
0.10058739,0.8860637,-0.50051993,0.99948007,0.43,0.036666665,0
0.12248278,0.3018579,-0.5249158,0.9750842,0.42666668,0.15,0
0.57191175,0.035521016,0.5003403,-0.9996597,0.5,0.44,0
0.023667993,0.9318482,0.5231163,0.9768837,0.43,0.016666668,0
0.6602675,0.48628142,0.5315452,0.9684548,0.43666667,0.57666665,1
0.7685933,0.69110453,0.5034344,0.9965656,0.43666667,0.68666667,1
0.9444127,0.11867215,-0.7061623,-0.7938377,0.85,0.43666667,0
0.8303819,0.63750285,0.5300703,-0.9699297,0.76,0.43,0
0.5191327,0.0754546,-0.51884925,0.98115075,0.45,0.45,1
0.6675324,0.5850528,-0.52283937,0.97716063,0.42666668,0.6166667,0
0.31181028,0.09038741,-0.50025403,0.99974597,0.34666666,0.38,0
0.05434962,0.4237159,-0.5298584,-0.9701416,0.016666668,0.43666667,1
0.84442425,0.1144892,0.52512497,-0.97487503,0.77666664,0.42666668,0
0.31845134,0.02883431,-0.5249158,0.9750842,0.26666668,0.43,0
0.40835354,0.93164426,-0.5116801,0.9883199,0.43,0.34666666,0
0.87877196,0.9207142,0.51403546,-0.98596454,0.47666666,0.71666664,0
0.38905257,0.7967867,-0.51363385,-0.98636615,0.33666667,0.43666667,1
0.08757432,0.44620904,-0.51814,-0.98186,0.036666665,0.42666668,1
0.7119851,0.31547356,-0.5001835,0.9998165,0.55,0.65,1
0.5280485,0.34210604,0.50751734,0.99248266,0.43666667,0.45666668,1
0.54822266,0.0435672,0.5081393,-0.9918607,0.47,0.43,0
0.797738,0.23998752,0.53078526,-0.96921474,0.71666664,0.43666667,0
0.40808332,0.45399553,-0.50032246,-0.99967754,0.34,0.43,0
0.90408796,0.29103768,-0.5185752,0.9814248,0.52,0.70666665,1
0.5469801,0.85243595,-0.50473696,0.99526304,0.42666668,0.49666667,0
0.79875135,0.67410713,-0.50018305,0.99981695,0.43,0.74,0
0.47649002,0.52992135,-0.66445965,0.83554035,0.43,0.42666668,0
0.7272416,0.80861485,0.50438976,-0.99561024,0.6,0.43,0
0.3520277,0.5740939,0.5003757,-0.9996243,0.27,0.41666666,0
0.09474339,0.3953963,-0.52563053,-0.97436947,0.026666667,0.42666668,0
0.9672236,0.8596432,0.51489604,-0.98510396,0.5466667,0.68666667,0
0.2280949,0.9204108,-0.50290704,0.99709296,0.43,0.17,0
0.44557047,0.596679,-0.50077933,-0.99922067,0.39,0.43,1
0.087246835,0.42417058,-0.8171431,-0.6828569,0.086666666,0.44,1
0.32644776,0.94840956,0.51735455,-0.98264545,0.39666668,0.25666666,1
0.16302446,0.04853966,-0.50079435,-0.99920565,0.11,0.43,1
0.3419529,0.09306128,0.51298004,0.98701996,0.28666666,0.35666665,0
0.4228486,0.73087585,-0.50130165,-0.99869835,0.36,0.44,1
0.2407286,0.21250676,-0.5035814,-0.9964186,0.19,0.43,1
0.8286774,0.5920178,-0.5309307,-0.9690693,0.76666665,0.43666667,1
0.19232503,0.3858236,0.5001203,0.9998797,0.38,0.11,0
0.8668654,0.86518383,0.50078905,0.99921095,0.43666667,0.7866667,1
0.6287859,0.8908258,0.507227,-0.992773,0.52,0.44,0
0.40251407,0.14019243,-0.5051061,0.9948939,0.42666668,0.34,0
0.14981578,0.22324055,0.51974744,-0.98025256,0.06666667,0.43666667,0
0.36898395,0.7756537,0.5005323,-0.9994677,0.3,0.36666667,0
0.5045362,0.43228242,-0.51398766,0.98601234,0.44,0.44,1
0.5003365,0.058242366,0.5014671,0.9985329,0.44,0.43,1
0.8506825,0.4978239,0.5000479,0.9999521,0.44,0.77666664,1
0.10878858,0.92683893,0.50309026,0.99690974,0.43666667,0.026666667,1
0.42600855,0.19467896,0.50683254,0.99316746,0.40666667,0.35,0
0.55721956,0.15493861,-0.50078654,0.99921346,0.45,0.49,1
0.26933578,0.37878945,-0.50004643,0.99995357,0.42666668,0.20666666,0
0.027297243,0.31177935,-0.50203097,-0.99796903,0.016666668,0.42666668,1
0.15776986,0.49494475,0.50755,0.99245,0.43666667,0.08,1
0.7151703,0.5779691,-0.52357435,0.97642565,0.43666667,0.6566667,1
0.3191385,0.3387698,-0.512229,-0.987771,0.26,0.44,1
0.8910639,0.06877774,-0.95777416,0.54222584,0.78,0.49666667,1
0.23405936,0.68616766,-0.50051993,0.99948007,0.43,0.17666666,0
0.6618626,0.05637246,-0.50248986,0.99751014,0.59,0.47,1
0.28433108,0.275,-0.43171299,-0.5,0.22333333,0.42333335,1
0.1459343,0.046421934,-0.5309067,0.9690933,0.13,0.42,0
0.3787834,0.21656188,0.5206565,0.9793435,0.35666665,0.30666667,0
0.7661589,0.5027058,-0.517794,0.982206,0.42666668,0.69666666,0
0.35405445,0.755913,-0.52563053,-0.97436947,0.29666665,0.43666667,1
0.78968316,0.6591035,0.5022433,0.9977567,0.42666668,0.70666665,0
0.68530864,0.35546622,-0.5001835,0.9998165,0.51,0.63,1
0.5716153,0.3924607,-0.50436693,0.99563307,0.43,0.50666666,0
0.6307428,0.27666795,-0.50595146,0.99404854,0.49,0.57666665,1
0.8616968,0.5368127,0.5211383,0.9788617,0.44,0.7966667,1
0.26434025,0.09552026,0.5005491,-0.9994509,0.18666667,0.42666668,0
0.5525541,0.35844254,-0.75276834,0.74723166,0.44,0.49666667,1
0.91623163,0.07773669,0.512821,-0.987179,0.83666664,0.42666668,0
0.8803009,0.4676963,0.5000098,0.9999902,0.44,0.81,1
0.644279,0.2337214,-0.81279236,0.68720764,0.55,0.58666664,1
0.52167803,0.30158067,-0.5003713,0.9996287,0.44,0.47,1
0.65024626,0.16697998,-0.50095224,0.99904776,0.54,0.57,1
0.92636377,0.8398073,-0.51109695,0.98890305,0.44,0.85,1
0.59216624,0.24526861,-0.5308334,-0.9691666,0.5366667,0.42666668,1
0.36484137,0.15404995,0.5173958,-0.9826042,0.29666665,0.42333335,0
0.36073974,0.59370583,-0.50210583,0.99789417,0.43,0.3,0
0.85225534,0.7136523,-0.82245994,0.67754006,0.42666668,0.8,0
0.17436175,0.5923597,0.521164,-0.978836,0.11,0.43666667,1
0.69224775,0.39255428,0.5078712,0.9921288,0.43666667,0.62666667,1
0.7624396,0.15076578,-0.51985055,-0.98014945,0.71,0.43,1
0.48248628,0.31397352,0.53122944,0.96877056,0.42666668,0.41666666,0
0.34534225,0.07413574,0.50751734,0.99248266,0.28666666,0.38666666,0
0.5391538,0.26608396,0.502747,0.997253,0.42666668,0.47,0
0.70259756,0.033929348,0.5093961,0.9906039,0.61,0.43666667,1
0.48765612,0.30636522,-0.50051993,0.99948007,0.43,0.43666667,0
0.3535938,0.28415176,0.51757336,-0.98242664,0.29,0.44,1
0.36099103,0.508936,-0.50705683,-0.99294317,0.3,0.43,1
0.7884395,0.9239273,-0.5019888,0.9980112,0.43,0.72,0
0.29147983,0.48244047,0.5138262,0.9861738,0.43666667,0.21,1
0.8948079,0.786075,-0.52038777,0.97961223,0.44,0.84,1
0.23564954,0.07258362,0.5151745,-0.9848255,0.15666667,0.42666668,0
0.37544855,0.656428,-0.5261287,0.9738713,0.43,0.30666667,0
0.9150888,0.92627823,-0.8060984,-0.6939016,0.49666667,0.78,0
0.33400556,0.69100213,0.5010355,0.9989645,0.44,0.26,1
0.63646454,0.102910005,0.522316,0.977684,0.44,0.52,1
0.04452747,0.4215191,0.5080815,0.9919185,0.43666667,0.03,1
0.61451817,0.1819651,0.50119513,-0.99880487,0.55,0.42666668,1
0.1463461,0.42109206,0.5172571,-0.9827429,0.06666667,0.43,0
0.629603,0.41373584,0.51794654,-0.98205346,0.5466667,0.42666668,0
0.08411991,0.060942046,0.8581845,0.6418155,0.06666667,0.39,0
0.62720114,0.82251406,-0.530142,-0.969858,0.57,0.53,1
0.61296535,0.1597455,-0.5044205,0.9955795,0.51,0.56,1
0.9041569,0.08871171,-0.78016704,0.71983296,0.77,0.50666666,1
0.7947229,0.7745899,0.51375127,-0.98624873,0.62666667,0.44,0
0.84887546,0.8993599,0.50309443,0.99690557,0.42666668,0.77666664,0
0.8439379,0.542739,0.5011229,0.9988771,0.42666668,0.77,0
0.16090134,0.6267738,0.5108536,-0.9891464,0.08,0.42,0
0.76580286,0.20296906,0.6409517,-0.8590483,0.69,0.43666667,0
0.9310155,0.18003699,-0.5253711,-0.9746289,0.85,0.43,0
0.18386123,0.6533293,-0.5166259,-0.9833741,0.12666667,0.42666668,1
0.7013373,0.8101315,-0.50256306,0.99743694,0.44,0.65,1
0.6723707,0.928708,-0.50010276,-0.99989724,0.49,0.59,0
0.46341455,0.82703733,0.50549847,0.99450153,0.43,0.39,0
0.32694215,0.5743991,-0.8171431,-0.6828569,0.30666667,0.44,1
0.31202576,0.47720665,0.51894695,-0.98105305,0.23,0.44,0
0.94658726,0.7792576,-0.5010967,-0.9989033,0.6166667,0.62666667,0
0.5087026,0.59730977,0.5003819,-0.9996181,0.42666668,0.42666668,0
0.7129207,0.4384719,0.5246903,-0.9753097,0.63666666,0.43666667,0
0.35109937,0.26122254,-0.5025423,0.9974577,0.43,0.29666665,0
0.5766463,0.7524923,-0.5031289,0.9968711,0.43,0.51666665,0
0.50661707,0.41258502,0.5230616,0.9769384,0.42666668,0.43666667,0
0.7219518,0.29672554,-0.5107209,-0.9892791,0.6666667,0.44,1
0.34590277,0.7400066,0.5000694,-0.9999306,0.26666668,0.35666665,0
0.4166971,0.88656867,0.81279236,0.68720764,0.44,0.31666666,1
0.041809615,0.4277214,0.5090285,-0.9909715,0.016666668,0.42666668,1
0.25510988,0.48444566,0.5003032,-0.9996968,0.18,0.44,0
0.087509684,0.9164046,-0.5081393,-0.9918607,0.37,0.13,1
0.59591866,0.40620017,0.6666164,-0.8333836,0.53,0.43666667,1
0.6195122,0.24808437,0.54990953,-0.95009047,0.55,0.43666667,0
0.7696673,0.8746531,-0.5236314,0.9763686,0.43,0.7,0
0.37376717,0.40636617,-0.50676763,-0.99323237,0.32,0.43,1
0.7995828,0.64491504,0.5006407,0.9993593,0.43666667,0.7266667,1
0.1772828,0.114746645,0.51825434,-0.98174566,0.10666667,0.43666667,0
0.17067824,0.9659149,-0.52745646,-0.97254354,0.43,0.13666667,1
0.24272257,0.3280042,-0.50691986,0.99308014,0.42666668,0.17666666,0
0.1020448,0.97760475,-0.5024032,-0.9975968,0.44,0.04,1
0.055684384,0.32741556,-0.5040754,0.9959246,0.43666667,0.14,1
0.3943529,0.74970233,-0.50041336,0.99958664,0.43,0.33333334,0
0.8659298,0.63224715,-0.51607466,-0.98392534,0.79,0.43666667,0
0.7101139,0.79563934,-0.80934626,-0.69065374,0.6566667,0.59,1
0.17886123,0.6165308,0.5026144,-0.9973856,0.1,0.41,0
0.21054748,0.6456059,0.5278627,0.9721373,0.43,0.13666667,0
0.74797726,0.7101542,0.50458866,-0.99541134,0.67,0.44,0
0.09796413,0.20536299,0.51437384,-0.98562616,0.016666668,0.42666668,0
0.8155235,0.39949417,-0.5042508,0.9957492,0.44666666,0.74666667,1
0.7236962,0.20133755,0.5290303,-0.9709697,0.65,0.43666667,0
0.032257248,0.60453683,0.52613693,0.97386307,0.43666667,0.016666668,1
0.14233305,0.6622093,0.50750417,-0.99249583,0.13,0.36,1
0.8700623,0.43608364,0.5284136,-0.9715864,0.7966667,0.43,0
0.69493717,0.5229312,0.80257875,-0.69742125,0.6,0.43666667,0
0.79082006,0.67690814,0.5014398,-0.9985602,0.71,0.44,0
0.4728033,0.36133674,-0.50352585,0.99647415,0.44,0.41,1
0.69606066,0.84920233,-0.51462954,-0.98537046,0.56,0.6,0
0.4231273,0.16111173,-0.5041766,0.9958234,0.43666667,0.35333332,1
0.22155677,0.8538207,0.5003798,-0.9996202,0.32,0.19666667,1
0.3123131,0.74407643,-0.5261287,0.9738713,0.44,0.25666666,1
0.67431515,0.24889028,-0.5122008,-0.9877992,0.6066667,0.42333335,0
0.8496415,0.8470866,-0.7434383,0.7565617,0.43666667,0.79,1
0.7075571,0.3438849,-0.5038997,0.9961003,0.53,0.64,1
0.102497615,0.95302594,-0.51241416,-0.98758584,0.42,0.08,1
0.1241865,0.6052402,-0.5005491,-0.9994509,0.06666667,0.43666667,1
0.48030668,0.5116905,-0.500011,-0.999989,0.42,0.44,1
0.8717845,0.14958267,-0.5301206,-0.9698794,0.81,0.43,1
0.91787267,0.73104286,-0.5033819,0.9966181,0.44,0.85,1
0.10869956,0.26148766,-0.50130165,-0.99869835,0.05,0.43,1
0.26831418,0.3214978,-0.50200194,0.99799806,0.42666668,0.21666667,0
0.5995953,0.5735075,-0.5520264,0.9479736,0.43,0.5466667,0
0.49196368,0.47620186,-0.6108362,-0.8891638,0.43666667,0.43,1
0.15436427,0.34135264,0.50415766,0.99584234,0.36,0.12,0
0.6811445,0.2587683,-0.5122008,-0.9877992,0.6166667,0.43333334,1
0.5536433,0.102924585,0.8487122,-0.6512878,0.42666668,0.44,0
0.84957844,0.16149604,0.5008524,0.9991476,0.5466667,0.58,1
0.43529516,0.357137,-0.5007498,-0.9992502,0.36666667,0.44,0
0.6759708,0.28162417,-0.5010024,0.9989976,0.52,0.6166667,1
0.7012823,0.6916026,-0.51209176,0.98790824,0.43666667,0.63666666,1
0.298634,0.7662294,-0.5019426,-0.9980574,0.23666666,0.42666668,1
0.463235,0.31826752,-0.5229062,0.9770938,0.44,0.4,1
0.97076213,0.9539673,-0.7224109,-0.7775891,0.46666667,0.82,0
0.044648886,0.56853503,0.50213397,-0.99786603,0.03,0.42666668,1
0.3973114,0.44866025,-0.51769716,0.98230284,0.43,0.33,0
0.3373456,0.715799,-0.50380784,0.99619216,0.43,0.28,0
0.2549166,0.8805271,-0.50290704,0.99709296,0.43,0.19,0
0.4476299,0.7317556,0.51217175,-0.98782825,0.36666667,0.42666668,0
0.45490444,0.90168613,0.5002334,0.9997666,0.42666668,0.39,0
0.074862026,0.3130539,-0.5258268,0.9741732,0.43666667,0.15,1
0.4955524,0.46227893,0.504439,0.995561,0.42666668,0.41666666,0
0.86850756,0.4754754,-0.5298061,0.9701939,0.42666668,0.8066667,0
0.7797669,0.8927069,-0.5061452,0.9938548,0.44,0.71,1
0.7720876,0.10898143,-0.53003544,-0.96996456,0.71,0.44,1
0.58211887,0.39544865,0.5004127,0.9995873,0.43666667,0.51666665,1
0.47422487,0.17176642,0.5108536,-0.9891464,0.4,0.44,0
0.81869096,0.15550292,-0.5001835,0.9998165,0.71,0.57,1
0.598999,0.14480668,-0.5001033,-0.9998967,0.5466667,0.43,1
0.62183475,0.20452714,-0.50210583,0.99789417,0.5,0.57,1
0.36703035,0.19092706,-0.511881,0.988119,0.43666667,0.30666667,1
0.8343304,0.47689334,0.50095034,0.99904966,0.44,0.77,1
0.09433132,0.61855835,-0.519708,0.980292,0.43666667,0.026666667,1
0.09718687,0.4096086,-0.52995205,-0.97004795,0.046666667,0.43666667,1
0.16837433,0.43724304,-0.50691986,0.99308014,0.43666667,0.10666667,1
0.14330971,0.12268957,0.5008734,-0.9991266,0.07666667,0.43666667,1
0.95447904,0.122413345,0.50199664,0.99800336,0.71666664,0.52666664,1
0.73614657,0.10741388,-0.5049829,0.9950171,0.65,0.52,1
0.06839587,0.8995593,-0.5044998,0.9955002,0.44,0.016666668,1
0.77685326,0.95260906,-0.52038777,0.97961223,0.43,0.71,0
0.30506915,0.3658027,0.5044655,-0.9955345,0.23,0.44,0
0.6135981,0.8064219,-0.5073324,-0.9926676,0.56,0.5,1
0.12147391,0.24291332,-0.53011113,0.96988887,0.42666668,0.22,0
0.2466056,0.907553,0.52472216,0.97527784,0.43666667,0.16666667,1
0.18485804,0.21964121,0.5002999,-0.9997001,0.10666667,0.42666668,0
0.6428729,0.27838713,0.50002474,0.99997526,0.44,0.56,1
0.66055155,0.39511907,0.5243661,-0.9756339,0.58666664,0.43666667,0
0.6061117,0.36859256,0.6112826,-0.8887174,0.53,0.43666667,0
0.104838915,0.17736761,0.56180507,0.93819493,0.17666666,0.27,0
0.33132648,0.20185167,0.5051402,0.9948598,0.31666666,0.25666666,0
0.90819645,0.86705405,-0.5014671,0.9985329,0.43,0.84,0
0.9270009,0.77242386,0.5122008,-0.9877992,0.63666666,0.5133333,0
0.6578345,0.6499065,-0.6788811,-0.8211189,0.6066667,0.46,1
0.40350875,0.6174731,-0.5261287,0.9738713,0.43,0.34666666,0
0.46552274,0.38083073,-0.5009924,-0.9990076,0.39666668,0.44,0
0.053493906,0.69300705,0.5285682,-0.9714318,0.14,0.42666668,1
0.6638553,0.62289906,-0.5031289,0.9968711,0.44,0.6066667,1
0.23675567,0.13060391,0.7581381,-0.7418619,0.16666667,0.43,0
0.9387569,0.2571543,-0.517794,0.982206,0.5366667,0.6666667,1
0.07365993,0.06998928,0.82245994,0.67754006,0.07666667,0.37,0
0.9238071,0.9346203,0.51849216,-0.98150784,0.47666666,0.77666664,0
0.5162425,0.42930403,0.5026333,0.9973667,0.43666667,0.43666667,1
0.35885346,0.8601733,0.51217175,-0.98782825,0.31666666,0.31666666,1
0.13884522,0.14691396,-0.5398302,-0.9601698,0.07,0.43,0
0.30398262,0.8926924,0.5243661,-0.9756339,0.35666665,0.24666667,1
0.8240133,0.91780376,-0.5000479,0.9999521,0.44,0.76,1
0.8404448,0.9149579,-0.500021,0.999979,0.43,0.78,0
0.5987015,0.47489658,-0.5006671,0.9993329,0.44,0.5366667,1
0.57940155,0.95122963,0.5000404,-0.9999596,0.45666668,0.48,0
0.7033553,0.41272756,0.50000006,0.99999994,0.42666668,0.63666666,0
0.07690996,0.5084368,0.5000068,-0.9999932,0.016666668,0.42666668,1
0.39294818,0.86207676,-0.52165866,-0.97834134,0.32666665,0.42666668,1
0.20272894,0.836342,-0.50095224,0.99904776,0.43,0.14,0
0.8795454,0.122718826,0.5204562,0.9795438,0.63,0.5366667,1
0.31206384,0.2582914,-0.6302224,-0.8697776,0.25666666,0.43,1
0.28567967,0.53096,0.5001206,0.9998794,0.44,0.22,1
0.08497437,0.43106186,0.5002906,0.9997094,0.42666668,0.03,0
0.36649784,0.19795138,0.50197065,-0.99802935,0.3,0.43,1
0.46416682,0.7701183,0.52082604,0.97917396,0.43,0.4,0
0.4040509,0.6837838,0.5010192,-0.9989808,0.32666665,0.43666667,0
0.26134205,0.10515326,-0.8275142,0.6724858,0.44,0.32666665,1
0.22085783,0.849219,-0.5051558,0.9948442,0.43,0.17,0
0.08416959,0.73125184,-0.5059363,-0.9940637,0.19,0.42666668,1
0.6305781,0.8047059,-0.5007517,-0.9992483,0.57,0.51,1
0.56023717,0.34620178,-0.5008426,0.9991574,0.43,0.51,0
0.29790848,0.8793429,-0.7940412,-0.7059588,0.29666665,0.43,1
0.7769963,0.57514805,-0.5112292,-0.9887708,0.7266667,0.43666667,1
0.64106536,0.53235525,0.5009595,0.9990405,0.42666668,0.56666666,0
0.12264597,0.42441142,-0.5092693,0.9907307,0.43666667,0.06666667,1
0.89413506,0.33699417,-0.51985055,-0.98014945,0.84,0.44,1
0.86142224,0.2,0.49978203,-0.5,0.79333335,0.43333334,0
0.79439783,0.78349936,-0.5029898,-0.9970102,0.6166667,0.66,0
0.6488472,0.19965865,0.500159,0.999841,0.44,0.58,1
0.75995094,0.6119421,0.5242154,-0.9757846,0.68666667,0.43,0
0.5490858,0.8921123,-0.8603312,-0.6396688,0.5,0.5566667,1
0.26415968,0.05002715,-0.5258268,0.9741732,0.24666667,0.42,0
0.37166473,0.36940074,-0.6625102,-0.8374898,0.30666667,0.43,1
0.71912843,0.71927595,0.51026183,0.98973817,0.42666668,0.64666665,0
0.032075167,0.3224778,-0.5009389,-0.9990611,0.016666668,0.42666668,1
0.6855812,0.6221784,-0.50758266,0.99241734,0.42666668,0.6166667,0
0.20222951,0.4190749,-0.5001218,0.9998782,0.42666668,0.14666666,0
0.13724957,0.8892049,0.77555716,-0.72444284,0.32,0.13666667,1
0.57155246,0.8793052,-0.51209176,0.98790824,0.42666668,0.50666666,0
0.05854241,0.883004,-0.5231163,0.9768837,0.44,0.016666668,1
0.18897507,0.9063761,-0.5001157,-0.9998843,0.37,0.24,1
0.35405406,0.6301905,0.66124076,-0.83875924,0.28,0.42666668,0
0.5374671,0.51005197,-0.6494489,-0.8505511,0.48666668,0.43,1
0.8751008,0.56705296,0.5244499,-0.9755501,0.8,0.44,0
0.5191201,0.092918545,-0.51854765,-0.98145235,0.45666668,0.43,1
0.25246117,0.09271408,0.5006483,0.9993517,0.20666666,0.35666665,0
0.48266587,0.47830343,-0.50120753,0.99879247,0.43,0.42,0
0.13084802,0.05259321,-0.52473897,0.97526103,0.13,0.41,0
0.412955,0.88421834,-0.5000159,-0.9999841,0.35,0.43666667,1
0.83418024,0.19619817,0.512821,-0.987179,0.75666666,0.42666668,0
0.62730724,0.3457924,0.5010661,-0.9989339,0.5466667,0.42666668,0
0.83538604,0.8272418,0.500196,-0.999804,0.57666665,0.52,0
0.46607223,0.59493405,-0.5034312,-0.9965688,0.41,0.44,1
0.24850607,0.28732023,-0.5002255,0.9997745,0.43666667,0.19666667,1
0.28807387,0.6279923,-0.5112604,-0.9887396,0.23666666,0.44,1
0.38843468,0.743556,0.50907946,-0.99092054,0.31,0.38666666,0
0.88232106,0.03752361,0.5003819,-0.9996181,0.8066667,0.42666668,0
0.1905404,0.6120689,0.50586665,-0.99413335,0.11,0.39666668,0
0.21085352,0.785,-0.42164603,0.5,0.42333335,0.14333333,0
0.418708,0.07443342,-0.83571905,-0.66428095,0.41,0.42666668,1
0.54142314,0.26646858,0.5537972,-0.9462028,0.46,0.42666668,0
0.7970057,0.039682843,0.50212336,-0.99787664,0.71666664,0.43666667,0
0.3584771,0.6588076,-0.52353114,0.97646886,0.43,0.3,0
0.93248475,0.3158146,-0.50009394,-0.99990606,0.85,0.44,0
0.50050294,0.8570142,0.50464594,-0.99535406,0.42666668,0.42666668,0
0.029315144,0.97160035,0.82827103,-0.67172897,0.44,0.016666668,1
0.6985031,0.679272,-0.6625102,-0.8374898,0.63666666,0.5,1
0.10462563,0.5356642,0.5002106,0.9997894,0.42666668,0.026666667,0
0.7730218,0.3329136,0.50001127,0.99998873,0.43,0.7,0
0.6525599,0.66055286,-0.5009924,-0.9990076,0.5966667,0.48,1
0.123061076,0.055945866,-0.50000775,-0.99999225,0.06,0.43,1
0.04331772,0.34833476,0.5151745,-0.9848255,0.016666668,0.42666668,1
0.19782579,0.83898014,-0.50021917,0.99978083,0.44,0.14,1
0.8281034,0.225,0.49978203,-0.5,0.7633333,0.42333335,1
0.84153736,0.62378424,0.52169967,0.97830033,0.42666668,0.77666664,0
0.5755991,0.41669938,0.50768924,0.99231076,0.42666668,0.50666666,0
0.22144687,0.7793259,0.50021785,-0.99978215,0.24,0.21666667,1
0.45033947,0.9115788,0.5016849,0.9983151,0.43666667,0.38,1
0.31453905,0.8678577,0.5055945,-0.9944055,0.32666665,0.27666667,1
0.036022972,0.17211564,0.5174796,-0.9825204,0.016666668,0.44,1
0.751751,0.489273,-0.5003867,-0.9996133,0.68666667,0.43666667,1
0.88279366,0.6813728,-0.50829893,0.99170107,0.43,0.83,0
0.9155987,0.7795664,-0.500159,0.999841,0.44,0.85,1
0.9658084,0.09498082,0.5033929,0.9966071,0.77666664,0.50666666,1
0.715176,0.7580029,0.5093288,-0.9906712,0.64,0.43,0
0.35235187,0.36936817,-0.5030264,-0.9969736,0.3,0.43,1
0.5410743,0.37581798,-0.5004684,0.9995316,0.44,0.48,1
0.3287005,0.4118334,-0.5006263,0.9993737,0.43,0.26,0
0.5817123,0.56772643,0.5004145,0.9995855,0.43666667,0.50666666,1
0.8322957,0.08003401,-0.50011927,0.99988073,0.75,0.49,1
0.23828779,0.032615114,0.5020201,-0.9979799,0.16666667,0.43666667,0
0.7441584,0.08656899,0.54990953,-0.95009047,0.68,0.42666668,1
0.2155661,0.39907733,-0.5001218,0.9998782,0.42666668,0.14666666,0
0.797061,0.91043407,-0.5033819,0.9966181,0.44,0.74,1
0.49679887,0.38305026,0.5206565,0.9793435,0.42666668,0.41666666,0
0.57742363,0.8416897,0.501631,-0.998369,0.50666666,0.43,0
0.5329689,0.9437704,0.515519,0.984481,0.43,0.46,0
0.12988023,0.62833256,-0.50601566,-0.99398434,0.086666666,0.43666667,1
0.1720557,0.63857484,-0.52285075,-0.97714925,0.11,0.43666667,1
0.96521163,0.6960227,0.5003444,-0.9996556,0.70666665,0.43,0
0.5591909,0.18162973,-0.5261188,0.9738812,0.46,0.5,1
0.5662999,0.67181677,-0.52815276,0.97184724,0.43,0.51666665,0
0.84448117,0.5462256,-0.5064255,-0.9935745,0.7866667,0.44,1
0.4227857,0.28479522,0.5250949,-0.9749051,0.35,0.44,0
0.89152145,0.486468,0.5005212,-0.9994788,0.81,0.43,0
0.045730703,0.78522384,-0.7145351,0.7854649,0.43,0.016666668,0
0.50912166,0.4687698,0.50212336,-0.99787664,0.42666668,0.42666668,0
0.9584705,0.37148783,-0.51734567,-0.98265433,0.85,0.43,0
0.6065464,0.35500956,-0.5316995,-0.9683005,0.5566667,0.42666668,1
0.16545066,0.5371642,0.5292979,0.9707021,0.43666667,0.09,1
0.93373185,0.50013685,0.5029875,0.9970125,0.44,0.85,1
0.5142311,0.61764205,-0.50053424,-0.99946576,0.46,0.43,1
0.39299825,0.81078184,0.51217175,-0.98782825,0.32666665,0.36666667,1
0.52718776,0.3561092,-0.50003225,0.99996775,0.43,0.47,0
0.08785432,0.04725698,0.5143691,-0.9856309,0.016666668,0.44,0
0.23595838,0.37384,-0.7363632,-0.7636368,0.18666667,0.43,1
0.6325476,0.4911781,-0.563028,-0.936972,0.56666666,0.44,1
0.69182247,0.64840084,-0.5018338,-0.9981662,0.62666667,0.52,1
0.52489305,0.5854626,0.5005291,0.9994709,0.42666668,0.45666668,0
0.93041676,0.55979455,-0.50112647,0.99887353,0.43,0.85,0
0.17147492,0.23360199,-0.5249158,0.9750842,0.43666667,0.22,1
0.4842656,0.5596913,0.5009648,-0.9990352,0.40666667,0.43666667,0
0.7262356,0.6442558,-0.5286501,0.9713499,0.44,0.6666667,1
0.16180032,0.83719623,0.5002255,0.9997745,0.42666668,0.086666666,0
0.7378449,0.89203256,0.52567303,-0.97432697,0.51666665,0.52,0
0.8906288,0.96261895,0.500038,0.999962,0.43666667,0.82666665,1
0.93128234,0.43314514,0.83571905,-0.66428095,0.79,0.42666668,0
0.922943,0.6863569,0.52264404,-0.97735596,0.71666664,0.43,0
0.6421983,0.62322223,0.51371676,0.98628324,0.43666667,0.56666666,1
0.6048852,0.040682536,-0.52459806,0.97540194,0.55,0.44,1
0.5571676,0.5452736,-0.6625102,-0.8374898,0.49666667,0.44,1
0.23527932,0.9626305,0.52512497,-0.97487503,0.42666668,0.15666667,1
0.105471216,0.41828424,-0.5007059,0.9992941,0.42666668,0.04,0
0.52875626,0.3098323,0.8549946,0.6450054,0.43666667,0.42,1
0.07294415,0.21422903,0.5000159,-0.9999841,0.016666668,0.42666668,1
0.8771183,0.88754547,0.5014654,-0.9985346,0.51666665,0.6566667,0
0.88225996,0.26154116,0.50256306,0.99743694,0.43,0.6666667,0
0.85056806,0.24041075,-0.5096581,-0.9903419,0.8,0.43,1
0.392154,0.51674134,-0.50077933,-0.99922067,0.33,0.43,1
0.2903717,0.7884976,0.51074183,0.98925817,0.43666667,0.21666667,1
0.70531213,0.4364838,-0.5001858,-0.9998142,0.63666666,0.42666668,0
0.22266479,0.4487862,-0.50004643,0.99995357,0.43666667,0.15666667,1
0.943829,0.2661841,-0.77555716,-0.72444284,0.85,0.43666667,0
0.8491428,0.8106924,0.5034344,0.9965656,0.43666667,0.76666665,1
0.6531968,0.76305705,-0.51169413,-0.98830587,0.6,0.53,1
0.31201914,0.78619057,-0.5019426,-0.9980574,0.25666666,0.42666668,1
0.16516103,0.38891917,0.50213397,-0.99786603,0.096666664,0.42666668,0
0.21255094,0.9399927,0.5000694,-0.9999306,0.40666667,0.15666667,1
0.2348474,0.3713977,-0.50200194,0.99799806,0.43666667,0.16666667,1
0.14263938,0.09296043,-0.5016849,0.9983151,0.19666667,0.36,0
0.90989506,0.93710387,-0.56000763,-0.93999237,0.46666667,0.81,0
0.30535227,0.38684264,-0.50077933,-0.99922067,0.24,0.44,1
0.3233746,0.18094039,0.5000002,0.9999998,0.30666667,0.27666667,0
0.21480626,0.48170808,0.52473897,0.97526103,0.43,0.15,0
0.059784926,0.22161649,-0.52855855,0.97144145,0.35,0.24,0
0.89929116,0.16801123,0.51209176,0.98790824,0.58666664,0.56666666,1
0.72272563,0.9207798,-0.51097316,-0.98902684,0.49,0.65,0
0.18146896,0.38045216,0.5268211,0.9731789,0.42,0.1,0
0.7270496,0.14780432,-0.50001675,0.99998325,0.62,0.5566667,1
0.5435044,0.6049618,0.501015,-0.998985,0.47666666,0.43666667,0
0.42965558,0.5408173,-0.5051558,0.9948442,0.44,0.36,1
0.76448107,0.47336838,-0.5031289,0.9968711,0.43,0.69666666,0
0.93639594,0.4920134,0.5300703,-0.9699297,0.85,0.44,0
0.2986957,0.28961027,-0.5030264,-0.9969736,0.24,0.43,1
0.26524135,0.9296841,0.5092693,0.9907307,0.42666668,0.19666667,0
0.47568065,0.43478885,-0.5009107,0.9990893,0.43,0.41,0
0.056190822,0.58215135,-0.50753427,0.99246573,0.43666667,0.016666668,1
0.084334955,0.4417869,-0.5020201,-0.9979799,0.016666668,0.42666668,0
0.697345,0.9046307,-0.5007517,-0.9992483,0.51,0.61,0
0.5637095,0.82317036,0.88104844,0.61895156,0.44,0.41666666,1
0.4123802,0.4510194,-0.50352585,0.99647415,0.43,0.36,0
0.2908253,0.3102744,0.65530384,0.84469616,0.35666665,0.22,0
0.4481577,0.1502476,0.5022433,0.9977567,0.41666666,0.37666667,0
0.58999544,0.40163767,0.50252825,-0.99747175,0.50666666,0.42666668,0
0.2957136,0.07485521,0.50010365,0.99989635,0.24666667,0.37666667,0
0.23609906,0.8452341,0.5222132,0.9777868,0.43666667,0.16666667,1
0.47684625,0.082148716,-0.5160354,-0.9839646,0.41666666,0.42666668,1
0.72162515,0.801376,-0.8060984,-0.6939016,0.6566667,0.6,1
0.053694174,0.79779315,-0.50001496,-0.99998504,0.25,0.28666666,1
0.7302415,0.4672562,0.52169967,0.97830033,0.42666668,0.6566667,0
0.20219976,0.46093088,-0.5112502,-0.9887498,0.14,0.44,1
0.103011936,0.5852951,-0.5216453,0.9783547,0.43666667,0.036666665,1
0.1119588,0.32138553,-0.50316155,-0.99683845,0.05,0.43666667,1
0.4609116,0.40143406,0.5209307,0.9790693,0.43666667,0.39666668,1
0.35215262,0.2961153,0.5044655,-0.9955345,0.28,0.43,0
0.9152445,0.070379004,0.6514517,-0.8485483,0.83,0.43666667,0
0.2476816,0.5368902,-0.5170552,-0.9829448,0.19,0.43666667,1
0.54309815,0.17592962,0.50365555,0.99634445,0.44,0.47,1
0.52675015,0.91533756,0.5097392,-0.9902608,0.44666666,0.43,0
0.71008444,0.43819943,-0.5150639,-0.9849361,0.6566667,0.43666667,1
0.7811607,0.28372627,0.50013924,0.99986076,0.44,0.7,1
0.9718804,0.28588438,-0.5052869,0.9947131,0.47666666,0.68666667,1
0.8609119,0.7447654,0.502747,0.997253,0.42666668,0.79,0
0.022269828,0.6564051,0.5001157,-0.9998843,0.12,0.43,1
0.09331796,0.6644264,0.52745646,-0.97254354,0.12,0.42666668,1
0.9339582,0.68178993,-0.51854765,-0.98145235,0.7366667,0.43,0
0.94106376,0.5713535,0.57455915,0.92544085,0.42666668,0.85,0
0.8211719,0.34371793,0.50013924,0.99986076,0.44,0.74,1
0.6427767,0.22647066,0.5037048,-0.9962952,0.56,0.43666667,0
0.5111623,0.37889594,-0.5018338,-0.9981662,0.45666668,0.43,1
0.60306853,0.7759403,-0.50000775,-0.99999225,0.54,0.47,1
0.8122041,0.02410284,-0.52353114,0.97646886,0.76,0.43,1
0.49217567,0.27239418,-0.5044998,0.9955002,0.43,0.44,0
0.6548903,0.7900801,-0.51462954,-0.98537046,0.6,0.54,1
0.19333935,0.8783761,0.5,1.0,0.43666667,0.11666667,1
0.91224724,0.043890867,0.5243661,-0.9756339,0.8466667,0.43666667,1
0.36989695,0.16920139,-0.562912,-0.937088,0.30666667,0.43,1
0.76321816,0.118299894,-0.5244499,-0.9755501,0.7,0.44,1
0.6687377,0.66475517,0.50225157,-0.99774843,0.58666664,0.44,0
0.8407416,0.15173991,-0.52632564,-0.97367436,0.79,0.43,1
0.15988849,0.3660998,0.5059156,0.9940844,0.4,0.09,0
0.071698226,0.6637336,0.52472216,0.97527784,0.42666668,0.016666668,0
0.42392343,0.78850555,0.512821,-0.987179,0.35666665,0.40666667,0
0.68005985,0.70076203,0.5064321,0.9935679,0.42666668,0.6066667,0
0.8764218,0.7382068,0.50601625,0.99398375,0.43666667,0.7966667,1
0.06386474,0.67699933,-0.5000334,-0.9999666,0.14,0.43666667,1
0.565245,0.91112584,0.5294851,0.9705149,0.44,0.49,1
0.84050435,0.40571803,0.5061452,0.9938548,0.43,0.77,0
0.3248633,0.60059255,0.5095113,0.9904887,0.43,0.26,0
0.22961418,0.0731995,0.5067811,-0.9932189,0.14666666,0.43666667,0
0.43563932,0.07762195,-0.50271815,-0.99728185,0.37666667,0.42666668,1
0.7762302,0.54079825,-0.5235439,0.9764561,0.44,0.70666665,1
0.5789254,0.4650151,0.52169174,-0.97830826,0.51,0.43666667,0
0.695879,0.20105717,0.5065621,0.9934379,0.44,0.62,1
0.36788428,0.8007982,0.5093245,-0.9906755,0.29666665,0.34666666,0
0.6144557,0.27894163,-0.5160354,-0.9839646,0.5566667,0.42666668,1
0.41222695,0.95170105,-0.5064976,-0.9935024,0.40666667,0.38666666,1
0.36771083,0.6570575,0.5008548,0.9991452,0.44,0.3,1
0.28513005,0.9101791,0.50025403,0.99974597,0.42666668,0.21666667,0
0.8440766,0.5542011,-0.51854765,-0.98145235,0.7866667,0.44,1
0.66350013,0.2782702,0.52488583,0.97511417,0.44,0.58,1
0.14250763,0.16439003,0.6629521,0.8370479,0.18666667,0.27,0
0.9695897,0.5916551,-0.5007414,-0.9992586,0.81666666,0.44,0
0.4120373,0.46305498,-0.75276834,0.74723166,0.44,0.35666665,1
0.6375846,0.7132411,0.5268914,0.9731086,0.42666668,0.56666666,0
0.48221856,0.64276344,0.5197696,-0.9802304,0.41666666,0.42666668,1
0.22597514,0.7274981,-0.5075303,-0.9924697,0.18666667,0.42666668,1
0.48203132,0.5850653,0.50022686,-0.99977314,0.41666666,0.42666668,1
0.30132887,0.8143317,-0.5003072,0.9996928,0.43,0.25,0
0.3240177,0.41819334,-0.52231157,0.97768843,0.43,0.26666668,0
0.34469292,0.30668092,0.5118571,0.9881429,0.35666665,0.26666668,0
0.9367837,0.1990386,0.5235439,0.9764561,0.55,0.6166667,1
0.49623883,0.049988974,-0.519708,0.980292,0.43666667,0.42666668,1
0.8738525,0.030664615,-0.5008909,0.9991091,0.81,0.42666668,1
0.5764015,0.7359406,-0.50000775,-0.99999225,0.52,0.43,1
0.89273995,0.50610244,0.51315355,0.98684645,0.43,0.81666666,0
0.82105273,0.06067331,0.51160145,-0.98839855,0.75333333,0.43666667,0
0.5360817,0.13194254,-0.51403546,-0.98596454,0.47666666,0.43666667,1
0.08631638,0.2928434,-0.5112502,-0.9887498,0.03,0.43,1
0.1795909,0.35158268,0.50191456,0.99808544,0.34666666,0.1,0
0.24247378,0.9413478,0.50008374,-0.99991626,0.39666668,0.18666667,1
0.027343532,0.8246398,0.51241416,-0.98758584,0.29,0.21,1
0.6905806,0.57700765,0.50003546,-0.99996454,0.6166667,0.43666667,0
0.9499086,0.39716193,-0.51345724,-0.98654276,0.85,0.43,0
0.24074836,0.65518814,0.5178179,0.9821821,0.42666668,0.16,0
0.04931535,0.7087741,-0.50004643,0.99995357,0.43666667,0.016666668,1
0.58910984,0.70082694,-0.5000791,0.9999209,0.44,0.52666664,1
0.76737744,0.6536457,0.5010652,-0.9989348,0.7,0.43,0
0.06032691,0.32333097,-0.51363385,-0.98636615,0.016666668,0.43666667,1
0.37796226,0.70997345,0.5006231,0.9993769,0.44,0.31,1
0.01927552,0.7038426,0.8007053,-0.6992947,0.05666667,0.43,1
0.9678035,0.35396528,0.5010652,-0.9989348,0.85,0.43,0
0.67184615,0.29289705,-0.5122189,0.9877811,0.53,0.61,1
0.11438338,0.17416137,-0.5001303,0.9998697,0.29666665,0.29,0
0.3229848,0.26805037,-0.5043574,-0.9956426,0.26,0.43,1
0.4782342,0.1504134,-0.5271501,-0.9728499,0.41666666,0.42666668,1
0.14448847,0.4268037,0.5026387,-0.9973613,0.06666667,0.44,0
0.38639888,0.058139082,-0.51401514,-0.98598486,0.32666665,0.44,1
0.28092918,0.02343806,-0.5278627,0.9721373,0.23,0.43666667,0
0.6940033,0.29565302,-0.5007005,-0.9992995,0.62666667,0.43,0
0.7136653,0.8874857,-0.5209506,0.9790494,0.43,0.66,0
0.18739785,0.508435,0.5285682,-0.9714318,0.11,0.43666667,0
0.55746144,0.6022338,0.5168719,-0.9831281,0.48666668,0.43666667,0
0.28793725,0.25257885,0.989443,0.510557,0.44,0.17666666,1
0.67575663,0.14589684,0.9607204,-0.5392796,0.48,0.43666667,0
0.94298255,0.7038516,-0.5119006,-0.9880994,0.69666666,0.48,0
0.30205223,0.28913233,0.5387067,0.9612933,0.33,0.23666666,0
0.89391935,0.23744923,0.50253737,-0.99746263,0.82666665,0.42666668,0
0.72016835,0.2924253,0.5010881,0.9989119,0.44,0.64666665,1
0.66283405,0.5438538,0.80257875,-0.69742125,0.57,0.42666668,0
0.032195132,0.56309927,-0.5167374,0.9832626,0.42666668,0.016666668,0
0.91094834,0.2498482,0.50464594,-0.99535406,0.83666664,0.43666667,0
0.23496714,0.2811753,-0.50208867,0.99791133,0.42666668,0.17666666,0
0.4226872,0.032342702,-0.5017606,0.9982394,0.37666667,0.42666668,0
0.44911876,0.06392371,-0.5150639,-0.9849361,0.39666668,0.43666667,1
0.56938446,0.50050944,0.5230616,0.9769384,0.43666667,0.48666668,1
0.7761794,0.23152259,0.5209506,0.9790494,0.44,0.65,1
0.76250726,0.92,-0.58904594,0.5,0.43333334,0.7,1
0.33535272,0.5838901,0.5136162,0.9863838,0.43,0.27,0
0.34342825,0.16129099,0.5194161,0.9805839,0.30666667,0.29666665,0
0.81905335,0.034427665,0.5001011,0.9998989,0.7366667,0.43666667,1
0.69547373,0.88121873,-0.51097316,-0.98902684,0.53,0.61,0
0.5210333,0.65225375,-0.5084799,-0.9915201,0.46,0.44,1
0.7687846,0.8752804,-0.522316,0.977684,0.43,0.7,0
0.68236786,0.5107245,-0.53195244,0.96804756,0.44,0.6166667,1
0.44207346,0.5165686,-0.512229,-0.987771,0.38,0.44,1
0.56047755,0.06728297,0.50095034,0.99904966,0.43,0.48,0
0.50492954,0.4894538,-0.6309209,0.8690791,0.44,0.44666666,1
0.28948146,0.44659677,0.50073224,-0.99926776,0.22,0.43,0
0.44774053,0.8674994,-0.52238494,0.97761506,0.42666668,0.39666668,0
0.3387894,0.82611287,-0.5019426,-0.9980574,0.27666667,0.42666668,1
0.97219974,0.86591476,0.51849216,-0.98150784,0.5466667,0.70666665,0
0.27147907,0.4927729,0.50586665,-0.99413335,0.19,0.43666667,0
0.7419834,0.047166955,-0.5002034,0.9997966,0.67,0.46,1
0.22438681,0.25861996,-0.5188051,0.9811949,0.43666667,0.18666667,1
0.07416525,0.18,-0.47978777,-0.5,0.016666668,0.43333334,1
0.27865884,0.3130735,0.9607204,-0.5392796,0.17,0.42666668,0
0.74112093,0.3175247,0.53078526,-0.96921474,0.6766667,0.43666667,1
0.072353385,0.8938433,-0.5108536,-0.9891464,0.35,0.15,1
0.3462382,0.45897606,-0.5000194,-0.9999806,0.29,0.43,1
0.0891014,0.8005331,0.5216453,0.9783547,0.43666667,0.016666668,1
0.93865967,0.24196643,-0.5185752,0.9814248,0.57,0.6566667,1
0.03833806,0.5402731,0.50025403,0.99974597,0.43666667,0.016666668,1
0.09836347,0.07708424,-0.50077933,-0.99922067,0.03,0.43,0
0.24132255,0.86792046,0.50212336,-0.99787664,0.32666665,0.20666666,1
0.9538282,0.12661053,-0.7061623,-0.7938377,0.85,0.42666668,0
0.14181373,0.79664755,-0.53019345,0.96980655,0.44,0.08,1
0.93499666,0.11878049,-0.50934196,-0.99065804,0.85,0.43666667,0
0.45758036,0.9313642,0.5289341,-0.9710659,0.4,0.38666666,1
0.48747006,0.9183604,0.50006485,0.99993515,0.43,0.42,0
0.9232118,0.12597099,-0.50225157,-0.99774843,0.85,0.44,0
0.557473,0.07977874,-0.50355726,0.99644274,0.48,0.48,1
0.76923305,0.9687101,-0.51954985,0.98045015,0.44,0.7,1
0.6420207,0.61119604,-0.64765453,-0.85234547,0.58666664,0.43,1
0.0787669,0.458256,-0.5007059,0.9992941,0.42666668,0.02,0
0.18353578,0.10950398,-0.50000465,0.99999535,0.25,0.35,0
0.64574647,0.6842888,-0.51517564,0.98482436,0.43666667,0.58666664,1
0.335686,0.19404243,0.5064321,0.9935679,0.31666666,0.25666666,0
0.081998326,0.7337864,-0.5173958,-0.9826042,0.19,0.43333334,1
0.82028675,0.8796559,0.51371676,0.98628324,0.43666667,0.74666667,1
0.9465553,0.41388288,0.502485,-0.997515,0.85,0.44,0
0.71989244,0.31834593,-0.5010391,0.9989609,0.56,0.6566667,1
0.71730024,0.7926916,0.5300703,-0.9699297,0.62,0.43,0
0.37704468,0.28501973,-0.5008056,0.9991944,0.42666668,0.31,0
0.60119045,0.4398305,-0.50041336,0.99958664,0.44,0.54333335,1
0.23981375,0.56216604,-0.5027061,0.9972939,0.44,0.18,1
0.92137295,0.72761387,-0.50065637,0.99934363,0.43,0.85,0
0.9118948,0.03502063,0.5197696,-0.9802304,0.83666664,0.42666668,0
0.10164026,0.56106824,0.500331,-0.999669,0.02,0.43666667,0
0.7966576,0.07761519,-0.5045667,0.9954333,0.72,0.48,1
0.101444356,0.504373,-0.5003193,0.9996807,0.43666667,0.036666665,1
0.3893887,0.6106212,0.5215902,0.9784098,0.43666667,0.32,1
0.63533276,0.07207917,-0.5004637,0.9995363,0.55,0.48,1
0.038643915,0.8724801,-0.5001989,-0.9998011,0.33,0.14,1
0.26979753,0.38933527,-0.5000045,-0.9999955,0.2,0.43,0
0.09855852,0.4255743,-0.5005326,0.9994674,0.43666667,0.046666667,1
0.32896224,0.7080257,-0.50120753,0.99879247,0.44,0.27,1
0.65282243,0.5851258,-0.5273846,0.9726154,0.42666668,0.58666664,0
0.0478401,0.79501224,0.51241416,-0.98758584,0.26,0.24,1
0.6606245,0.8326553,-0.512229,-0.987771,0.58,0.56,0
0.55277216,0.27560684,0.92613584,0.57386416,0.42666668,0.42,0
0.512045,0.6069437,-0.75348204,-0.74651796,0.45666668,0.44,1
0.5583606,0.9329212,-0.50029653,-0.99970347,0.47,0.48,0
0.88387877,0.14546768,-0.65209,0.84791,0.71,0.57666665,1
0.8315024,0.9403678,0.52192074,-0.97807926,0.46666667,0.7,0
0.9705276,0.4661419,0.5199944,-0.9800056,0.85,0.43,0
0.5971685,0.5179306,0.5115045,-0.9884955,0.52666664,0.42666668,0
0.8309927,0.62547076,-0.5049162,0.9950838,0.43,0.77,0
0.46815395,0.6573832,0.77555716,-0.72444284,0.38,0.43666667,0
0.6665498,0.56542057,0.50078905,0.99921095,0.43666667,0.58666664,1
0.2296877,0.05589658,0.50429994,0.99570006,0.16666667,0.40666667,0
0.8481286,0.8420578,0.5009595,0.9990405,0.43666667,0.77666664,1
0.39196348,0.47799963,-0.75276834,0.74723166,0.44,0.33666667,1
0.7593115,0.7794074,0.5018849,0.9981151,0.43666667,0.68666667,1
0.7546533,0.635,0.58904594,0.5,0.42333335,0.68333334,0
0.54516965,0.3532429,-0.5002205,0.9997795,0.43,0.48,0
0.9366879,0.86303353,-0.5253485,0.9746515,0.43666667,0.85,1
0.65703326,0.79433143,-0.50001544,-0.99998456,0.6,0.53,1
0.40323034,0.47719386,-0.52124214,0.97875786,0.43,0.35,0
0.58597606,0.32512003,0.5006407,0.9993593,0.43666667,0.50666666,1
0.06770455,0.38413402,0.5001303,0.9998697,0.42666668,0.08,0
0.16043843,0.17571905,-0.5398302,-0.9601698,0.1,0.44,1
0.66070664,0.197681,0.58991283,-0.91008717,0.58,0.42666668,0
0.1310038,0.8366708,0.75276834,0.74723166,0.44,0.05666667,1
0.8079173,0.49537572,-0.5024313,-0.9975687,0.74666667,0.43,1
0.43755943,0.49382576,-0.5021835,0.9978165,0.44,0.38,1
0.744019,0.047815185,-0.5014398,-0.9985602,0.68,0.43,1
0.5362737,0.91604275,-0.51030093,-0.98969907,0.47,0.46,1
0.6996273,0.5889537,0.50067776,0.99932224,0.43666667,0.62666667,1
0.80716926,0.8546219,0.5000279,-0.9999721,0.5566667,0.54,0
0.10829992,0.22038125,0.51814,-0.98186,0.026666667,0.43666667,0
0.7640842,0.30461815,0.5000597,0.9999403,0.43,0.69666666,0
0.13561353,0.13509342,0.7345716,0.7654284,0.15666667,0.3,0
0.57934254,0.8309446,0.50005,-0.99995,0.5,0.44,0
0.2686093,0.2968254,-0.6788811,-0.8211189,0.21666667,0.43,1
0.69682205,0.78786975,-0.77740985,-0.72259015,0.63666666,0.59,1
0.24633168,0.5122558,0.5000129,0.9999871,0.42333335,0.17,0
0.38633528,0.7222531,0.5000129,0.9999871,0.43333334,0.32,1
0.5860285,0.7424931,-0.5185752,0.9814248,0.44,0.52666664,1
0.622107,0.7960401,-0.5320281,-0.9679719,0.56,0.52,1
0.72615546,0.5349855,0.5006407,0.9993593,0.42666668,0.6566667,0
0.8996259,0.11176964,-0.5000169,-0.9999831,0.83,0.44,0
0.47119495,0.07139381,-0.627366,0.872634,0.43,0.41666666,0
0.028355947,0.37902305,-0.51621485,-0.98378515,0.016666668,0.42666668,1
0.9015874,0.2794888,-0.50028217,0.99971783,0.57666665,0.6766667,1
0.7554426,0.15204313,-0.50045544,-0.99954456,0.69,0.44,1
0.054989032,0.63117677,0.50042564,0.99957436,0.43666667,0.016666668,1
0.9265075,0.5833416,-0.5033707,-0.9966293,0.82666665,0.43,0
0.68496513,0.8813138,0.57368,0.92632,0.43666667,0.61,1
0.17702541,0.83754593,-0.5000159,0.9999841,0.44,0.11,1
0.32876328,0.69938004,0.88104844,0.61895156,0.44,0.21666667,1
0.6700684,0.67243665,-0.5177943,-0.9822057,0.6066667,0.52,1
0.54194784,0.6339695,0.5003203,0.9996797,0.43666667,0.47666666,1
0.09243308,0.26669136,0.5059156,0.9940844,0.3,0.19,0
0.6481394,0.8765443,0.5010363,0.9989637,0.42666668,0.57,0
0.5243902,0.17615013,-0.5159636,-0.9840364,0.45666668,0.42666668,0
0.8540441,0.60386026,-0.5308334,-0.9691666,0.7866667,0.43666667,0
0.2633139,0.6914932,-0.65557605,0.84442395,0.44,0.19666667,1
0.89374113,0.92567027,0.51130503,0.98869497,0.42666668,0.81666666,0
0.8621275,0.34416574,0.7459828,-0.7540172,0.78333336,0.42666668,0
0.908897,0.5382356,0.5044477,-0.9955523,0.82666665,0.44,0
0.04854336,0.09170894,0.50130165,-0.99869835,0.016666668,0.44,1
0.5900323,0.3703517,0.63427335,-0.86572665,0.52,0.43666667,0
0.46764505,0.4271448,-0.5004585,-0.9995415,0.41,0.44,1
0.8085279,0.12286148,-0.50458866,-0.99541134,0.75,0.43,1
0.38258,0.27537644,0.5286869,0.9713131,0.37666667,0.30666667,0
0.6715067,0.65706384,-0.50029564,0.99970436,0.42666668,0.6166667,0
0.24487059,0.24607988,-0.5092693,0.9907307,0.43666667,0.20666666,1
0.16492204,0.045586318,-0.5028157,0.9971843,0.13666667,0.41,0
0.5763956,0.023394449,0.5000083,0.9999917,0.51,0.43,1
0.45399967,0.24610603,-0.50296223,0.99703777,0.44,0.4,1
0.78872633,0.56411207,-0.51489604,-0.98510396,0.7266667,0.42666668,1
0.3096707,0.13459642,-0.50001204,0.99998796,0.42666668,0.31666666,0
0.6140981,0.550443,0.50309443,0.99690557,0.43666667,0.5466667,1
0.15633667,0.9129087,-0.5021835,0.9978165,0.44,0.1,1
0.56819206,0.91926056,0.5136162,0.9863838,0.43,0.49,0
0.15220086,0.6681307,0.5186407,-0.9813593,0.13,0.36,1
0.711773,0.28295985,0.5032929,-0.9967071,0.64666665,0.42666668,1
0.3768709,0.8795004,0.50000465,0.99999535,0.44,0.30666667,1
0.7229713,0.84803945,0.507403,0.992597,0.43666667,0.6566667,1
0.16465174,0.37526223,0.51050186,0.98949814,0.41,0.1,0
0.4974209,0.32252312,-0.563028,-0.936972,0.44666666,0.44,1
0.3758785,0.3084973,0.521164,-0.978836,0.3,0.42666668,0
0.35554728,0.8872234,0.512821,-0.987179,0.33666667,0.30666667,1
0.036621585,0.8855298,0.698525,0.801475,0.44,0.016666668,1
0.66865104,0.13675092,-0.52914256,-0.97085744,0.6,0.44,0
0.7485171,0.81762284,0.5004145,0.9995855,0.42666668,0.6766667,0
0.25946206,0.19768159,0.8060984,-0.6939016,0.17666666,0.43,0
0.21287476,0.499094,0.52745646,-0.97254354,0.13,0.43666667,0
0.7233103,0.64335555,0.53122944,0.96877056,0.42666668,0.6566667,0
0.87926424,0.62373734,-0.5007309,-0.9992691,0.7866667,0.42666668,0
0.9590353,0.27749988,0.5253711,-0.9746289,0.85,0.43,0
0.49553102,0.3887993,0.58991283,-0.91008717,0.43,0.43666667,1
0.57590264,0.25872982,-0.51489604,-0.98510396,0.51666665,0.43666667,1
0.50911605,0.34779957,0.50194025,-0.99805975,0.43,0.42666668,0
0.32751498,0.033039324,-0.989443,0.510557,0.35,0.42666668,0
0.67709965,0.3615686,-0.5308334,-0.9691666,0.6166667,0.42666668,1
0.14973073,0.86454594,0.61351997,-0.88648003,0.31,0.13666667,1
0.8509691,0.63470936,0.5179022,-0.9820978,0.78,0.44,0
0.78490835,0.4715581,-0.5030861,-0.9969139,0.71666664,0.42666668,0
0.49944767,0.4624742,0.5006483,0.9993517,0.43666667,0.42666668,1
0.30148017,0.14790055,0.5004145,0.9995855,0.27666667,0.30666667,0
0.48051807,0.42610693,-0.50003225,0.99996775,0.44,0.42,1
0.34654438,0.6659322,-0.5008426,0.9991574,0.43,0.29,0
0.5530376,0.3955547,0.50078905,0.99921095,0.42666668,0.47666666,0
0.7188616,0.29501665,-0.5006671,0.9993329,0.56,0.6566667,1
0.32578787,0.029333241,0.50067776,0.99932224,0.25666666,0.42666668,0
0.9462942,0.18176846,-0.5000169,-0.9999831,0.85,0.43,0
0.7371628,0.73703563,0.50742054,-0.99257946,0.66,0.44,0
0.90312177,0.096038535,-0.50225157,-0.99774843,0.85,0.43,1
0.39872372,0.28092998,-0.5009924,-0.9990076,0.33666667,0.44,1
0.623606,0.6874159,0.5000079,0.9999921,0.43666667,0.5566667,1
0.12742338,0.3783954,0.50006485,0.99993515,0.43,0.08,0
0.24408698,0.6979238,-0.52886987,0.97113013,0.43,0.18,0
0.8917902,0.7158974,-0.52632076,0.97367924,0.43,0.84,0
0.69477314,0.88204384,-0.512229,-0.987771,0.53,0.61,0
0.05633125,0.61459064,0.50001204,0.99998796,0.42666668,0.016666668,0
0.1603101,0.44604817,-0.5081018,0.9918982,0.42666668,0.096666664,0
0.79621756,0.12569748,0.515526,-0.984474,0.71666664,0.42666668,0
0.68991435,0.729955,0.50000083,0.99999917,0.43666667,0.6066667,1
0.36193728,0.06558483,0.5004127,0.9995873,0.30666667,0.38666666,0
0.09209543,0.20331457,0.5014085,-0.9985915,0.026666667,0.42666668,1
0.4844299,0.4239786,-0.5021835,0.9978165,0.43,0.43,0
0.65063566,0.9621548,0.53151906,0.96848094,0.43666667,0.57,1
0.02467372,0.8246031,0.5108536,-0.9891464,0.28,0.22,1
0.35629484,0.46495616,-0.50522786,-0.99477214,0.3,0.43,1
0.16626713,0.051771533,-0.5000179,0.9999821,0.15,0.4,0
0.6435814,0.70248985,-0.5008655,-0.9991345,0.58666664,0.49,1
0.11562476,0.51642126,0.5001157,-0.9998843,0.04,0.43,0
0.17095095,0.5823744,0.53011113,0.96988887,0.43666667,0.096666664,1
0.9587698,0.060491502,-0.8007053,-0.6992947,0.85,0.43,0
0.3949978,0.34314212,-0.5078141,-0.9921859,0.33666667,0.43,1
0.1607916,0.10675422,-0.5078778,0.9921222,0.23666666,0.35,0
0.15646335,0.7481888,-0.5229062,0.9770938,0.44,0.1,1
0.7566324,0.40659186,-0.522971,0.977029,0.46,0.70666665,1
0.43312863,0.36227128,0.5209307,0.9790693,0.43666667,0.35666665,1
0.1998695,0.5415517,-0.52563053,-0.97436947,0.13666667,0.43666667,1
0.30348855,0.060643535,0.5000027,0.9999973,0.24666667,0.39666668,0
0.7794793,0.27517247,0.512821,-0.987179,0.69666666,0.42666668,0
0.8265041,0.052212622,0.50348336,-0.99651664,0.75666666,0.43666667,0
0.394965,0.06451349,-0.5003193,0.9996807,0.39666668,0.39666668,0
0.88327336,0.95640635,-0.52169967,0.97830033,0.42666668,0.83,0
0.23673263,0.6503653,-0.5009277,-0.9990723,0.17,0.42666668,0
0.10076771,0.9220297,-0.51504123,-0.98495877,0.38,0.13,1
0.45303962,0.23440565,0.50683254,0.99316746,0.42666668,0.37,0
0.28029805,0.7910017,-0.5166259,-0.9833741,0.24666667,0.42666668,1
0.6034284,0.36618823,0.6409517,-0.8590483,0.52,0.42666668,0
0.6529649,0.3202943,0.52144563,-0.97855437,0.58666664,0.43666667,1
0.687207,0.7735179,0.5010652,-0.9989348,0.62,0.43,0
0.83053505,0.46932915,0.5000301,0.9999699,0.43,0.75,0
0.21025102,0.18502332,-0.64765453,-0.85234547,0.14666666,0.43,1
0.5557675,0.46481478,0.50010365,0.99989635,0.43666667,0.48666668,1
0.83599734,0.41707027,0.51203626,-0.98796374,0.75666666,0.43666667,0
0.79895055,0.4699747,0.50014836,-0.99985164,0.7266667,0.44,0
0.85474825,0.5270241,0.5211383,0.9788617,0.43,0.7866667,0
0.79758763,0.57047886,-0.51224136,0.98775864,0.43,0.74666667,0
0.7012495,0.08283872,-0.5113399,-0.9886601,0.64,0.43,1
0.27270028,0.15953867,-0.52574813,-0.97425187,0.20666666,0.43,1
0.6628259,0.1729367,0.5033819,0.9966181,0.44,0.58,1
0.035606246,0.6364074,0.5001157,-0.9998843,0.1,0.43,1
0.03659372,0.759443,-0.52699023,-0.97300977,0.22,0.36,1
0.22289492,0.69317585,-0.698525,0.801475,0.44,0.15666667,1
0.60411257,0.9268412,0.5017937,-0.9982063,0.48,0.45,0
0.23456429,0.66966444,0.53011113,0.96988887,0.42666668,0.16666667,0
0.27286625,0.89547074,0.52169174,-0.97830826,0.35,0.21666667,1
0.26656684,0.74748373,-0.65209,0.84791,0.44,0.20666666,1
0.84243035,0.8007268,0.5034344,0.9965656,0.42666668,0.77666664,0
0.76127046,0.28325254,0.6306644,0.8693356,0.42666668,0.68,0
0.2304169,0.87040275,-0.52661175,0.97338825,0.44,0.17666666,1
0.6523666,0.8987111,-0.50010276,-0.99989724,0.52,0.56,0
0.63667005,0.49492392,0.50781536,-0.99218464,0.56,0.43666667,0
0.3517511,0.643179,-0.5002205,0.9997795,0.44,0.29,1
0.441054,0.52940744,0.6409517,-0.8590483,0.37,0.43666667,0
0.6197893,0.3460203,-0.5175913,-0.9824087,0.56666666,0.43666667,1
0.90821093,0.53761846,0.50021905,0.99978095,0.43,0.84,0
0.22192088,0.91018987,-0.50436693,0.99563307,0.43,0.16666667,0
0.89356625,0.19935153,-0.54862225,0.95137775,0.67,0.6066667,1
0.32290268,0.2079926,-0.5081018,0.9918982,0.42666668,0.25666666,0
0.28935778,0.17438117,0.8549946,0.6450054,0.24666667,0.21,0
0.45947936,0.22937128,0.5184049,-0.9815951,0.38,0.44,0
0.27459452,0.6330401,0.50016946,0.99983054,0.43666667,0.2,1
0.6706121,0.63263154,0.500038,0.999962,0.42666668,0.5966667,0
0.55167264,0.16970514,-0.5105616,0.9894384,0.45,0.49666667,1
0.936357,0.31198964,-0.50458866,-0.99541134,0.85,0.44,0
0.6033812,0.60951763,0.8275142,0.6724858,0.43,0.47666666,0
0.87452006,0.42370677,0.50013924,0.99986076,0.44,0.8,1
0.7666929,0.079566866,0.50000006,-0.99999994,0.69666666,0.43666667,0
0.49538514,0.44706953,-0.5007498,-0.9992502,0.43666667,0.43,1
0.8240887,0.044021066,0.5206211,0.9793789,0.71,0.44666666,1
0.6116651,0.6606416,-0.5078141,-0.9921859,0.5566667,0.45,1
0.6420119,0.7839215,0.5003203,0.9996797,0.42666668,0.56666666,0
0.34801197,0.37681505,-0.51097316,-0.98902684,0.28,0.44,0
0.56359595,0.19341573,-0.50492764,-0.99507236,0.49666667,0.44,0
0.36329937,0.7398091,0.50348336,-0.99651664,0.28666666,0.36666667,0
0.3853564,0.110117644,-0.71200377,-0.78799623,0.32,0.42666668,1
0.8331618,0.20274426,-0.62816745,0.87183255,0.65,0.63666666,1
0.18877934,0.80794257,-0.5093287,-0.9906713,0.27,0.41666666,1
0.8283325,0.5445477,0.51456034,0.98543966,0.43666667,0.75666666,1
0.866339,0.83839506,-0.6625102,-0.8374898,0.58666664,0.69,0
0.1061511,0.205,-0.47978777,-0.5,0.043333333,0.42333335,1
0.17225553,0.26180515,0.56180507,0.93819493,0.26666668,0.18,0
0.27241507,0.7307696,0.50009644,0.99990356,0.42666668,0.19666667,0
0.027769309,0.7244031,-0.5004821,-0.9995179,0.18,0.38,1
0.07061543,0.79322976,-0.5164681,-0.9835319,0.26,0.32,1
0.14738837,0.6199272,0.8007053,-0.6992947,0.06666667,0.43,0
0.7006934,0.7274733,-0.50600386,-0.99399614,0.63666666,0.56,1
0.78973246,0.3433918,0.5000083,0.9999917,0.43,0.71,0
0.59542984,0.15175073,0.511488,0.988512,0.44,0.52666664,1
0.39126256,0.23044406,0.5018849,0.9981151,0.38666666,0.31666666,0
0.2789565,0.33876863,-0.50010276,-0.99989724,0.22,0.44,1
0.14321874,0.49258026,-0.5241575,0.9758425,0.42666668,0.086666666,0
0.19394453,0.4909872,-0.51032966,0.98967034,0.42666668,0.13,0
0.41283298,0.16292478,0.5034344,0.9965656,0.38666666,0.33666667,0
0.37172547,0.21257725,0.50030553,0.99969447,0.36666667,0.29666665,0
0.6142088,0.81534016,0.56180507,0.93819493,0.43666667,0.55,1
0.42645738,0.75141585,0.50531006,0.99468994,0.44,0.36,1
0.50358266,0.64843607,-0.50000733,0.99999267,0.43,0.44666666,0
0.5602427,0.45418298,0.5050806,-0.9949194,0.48666668,0.43666667,0
0.4616158,0.19951986,-0.50030565,0.99969435,0.44,0.41,1
0.7173026,0.21211804,0.50252825,-0.99747175,0.63666666,0.43666667,0
0.51854324,0.41370308,-0.5136611,0.9863389,0.44,0.46,1
0.73615444,0.058187,-0.51137877,0.98862123,0.67,0.47,1
0.9339582,0.79956424,0.51854765,-0.98145235,0.6166667,0.55,0
0.06798558,0.60273457,-0.5037549,0.9962451,0.43666667,0.016666668,1
0.13902543,0.25839365,0.5215902,0.9784098,0.25666666,0.2,0
0.4368755,0.31489116,0.5230616,0.9769384,0.42666668,0.35666665,0
0.94787914,0.64673173,0.50095034,0.99904966,0.43,0.85,0
0.42327976,0.417861,0.5537972,-0.9462028,0.34,0.42666668,0
0.4733595,0.51956683,0.50000006,-0.99999994,0.39666668,0.43666667,0
0.90740985,0.21058553,0.51305026,0.98694974,0.51,0.62666667,1
0.053208895,0.60287577,-0.51798415,0.98201585,0.43666667,0.016666668,1
0.02092866,0.62199247,0.57427037,0.92572963,0.43,0.016666668,0
0.8200659,0.6391764,-0.51843274,0.98156726,0.43,0.76,0
0.77613103,0.9309168,-0.95777416,0.54222584,0.43,0.74666667,0
0.06670977,0.35642153,-0.52563053,-0.97436947,0.016666668,0.42666668,1
0.40653318,0.187592,0.8487122,-0.6512878,0.29666665,0.43,0
0.43871045,0.47553837,-0.5006744,0.9993256,0.44,0.38,1
0.13212416,0.73228043,0.51894695,-0.98105305,0.19,0.28,1
0.18469654,0.8620308,-0.5195257,0.9804743,0.43,0.12,0
0.79098684,0.41225195,-0.5205033,-0.9794967,0.7266667,0.44,1
0.43618187,0.49553615,-0.5054786,-0.9945214,0.37,0.44,1
0.11422536,0.03604396,-0.5065146,-0.9934854,0.06,0.43,1
0.26644942,0.22879,-0.5167374,0.9832626,0.42666668,0.22666667,0
0.38360742,0.4689149,-0.5073324,-0.9926676,0.32,0.44,1
0.113676,0.7222502,0.52472216,0.97527784,0.42666668,0.036666665,0
0.25266975,0.9170738,0.5167374,0.9832626,0.42666668,0.17666666,0
0.2180339,0.9314813,0.5004454,-0.9995546,0.39666668,0.16666667,1
0.8121368,0.6358167,-0.5316995,-0.9683005,0.74666667,0.45666668,1
0.93381584,0.9588364,-0.50091505,0.99908495,0.42666668,0.85,0
0.71355534,0.2727791,-0.5249247,-0.9750753,0.66,0.44,1
0.6509442,0.0984181,-0.5297975,0.9702025,0.58,0.5,1
0.3289892,0.36406335,0.5598256,0.9401744,0.37666667,0.26,0
0.07415346,0.22196212,0.50203097,-0.99796903,0.016666668,0.43666667,1
0.76913834,0.4308483,-0.5000791,0.9999209,0.45,0.71666664,1
0.41792277,0.44846356,-0.5044205,0.9955795,0.44,0.35,1
0.200449,0.35539302,-0.50062895,-0.99937105,0.14,0.43,1
0.94326705,0.11072689,0.5042508,0.9957492,0.7366667,0.51666665,1
0.8339198,0.17135768,0.5198499,0.9801501,0.5,0.58666664,1
0.42779836,0.9240637,0.5001303,0.9998697,0.42666668,0.36,0
0.6265097,0.17974433,-0.5122008,-0.9877992,0.57666665,0.43333334,1
0.3994902,0.03966605,0.50213397,-0.99786603,0.32666665,0.43666667,0
0.28991368,0.12995555,0.50000083,0.99999917,0.25666666,0.32666665,0
0.42979896,0.6293342,-0.5000045,-0.9999955,0.36,0.43,0
0.2095157,0.02602558,0.50429994,0.99570006,0.13666667,0.43666667,0
0.78935003,0.92461824,0.52311164,0.97688836,0.42666668,0.72,0
0.46306863,0.18678714,0.50073224,-0.99926776,0.38,0.43,0
0.26531813,0.3344684,-0.95777416,0.54222584,0.43,0.30666667,0
0.5483341,0.53689873,-0.6625102,-0.8374898,0.48666668,0.43,1
0.52834964,0.29158437,-0.5003713,0.9996287,0.43,0.46,0
0.32773224,0.06383634,0.7581381,-0.7418619,0.25666666,0.44,0
0.1806226,0.78532547,-0.52886987,0.97113013,0.44,0.13,1
0.8219965,0.83522767,-0.50037354,0.99962646,0.43,0.77,0
0.60834366,0.57339597,0.5004409,0.9995591,0.42666668,0.5366667,0
0.3257126,0.2886702,-0.51169413,-0.98830587,0.26,0.43,1
0.90868485,0.7664827,-0.52038777,0.97961223,0.44,0.84,1
0.35887602,0.0939854,0.50751734,0.99248266,0.30666667,0.36666667,0
0.22908266,0.6994644,0.51074183,0.98925817,0.42666668,0.14666666,0
0.73534685,0.25735345,-0.500196,-0.999804,0.68,0.43,1
0.36918214,0.27834097,0.50400573,-0.99599427,0.3,0.44,0
0.08569082,0.5076891,-0.52472216,0.97527784,0.42666668,0.016666668,0
0.80439156,0.14190349,0.5026198,-0.9973802,0.7266667,0.42666668,0
0.8063083,0.829151,-0.5029875,0.9970125,0.43,0.75,0
0.8357227,0.21798934,0.5165039,-0.9834961,0.75666666,0.43666667,0
0.021717563,0.5989347,0.51656884,0.98343116,0.42666668,0.016666668,0
0.9270624,0.20580576,-0.5273846,0.9726154,0.63666666,0.6166667,1
0.20723675,0.15788782,-0.50053424,-0.99946576,0.14,0.43,0
0.24606468,0.6449497,0.5537972,-0.9462028,0.18,0.36666667,1
0.5073727,0.5056515,-0.5045667,0.9954333,0.43,0.45,0
0.3028995,0.9582168,0.5143249,0.9856751,0.42666668,0.23666666,0
0.29576454,0.321459,-0.6788811,-0.8211189,0.24666667,0.44,1
0.4616172,0.5613599,0.64768004,-0.85231996,0.39,0.43666667,0
0.6795493,0.78614515,0.50326645,-0.99673355,0.5966667,0.43,0
0.7103605,0.07706569,-0.50095224,0.99904776,0.63,0.48,1
0.13773726,0.41116843,-0.79849994,-0.70150006,0.11666667,0.43,1
0.16027406,0.49645033,0.504134,-0.995866,0.08,0.44,0
0.7803847,0.067805655,-0.50001675,0.99998325,0.7,0.47666666,1
0.07598879,0.38050717,-0.52995205,-0.97004795,0.016666668,0.42666668,1
0.5604777,0.67483705,0.5928132,0.9071868,0.43666667,0.48,1
0.7164036,0.94593894,-0.50000775,-0.99999225,0.47,0.64,0
0.4960082,0.31196412,-0.5010743,0.9989257,0.43,0.44,0
0.92013025,0.8191933,0.51854765,-0.98145235,0.5966667,0.57,0
0.500904,0.48190218,-0.50010556,0.99989444,0.44,0.45,1
0.7138133,0.9527626,-0.5236314,0.9763686,0.43,0.66,0
0.7075296,0.605,0.58904594,0.5,0.42333335,0.62333333,0
0.43336955,0.61514914,-0.5045667,0.9954333,0.44,0.38,1
0.53183043,0.3732385,-0.5002205,0.9997795,0.43,0.48,0
0.77139634,0.046697307,-0.5005212,-0.9994788,0.72,0.43,1
0.6281656,0.70363736,-0.5167464,0.9832536,0.42666668,0.57666665,0
0.45281562,0.3800129,0.5537972,-0.9462028,0.38,0.42666668,0
0.81032944,0.64034843,-0.51448154,0.98551846,0.43,0.76,0
0.028269084,0.3792291,0.531707,-0.968293,0.016666668,0.42666668,1
0.65488756,0.877507,-0.5181309,-0.9818691,0.54,0.57,0
0.8265363,0.9280696,-0.525615,-0.974385,0.47666666,0.76,0
0.90506047,0.4570816,0.5002674,-0.9997326,0.84,0.43,1
0.92398936,0.67570716,-0.5000442,0.9999558,0.44,0.85,1
0.13020195,0.18950361,-0.50000465,0.99999535,0.33,0.27,0
0.7819798,0.6140138,-0.50020695,0.99979305,0.44,0.71666664,1
0.9678035,0.31400788,-0.5010652,-0.9989348,0.85,0.43,0
0.572435,0.21987179,-0.5010967,-0.9989033,0.51666665,0.42666668,1
0.5106869,0.59874165,0.5244904,0.9755096,0.42666668,0.44,0
0.4328968,0.52335614,-0.5084799,-0.9915201,0.37,0.43,1
0.8691795,0.5378028,0.5005234,0.9994766,0.43,0.8,0
0.66998017,0.70717376,0.50098497,-0.99901503,0.58666664,0.43,0
0.6314716,0.3728648,0.6666164,-0.8333836,0.55,0.43666667,0
0.95148104,0.120909125,-0.68871564,-0.81128436,0.85,0.42666668,0
0.3811704,0.39039296,0.6629521,0.8370479,0.43666667,0.3,1
0.7832672,0.348207,0.51315355,0.98684645,0.43,0.71666664,0
0.44209868,0.8682854,-0.5187125,0.9812875,0.42666668,0.37666667,0
0.21882974,0.17338398,0.5001441,-0.9998559,0.13666667,0.42666668,0
0.4481736,0.41034272,-0.503665,-0.996335,0.39,0.44,1
0.41707948,0.09931257,-0.5000193,0.9999807,0.42666668,0.36666667,0
0.36128357,0.7218473,0.7652515,-0.7347485,0.29,0.35666665,0
0.29670793,0.1409404,0.5000002,0.9999998,0.26666668,0.31666666,0
0.612216,0.10149538,0.51315355,0.98684645,0.44,0.50666666,1
0.8298463,0.10453414,-0.5242154,-0.9757846,0.77,0.43,1
0.8705856,0.6222934,-0.6306644,0.8693356,0.43666667,0.82,1
0.2511497,0.4979836,0.5056852,0.9943148,0.44,0.18,1
0.48341304,0.038795833,0.51109695,0.98890305,0.41,0.42,0
0.36176565,0.72437686,-0.51739687,-0.98260313,0.30666667,0.43,1
0.021627324,0.58119804,0.50042564,0.99957436,0.42666668,0.016666668,0
0.5201283,0.87906307,0.52586883,0.97413117,0.43,0.44,0
0.8233476,0.24187025,-0.5179022,-0.9820978,0.76,0.44,1
0.9184953,0.23327497,-0.52283937,0.97716063,0.6066667,0.63666666,1
0.54440004,0.8089311,-0.52203983,0.97796017,0.43,0.47666666,0
0.8758102,0.09395604,-0.5088335,-0.9911665,0.81,0.43,1
0.9598397,0.9465049,-0.7096902,-0.7903098,0.47666666,0.81,0
0.38544217,0.3630379,-0.50134796,-0.99865204,0.32,0.44,1
0.70592487,0.44822502,0.5246903,-0.9753097,0.62666667,0.42666668,0
0.24288404,0.026459236,0.51026183,0.98973817,0.16666667,0.42666668,0
0.6697862,0.7391333,-0.503665,-0.996335,0.6,0.53,0
0.8486782,0.83410627,-0.5019888,0.9980112,0.44,0.79,1
0.68841416,0.69334304,0.5004409,0.9995591,0.42666668,0.6166667,0
0.4069147,0.5082526,-0.52377355,-0.97622645,0.34,0.43,0
0.41401497,0.3700749,0.52169985,0.97830015,0.44,0.34666666,1
0.7588961,0.2231177,0.6514517,-0.8485483,0.69,0.43666667,0
0.6490526,0.18134037,0.5017188,-0.9982812,0.56666666,0.44,0
0.13333936,0.78837615,0.5,1.0,0.42666668,0.06666667,0
0.28722468,0.48531127,-0.50062895,-0.99937105,0.23,0.44,1
0.73771495,0.056457095,-0.5083545,0.9916455,0.67,0.46,1
0.2350278,0.14812346,-0.50066376,-0.99933624,0.18,0.43,1
0.7465447,0.06361931,0.5170289,0.9829711,0.6,0.46666667,1
0.42614707,0.9119239,-0.5009389,-0.9990611,0.36666667,0.43666667,1
0.32681918,0.57116145,0.50191456,0.99808544,0.42666668,0.26,0
0.62455815,0.65600705,0.5041908,-0.9958092,0.5566667,0.43666667,0
0.13403307,0.3620559,-0.5112502,-0.9887498,0.08,0.44,1
0.35529926,0.86854136,-0.50216186,-0.99783814,0.31666666,0.43666667,1
0.30200046,0.45180833,-0.5006263,0.9993737,0.43,0.24,0
0.029831368,0.23486914,0.7534691,-0.7465309,0.016666668,0.44,1
0.10440704,0.76107377,-0.5059363,-0.9940637,0.22,0.39666668,1
0.12742725,0.067582354,-0.515519,0.984481,0.14,0.39,0
0.778777,0.2739333,0.5002336,-0.9997664,0.71,0.42666668,0
0.49469125,0.8893167,-0.50028217,0.99971783,0.42666668,0.42666668,0
0.10227368,0.49803236,-0.50593334,-0.99406666,0.04,0.42666668,1
0.9042551,0.7476631,-0.5219326,-0.9780674,0.6566667,0.58666664,0
0.53249174,0.50352436,0.5000911,0.9999089,0.42666668,0.46666667,0
0.65231526,0.24937612,0.52196765,-0.97803235,0.57666665,0.43666667,0
0.1006867,0.8263563,-0.5229062,0.9770938,0.44,0.04,1
0.36739576,0.26450324,0.51757336,-0.98242664,0.29,0.44,0
0.59932566,0.32728404,-0.50380784,0.99619216,0.44,0.53,1
0.62978417,0.3912949,0.526411,-0.973589,0.5466667,0.42666668,0
0.72041106,0.15207548,0.5040408,-0.9959592,0.6566667,0.43666667,1
0.57623196,0.4311864,-0.5122189,0.9877811,0.43,0.51,0
0.9811741,0.9472687,-0.6625102,-0.8374898,0.45666668,0.82,0
0.6881441,0.837213,-0.50281036,0.99718964,0.44,0.63,1
0.6997552,0.7290858,-0.8549946,0.6450054,0.42666668,0.66,0
0.508724,0.5578513,-0.50066376,-0.99933624,0.45,0.44,1
0.036887217,0.6091037,-0.5067918,0.9932082,0.42666668,0.016666668,0
0.9427254,0.5196668,0.507139,0.992861,0.43,0.85,0
0.81502044,0.78054297,-0.50829893,0.99170107,0.43,0.75,0
0.40808678,0.54483813,-0.5178842,0.9821158,0.43,0.35,0
0.04943748,0.66880125,-0.5118726,0.9881274,0.42666668,0.016666668,0
0.97068125,0.7251904,-0.52192074,-0.97807926,0.68666667,0.48,0
0.26700804,0.28498787,-0.52320176,-0.97679824,0.2,0.44,0
0.6285218,0.53686047,0.5198449,-0.9801551,0.5566667,0.42666668,0
0.50852174,0.6373312,0.50034946,0.99965054,0.42666668,0.43,0
0.2904079,0.2893089,-0.5000193,0.9999807,0.43666667,0.23666666,1
0.51509315,0.11241763,0.5108536,-0.9891464,0.44,0.44,0
0.29678768,0.76269925,-0.51621485,-0.98378515,0.23666666,0.43666667,1
0.89249915,0.85877794,-0.6494489,-0.8505511,0.5566667,0.72,0
0.19899757,0.912859,-0.50595146,0.99404854,0.43,0.13666667,0
0.052692957,0.33693415,-0.52563053,-0.97436947,0.016666668,0.42666668,1
0.7239874,0.07160283,-0.51345724,-0.98654276,0.67,0.44,1
0.25204924,0.7601081,-0.51137877,0.98862123,0.44,0.2,1
0.2650364,0.4953645,0.5003403,-0.9996597,0.2,0.44,1
0.80594885,0.7603083,0.5293931,0.9706069,0.42666668,0.7366667,0
0.94729316,0.21139324,-0.51623225,0.98376775,0.6166667,0.6166667,1
0.74307513,0.72441506,0.50647163,-0.99352837,0.67,0.43,0
0.5505065,0.59773725,0.5093359,-0.9906641,0.48666668,0.43666667,1
0.5462561,0.41460556,-0.5029898,-0.9970102,0.48666668,0.43,1
0.13496524,0.89566433,-0.52699023,-0.97300977,0.36,0.22,1
0.13797231,0.6699895,0.5034597,-0.9965403,0.13,0.35,1
0.6553764,0.59861034,-0.53767246,-0.96232754,0.5966667,0.46,1
0.5494234,0.94767874,0.5309067,0.9690933,0.44,0.47,1
0.11700491,0.02893788,-0.51050186,0.98949814,0.06,0.43,0
0.7483343,0.5174095,-0.50034666,0.99965334,0.43666667,0.68666667,1
0.6335042,0.7829683,0.5000033,-0.9999967,0.5566667,0.43,0
0.4640133,0.22386833,0.5178344,0.9821656,0.42666668,0.38666666,0
0.5408767,0.86507225,-0.50062895,-0.99937105,0.49,0.44,1
0.6704625,0.58,0.49475977,0.5,0.43333334,0.5933333,1
0.4617901,0.49764502,-0.5016449,-0.9983551,0.41,0.44,1
0.060397103,0.10256816,0.50202596,-0.99797404,0.016666668,0.43,1
0.64637774,0.7107204,-0.51595175,0.98404825,0.42666668,0.57666665,0
0.5058732,0.70358175,-0.54862225,0.95137775,0.44,0.43666667,1
0.073959306,0.8965674,-0.5081393,-0.9918607,0.35,0.15,1
0.111285135,0.1865738,0.57368,0.92632,0.18666667,0.26,0
0.34936824,0.6122807,0.5006331,0.9993669,0.43,0.27,0
0.49375868,0.53325397,0.5031167,-0.9968833,0.41666666,0.42666668,0
0.7796287,0.48847017,0.5047706,-0.9952294,0.7,0.42666668,0
0.40486687,0.651606,0.5004454,-0.9995546,0.33666667,0.42666668,0
0.7110182,0.2837321,0.50286645,-0.99713355,0.64666665,0.42666668,1
0.4819116,0.2556008,0.50231403,0.99768597,0.42666668,0.40666667,0
0.71704257,0.7743761,0.51734567,-0.98265433,0.64,0.44,0
0.13818543,0.36195976,0.5080923,0.9919077,0.42,0.09,0
0.43168157,0.5484121,-0.7534691,-0.7465309,0.37666667,0.44,1
0.8313145,0.3074345,-0.53195244,0.96804756,0.55,0.7266667,1
0.08251214,0.936238,-0.50073224,-0.99926776,0.39,0.08,1
0.7500804,0.3982635,-0.5014654,-0.9985346,0.68666667,0.42666668,1
0.6129544,0.9762786,0.5044477,-0.9955523,0.42666668,0.54,0
0.5053537,0.47078243,0.5040408,-0.9959592,0.43666667,0.43666667,0
0.7312459,0.391805,-0.5030861,-0.9969139,0.6766667,0.42666668,1
0.19054854,0.8207037,0.5092693,0.9907307,0.43666667,0.12666667,1
0.965404,0.34788153,-0.5017937,-0.9982063,0.85,0.43,0
0.4621552,0.24973787,0.5140564,0.9859436,0.43666667,0.39666668,1
0.12438293,0.7559329,-0.5026387,-0.9973613,0.21,0.43,1
0.91228926,0.7425426,-0.5001479,0.9998521,0.44,0.85,1
0.039877623,0.25726506,-0.7534691,-0.7465309,0.016666668,0.43,1
0.7551048,0.0619517,0.51600355,-0.98399645,0.68,0.42666668,0
0.70969987,0.22856072,-0.50505555,-0.99494445,0.65,0.44,1
0.4975616,0.8183827,0.5268211,0.9731789,0.43,0.43,0
0.7038443,0.71198773,0.51371676,0.98628324,0.42666668,0.63666666,0
0.05312395,0.1053482,-0.5095113,0.9904887,0.13,0.36,0
0.057630416,0.101544045,-0.52053964,0.97946036,0.14,0.36,0
0.3405395,0.17349258,0.50586885,-0.99413115,0.27666667,0.42666668,1
0.43589455,0.123713546,0.8171431,-0.6828569,0.33666667,0.44,0
0.2568698,0.6995012,0.50000465,0.99999535,0.44,0.18666667,1
0.7736465,0.9516856,-0.500011,-0.999989,0.46,0.7,0
0.06562662,0.20099981,0.5001206,0.9998794,0.19,0.27,0
0.65940195,0.58656114,0.50253737,-0.99746263,0.57666665,0.43666667,0
0.7377414,0.17422058,-0.80257875,-0.69742125,0.69,0.43666667,1
0.43385327,0.4310396,0.5268914,0.9731086,0.43666667,0.35666665,1
0.38216808,0.4669133,-0.53019345,0.96980655,0.44,0.32,1
0.4269375,0.83999413,-0.50000834,-0.99999166,0.36666667,0.43666667,1
0.27795786,0.9677378,-0.8549946,0.6450054,0.43666667,0.29,1
0.8980906,0.14910936,-0.5218568,-0.9781432,0.83,0.44,0
0.11986998,0.4379001,-0.627366,0.872634,0.43,0.05666667,0
0.1314579,0.39638197,-0.5143249,0.9856751,0.43666667,0.06666667,1
0.6512447,0.8715482,-0.50984675,0.99015325,0.44,0.6,1
0.6008331,0.74407756,-0.5076937,0.9923063,0.43666667,0.5366667,1
0.40912938,0.7677188,0.51044905,0.98955095,0.43666667,0.33,1
0.7968647,0.46762744,-0.51517564,0.98482436,0.43666667,0.74666667,1
0.9062867,0.81795776,-0.5376543,-0.9623457,0.58666664,0.69,0
0.6949309,0.166711,-0.5003337,-0.9996663,0.64,0.44,1
0.27558583,0.93081945,0.5032929,-0.9967071,0.39666668,0.21666667,1
0.09229972,0.24099499,0.5001206,0.9998794,0.23,0.23,0
0.32227945,0.7180136,-0.50120753,0.99879247,0.43,0.26,0
0.1551479,0.041593745,-0.51169413,-0.98830587,0.09,0.44,1
0.6522593,0.30974406,0.5057325,-0.9942675,0.57666665,0.43666667,0
0.6585491,0.42896602,0.5115045,-0.9884955,0.57666665,0.43666667,0
0.43655697,0.39275813,-0.5008655,-0.9991345,0.37666667,0.44,1
0.21395238,0.940348,0.51160145,-0.98839855,0.40333334,0.14666666,1
0.38381284,0.2990743,-0.5107489,-0.9892511,0.33,0.43,1
0.43841794,0.64494604,0.53899324,0.96100676,0.43666667,0.36,1
0.12517779,0.8992003,0.700556,-0.799444,0.35,0.10666667,1
0.47129393,0.50808793,0.51871634,-0.98128366,0.40666667,0.43666667,1
0.568066,0.7793477,-0.50028217,0.99971783,0.43666667,0.51666665,1
0.7673045,0.55496186,-0.51314753,-0.98685247,0.71666664,0.42666668,1
0.6783023,0.68105876,-0.5204562,0.9795438,0.44,0.62666667,1
0.8920586,0.85167354,0.5001917,-0.9998083,0.56,0.62666667,0
0.9120068,0.16867222,-0.5218568,-0.9781432,0.85,0.44,1
0.03791558,0.077415556,0.5977547,0.9022453,0.07666667,0.38,0
0.44794965,0.40310165,-0.52574813,-0.97425187,0.39666668,0.44,1
0.32801604,0.34204116,-0.5035814,-0.9964186,0.26,0.44,0
0.44246554,0.88222826,-0.5116801,0.9883199,0.44,0.37666667,1
0.8304115,0.4363392,0.7985971,-0.7014029,0.72,0.42666668,0
0.3389042,0.21934438,-0.5241575,0.9758425,0.42666668,0.28666666,0
0.4320622,0.66913205,0.5240723,0.9759277,0.43666667,0.35,1
0.11885901,0.86663103,-0.50197065,-0.99802935,0.33,0.24,1
0.5741507,0.84414995,0.5284136,-0.9715864,0.49666667,0.43,0
0.085826874,0.87458014,-0.5297975,0.9702025,0.44,0.02,1
0.8498222,0.026367625,0.50473696,0.99526304,0.77666664,0.42666668,1
0.5297606,0.5003911,-0.64765453,-0.85234547,0.47666666,0.44,1
0.92297983,0.9203146,0.5034344,0.9965656,0.42666668,0.85,0
0.1847488,0.8904819,-0.5069252,-0.9930748,0.36,0.26,1
0.54071623,0.46347213,0.5031167,-0.9968833,0.46666667,0.43666667,0
0.5873591,0.7927202,-0.50473696,0.99526304,0.42666668,0.5366667,0
0.92303675,0.27140227,0.5008524,0.9991476,0.43666667,0.69,1
0.6341712,0.45527393,0.5081575,-0.9918425,0.5566667,0.42666668,0
0.035392415,0.6000913,0.50339705,0.99660295,0.43666667,0.016666668,1
0.22582896,0.967807,0.7259763,0.7740237,0.43,0.15666667,0
0.23137291,0.911394,0.75276834,0.74723166,0.44,0.15666667,1
0.95221263,0.08709823,-0.5864834,0.9135166,0.78,0.50666666,1
0.33144516,0.9114792,0.5004153,-0.9995847,0.37666667,0.28666666,1
0.10237845,0.8227345,-0.5105616,0.9894384,0.43,0.036666665,0
0.5841656,0.2618131,0.52169967,0.97830033,0.43666667,0.50666666,1
0.14364019,0.96312344,-0.5044655,-0.9955345,0.43,0.1,1
0.6652251,0.9557604,-0.50705683,-0.99294317,0.45,0.6,0
0.6646693,0.8541184,-0.5320281,-0.9679719,0.56,0.58,0
0.20378245,0.61211365,-0.5042906,0.9957094,0.43,0.14,0
0.66250825,0.5411159,0.506815,0.993185,0.43666667,0.58,1
0.5376388,0.9227871,0.5059156,0.9940844,0.44,0.47,1
0.53709847,0.52745247,-0.5024099,0.9975901,0.43,0.48,0
0.41464296,0.11829339,-0.52343625,-0.97656375,0.35666665,0.43,1
0.6082637,0.13617326,-0.50248986,0.99751014,0.51,0.55,1
0.25146484,0.11447944,0.5003575,-0.9996425,0.18666667,0.42666668,1
0.25543368,0.28190255,-0.5017606,0.9982394,0.42666668,0.19666667,0
0.24667649,0.49915192,0.52586883,0.97413117,0.44,0.17,1
0.11136474,0.32440436,0.5003575,-0.9996425,0.036666665,0.43666667,0
0.692087,0.09144853,-0.52674025,0.97325975,0.62,0.5,1
0.23159419,0.042594913,0.5020201,-0.9979799,0.15666667,0.42666668,0
0.95066655,0.6978239,-0.5014654,-0.9985346,0.70666665,0.46666667,0
0.15635131,0.6096019,-0.5289393,-0.9710607,0.096666664,0.43666667,1
0.29141194,0.97145426,0.5004153,-0.9995847,0.43666667,0.22666667,1
0.32394993,0.1560475,0.8060984,-0.6939016,0.23666666,0.43,0
0.86157733,0.63947487,0.50790006,0.99209994,0.42666668,0.7966667,0
0.51400214,0.60807174,0.7459828,-0.7540172,0.43333334,0.43666667,0
0.065998435,0.32258388,0.8060984,-0.6939016,0.016666668,0.43,1
0.7308917,0.4836576,-0.5033929,0.9966071,0.42666668,0.6766667,0
0.7037203,0.70738447,-0.6108362,-0.8891638,0.63666666,0.55,0
0.12348432,0.4221671,0.50092846,-0.99907154,0.05666667,0.43666667,0
0.455067,0.9586338,-0.500537,0.999463,0.43666667,0.38666666,1
0.738949,0.61194503,0.5167617,0.9832383,0.42666668,0.6666667,0
0.5186915,0.7960283,0.50253737,-0.99746263,0.44666666,0.42666668,0
0.2548756,0.27444643,-0.5003193,0.9996807,0.42666668,0.18666667,0
0.95186913,0.63604337,-0.5003444,-0.9996556,0.76666665,0.43,0
0.42651528,0.16747761,0.5000026,-0.9999974,0.36,0.43666667,1
0.84100974,0.48688382,0.50095034,0.99904966,0.43,0.76,0
0.62775403,0.43691507,0.5197696,-0.9802304,0.5466667,0.43666667,0
0.94225633,0.22902578,-0.500537,0.999463,0.6066667,0.63666666,1
0.3038888,0.7804247,-0.51587325,-0.98412675,0.23666666,0.42666668,0
0.54570985,0.17991567,-0.5010967,-0.9989033,0.47666666,0.42666668,0
0.41280666,0.7170996,0.50294715,-0.99705285,0.33666667,0.42666668,0
0.72182393,0.20358099,-0.5002575,-0.9997425,0.66,0.44,1
0.14124465,0.05412453,-0.50032246,-0.99967754,0.08,0.43,1
0.91596746,0.12032409,0.5199303,0.9800697,0.6666667,0.52666664,1
0.3813831,0.6356548,0.51871634,-0.98128366,0.31666666,0.40666667,1
0.9103882,0.94040406,0.501508,-0.998492,0.46666667,0.79,0
0.7153059,0.08715882,-0.5002034,0.9997966,0.63,0.5,1
0.8802799,0.80037886,-0.563028,-0.936972,0.6166667,0.67,0
0.5898108,0.3863669,0.6112826,-0.8887174,0.51,0.43666667,0
0.08214612,0.6146457,-0.5216453,0.9783547,0.42666668,0.026666667,0
0.90779334,0.13997243,0.51595175,0.98404825,0.62666667,0.5566667,1
0.7167052,0.7617653,0.507227,-0.992773,0.65,0.43,0
0.74753463,0.5050058,-0.51489604,-0.98510396,0.68666667,0.42666668,1
0.21707092,0.505912,0.50550735,0.99449265,0.43,0.15,0
0.5544171,0.06515524,0.50142974,-0.99857026,0.48,0.44,0
0.29585218,0.5411232,-0.50130165,-0.99869835,0.23,0.43,1
0.604559,0.37511253,0.989443,0.510557,0.44,0.41666666,1
0.36917278,0.4541683,-0.5398302,-0.9601698,0.31,0.43,1
0.06921835,0.7858938,0.5186407,-0.9813593,0.25,0.24,1
0.68530834,0.32093465,0.5055945,-0.9944055,0.6166667,0.42666668,0
0.27700302,0.41885737,-0.51884925,0.98115075,0.44,0.22,1
0.4831131,0.11710795,-0.5159636,-0.9840364,0.41666666,0.42666668,1
0.10081931,0.2359383,0.52165866,-0.97834134,0.036666665,0.42666668,1
0.8036057,0.3375542,0.522316,0.977684,0.44,0.72,1
0.11715046,0.79581285,0.50468653,0.99531347,0.43666667,0.046666667,1
0.050401665,0.58923954,-0.5067918,0.9932082,0.42666668,0.016666668,0
0.5816539,0.05354616,-0.5027061,0.9972939,0.51,0.47,1
0.17717871,0.9332719,0.52316904,0.97683096,0.43666667,0.10666667,1
0.6242165,0.28957045,-0.52518547,-0.97481453,0.56666666,0.42666668,1
0.8179017,0.82795846,-0.7096902,-0.7903098,0.62666667,0.66,0
0.56513107,0.09560988,0.5126755,0.9873245,0.43,0.5,0
0.74507916,0.4792769,-0.5003867,-0.9996133,0.6766667,0.42666668,0
0.06391612,0.56937534,-0.5067918,0.9932082,0.42666668,0.016666668,0
0.08386042,0.2956365,-0.5278627,0.9721373,0.43,0.15666667,0
0.1250717,0.11705307,-0.50077933,-0.99922067,0.07,0.43,1
0.42365858,0.5644334,-0.50522786,-0.99477214,0.36,0.43,1
0.80429864,0.20563968,-0.51301336,0.98698664,0.67,0.6166667,1
0.722162,0.11507171,0.54990953,-0.95009047,0.65,0.43666667,0
0.7716161,0.56215024,-0.5175913,-0.9824087,0.70666665,0.43666667,1
0.10549725,0.5107918,0.5080815,0.9919185,0.42666668,0.026666667,0
0.18411514,0.7898206,-0.50352585,0.99647415,0.43,0.12,0
0.9364218,0.6460067,0.511488,0.988512,0.44,0.85,1
0.7077947,0.23511533,-0.5198999,0.9801001,0.59,0.64666665,1
0.5943544,0.7796809,-0.5149216,0.9850784,0.42333335,0.52666664,0
0.6098006,0.899333,-0.5000045,-0.9999955,0.51,0.52,0
0.9321518,0.16944386,-0.51603305,0.98396695,0.69666666,0.58666664,1
0.67599475,0.4129715,0.68871564,-0.81128436,0.61,0.42666668,1
0.22442526,0.2361693,-0.5034312,-0.9965688,0.17,0.44,1
0.14369102,0.88754517,-0.5000159,0.9999841,0.43,0.08,0
0.7088026,0.84960306,-0.50055695,-0.99944305,0.55,0.6,0
0.2835972,0.052285314,0.52285075,-0.97714925,0.21666667,0.43666667,0
0.5608244,0.40890768,0.51298004,0.98701996,0.42666668,0.49666667,0
0.668697,0.02210235,-0.5004637,0.9995363,0.6,0.43,1
0.7319331,0.12756068,-0.50595146,0.99404854,0.64,0.52666664,1
0.9148805,0.54761624,0.50021905,0.99978095,0.44,0.85,1
0.2532431,0.19740698,-0.6302224,-0.8697776,0.18666667,0.44,1
0.7115436,0.21071094,-0.50558007,0.99441993,0.59,0.62,1
0.64844614,0.43731,0.68871564,-0.81128436,0.58,0.43666667,0
0.07946706,0.85369754,-0.5231163,0.9768837,0.43,0.016666668,0
0.66473234,0.6368703,0.50143194,0.99856806,0.43666667,0.58666664,1
0.3917591,0.7846898,-0.5006671,0.9993329,0.43,0.32666665,0
0.29356083,0.16050048,-0.5188051,0.9811949,0.43666667,0.28666666,1
0.9808808,0.76069504,-0.51109695,0.98890305,0.44,0.85,1
0.16779363,0.19494274,-0.51074183,0.98925817,0.39666668,0.27,0
0.70323944,0.89941156,-0.50112647,0.99887353,0.43,0.64,0
0.03578754,0.6885638,-0.5118726,0.9881274,0.42666668,0.016666668,0
0.10015969,0.2674338,0.52680165,0.97319835,0.32,0.19,0
0.893809,0.104383774,-0.75276834,0.74723166,0.74,0.5366667,1
0.20143016,0.67830914,-0.5261188,0.9738812,0.43,0.15,0
0.34041002,0.16531575,-0.50753427,0.99246573,0.43666667,0.29666665,1
0.048616473,0.052927583,-0.5215902,0.9784098,0.046666667,0.41,0
0.10081931,0.4511734,-0.52165866,-0.97834134,0.046666667,0.42666668,1
0.58181953,0.28453556,-0.5083545,0.9916455,0.44,0.53,1
0.2896364,0.17294855,-0.5008655,-0.9991345,0.23666666,0.44,1
0.80363685,0.26066637,-0.5864834,0.9135166,0.59,0.69666666,1
0.5548669,0.807309,-0.50034666,0.99965334,0.42666668,0.49666667,0
0.9686995,0.30006155,0.5284136,-0.9715864,0.85,0.43,0
0.28890538,0.32994142,-0.5073324,-0.9926676,0.22,0.44,0
0.92402285,0.767811,-0.5000479,0.9999521,0.43,0.85,0
0.8646308,0.8817651,0.50018305,-0.99981695,0.52666664,0.64666665,0
0.20709449,0.49928483,-0.8171431,-0.6828569,0.19666667,0.43,1
0.7217017,0.28898382,0.52672684,0.97327316,0.44,0.6566667,1
0.9707403,0.2853658,-0.5301206,-0.9698794,0.85,0.43,0
0.5985491,0.79058486,0.5003786,0.9996214,0.42666668,0.53,0
0.36449537,0.19051945,0.5018849,0.9981151,0.34666666,0.29666665,0
0.9594323,0.3212551,-0.5000404,-0.9999596,0.85,0.43,0
0.45553252,0.93162274,0.50755,0.99245,0.43666667,0.38,1
0.57170326,0.47600746,0.50907946,-0.99092054,0.5,0.43666667,0
0.96914107,0.57050467,0.52567303,-0.97432697,0.8466667,0.43,0
0.33023912,0.7902354,-0.5009277,-0.9990723,0.27,0.42666668,1
0.24567027,0.95928836,0.50753427,0.99246573,0.43666667,0.16666667,1
0.7554178,0.953867,0.5003203,0.9996797,0.43666667,0.6766667,1
0.39568955,0.096469864,0.5001157,-0.9998843,0.32,0.43,0
0.28515145,0.89984703,0.592285,-0.907715,0.35,0.20666666,1
0.89849985,0.62571156,-0.5064255,-0.9935745,0.7866667,0.44,0
0.90392905,0.257019,0.50003546,-0.99996454,0.83666664,0.43666667,0
0.9180533,0.9074913,-0.52169967,0.97830033,0.43666667,0.85,1
0.72976536,0.0735535,0.5093961,0.9906039,0.57,0.47666666,1
0.23862913,0.2077197,-0.50676763,-0.99323237,0.18,0.43,1
0.123133354,0.32019737,0.50601566,-0.99398434,0.046666667,0.42666668,0
0.9389108,0.43629184,0.50647163,-0.99352837,0.85,0.44,0
0.32355756,0.19373134,0.8549946,0.6450054,0.27666667,0.24,0
0.64245164,0.6208333,-0.5000791,0.9999209,0.44,0.58666664,1
0.04484912,0.922898,0.6666164,-0.8333836,0.37,0.07666667,1
0.24310865,0.30295274,0.51787394,-0.98212606,0.16666667,0.43666667,0
0.057898045,0.95098215,-0.65209,0.84791,0.44,0.016666668,1
0.28508264,0.6617392,-0.51138496,-0.98861504,0.22666667,0.42666668,1
0.74881893,0.18515606,0.50022686,-0.99977314,0.6766667,0.42666668,0
0.7240224,0.60851675,-0.52347344,0.97652656,0.42666668,0.6666667,0
0.50334644,0.6848958,-0.50636905,-0.99363095,0.44,0.43,1
0.16311648,0.9002103,-0.62816745,0.87183255,0.43,0.096666664,0
0.07076813,0.53651345,0.5026387,-0.9973613,0.016666668,0.43,1
0.72944885,0.55553937,-0.5076937,0.9923063,0.42666668,0.6666667,0
0.56372565,0.84724253,0.5088335,-0.9911665,0.5,0.43,1
0.52708143,0.098183684,0.5014671,0.9985329,0.44,0.45,1
0.26695275,0.96689856,0.53078526,-0.96921474,0.42666668,0.18666667,1
0.44971085,0.5111634,-0.51398766,0.98601234,0.44,0.38,1
0.2634691,0.6108642,-0.5044998,0.9955002,0.43,0.2,0
0.47018975,0.2093163,-0.50355726,0.99644274,0.43,0.41,0
0.46896413,0.056046113,0.515356,0.984644,0.4,0.4,0
0.10155408,0.5341347,-0.51798415,0.98201585,0.42666668,0.046666667,0
0.45884234,0.5874171,-0.513338,-0.986662,0.39,0.44,0
0.8892004,0.5677871,0.5005234,0.9994766,0.44,0.81,1
0.5155946,0.9521711,0.52506405,-0.97493595,0.43666667,0.44,0
0.8771509,0.93759906,-0.52317315,0.97682685,0.42666668,0.82,0
0.39516777,0.12121389,0.500331,-0.999669,0.32,0.43666667,0
0.7192243,0.7725328,-0.50984675,0.99015325,0.44,0.66,1
0.57447267,0.6343508,0.5076533,0.9923467,0.43666667,0.49666667,1
0.42396194,0.54658836,0.6409517,-0.8590483,0.35,0.43666667,0
0.6758654,0.18577933,-0.51398766,0.98601234,0.57,0.59,1
0.70308346,0.63781255,-0.52347344,0.97652656,0.43666667,0.63666666,1
0.8837874,0.34791282,0.51203626,-0.98796374,0.8066667,0.42666668,0
0.8627114,0.49545068,-0.50331265,-0.99668735,0.7966667,0.43666667,1
0.7090139,0.11873882,0.5049709,-0.9950291,0.63666666,0.43666667,0
0.47156414,0.35021788,0.5018849,0.9981151,0.42666668,0.39666668,0
0.14026606,0.40999773,-0.50000834,-0.99999166,0.07666667,0.42666668,1
0.32351917,0.5046633,-0.50078654,0.99921346,0.44,0.26,1
0.13472424,0.8813653,-0.5003713,0.9996287,0.44,0.07,1
0.8216662,0.4557489,-0.5029461,0.9970539,0.44,0.76666665,1
0.40636933,0.16862169,0.50768924,0.99231076,0.37666667,0.33666667,0
0.74353534,0.33678925,0.5168719,-0.9831281,0.6766667,0.42666668,0
0.6635547,0.46386337,0.5165039,-0.9834961,0.58666664,0.42666668,0
0.8902012,0.08608341,0.50473696,0.99526304,0.71666664,0.48666668,1
0.27517632,0.2013598,-0.50042564,0.99957436,0.42666668,0.25666666,0
0.41348514,0.781147,0.51217175,-0.98782825,0.33666667,0.39666668,0
0.43832764,0.67991674,0.52512497,-0.97487503,0.35666665,0.42666668,0
0.7996516,0.09207329,0.50348336,-0.99651664,0.71666664,0.43666667,0
0.69387585,0.49452448,-0.522971,0.977029,0.43,0.63666666,0
0.3906462,0.022538483,0.50601625,0.99398375,0.31666666,0.43666667,0
0.31227353,0.79432714,-0.5045667,0.9954333,0.44,0.26,1
0.08703328,0.7053388,0.51504123,-0.98495877,0.16,0.35,1
0.5157535,0.3748435,-0.5009107,0.9990893,0.43,0.45,0
0.24668117,0.4101207,0.53151906,0.96848094,0.42666668,0.18,0
0.26377183,0.22841893,-0.51462954,-0.98537046,0.21,0.43,1
0.5908568,0.8465367,-0.50705683,-0.99294317,0.54,0.49,1
0.31537047,0.5766877,-0.5014379,0.9985621,0.43,0.25666666,0
0.68719995,0.7075934,-0.50600386,-0.99399614,0.63666666,0.54,1
0.06979583,0.11350537,0.5977547,0.9022453,0.11666667,0.34,0
0.22868171,0.8772185,0.52613693,0.97386307,0.43666667,0.15666667,1
0.20280652,0.06086692,-0.525615,-0.974385,0.14666666,0.43,1
0.27256563,0.5753749,-0.5105616,0.9894384,0.44,0.20666666,1
0.6641677,0.2921136,-0.5030861,-0.9969139,0.5966667,0.42666668,0
0.7803787,0.16949858,-0.50087637,0.99912363,0.67,0.56666666,1
0.61291325,0.9778686,0.50438976,-0.99561024,0.43,0.54,0
0.1980299,0.8394071,0.7652515,-0.7347485,0.25,0.19666667,1
0.895884,0.9436985,0.5159636,-0.9840364,0.45666668,0.76666665,0
0.36510426,0.28890315,-0.50041205,0.99958795,0.43,0.31,0
0.145353,0.6525238,0.5001989,-0.9998011,0.11,0.36,1
0.3683261,0.5665349,-0.9607204,-0.5392796,0.42,0.43666667,1
0.28482342,0.7710827,0.5242813,-0.9757187,0.21666667,0.26666668,0
0.052754678,0.67737585,-0.519708,0.980292,0.43666667,0.016666668,1
0.85458374,0.8832496,-0.511488,0.988512,0.44,0.8,1
0.97519135,0.8585258,-0.5316995,-0.9683005,0.5566667,0.68666667,0
0.607728,0.5662651,0.5198449,-0.9801551,0.52666664,0.43666667,0
0.69901025,0.81474453,0.5001475,0.9998525,0.43666667,0.62,1
0.09323793,0.4562348,-0.50755155,-0.99244845,0.026666667,0.42666668,1
0.5839418,0.629723,0.5000376,0.9999624,0.43666667,0.51,1
0.14169161,0.034161694,0.5003203,0.9996797,0.07666667,0.41666666,0
0.88558394,0.9630417,-0.50365555,0.99634445,0.43,0.83,0
0.5685695,0.78301847,-0.52357435,0.97642565,0.42666668,0.50666666,0
0.059313048,0.19763148,-0.71105266,-0.78894734,0.016666668,0.44,1
0.87881386,0.33612767,0.5081605,-0.9918395,0.8066667,0.43,0
0.4335149,0.13868079,-0.52701455,0.97298545,0.42666668,0.36666667,0
0.89365053,0.9092335,-0.79849994,-0.70150006,0.52666664,0.76,0
0.042987768,0.19211373,-0.5081324,0.9918676,0.27,0.27,0
0.68595314,0.59530514,0.5293931,0.9706069,0.43666667,0.6066667,1
0.24688144,0.26064417,0.5598256,0.9401744,0.26666668,0.19,0
0.5554764,0.6117429,-0.5216137,-0.9783863,0.5,0.43,1
0.90006113,0.06746155,-0.51301336,0.98698664,0.81,0.47666666,1
0.16758126,0.8043029,0.6409517,-0.8590483,0.23,0.21666667,1
0.09583899,0.10486449,-0.9209126,-0.5790874,0.19,0.43666667,1
0.9011278,0.19182931,0.592285,-0.907715,0.83,0.42666668,0
0.1182952,0.7381723,-0.50213397,-0.99786603,0.2,0.43666667,1
0.77062255,0.90971243,0.5000376,0.9999624,0.43666667,0.69,1
0.9631579,0.961424,0.659839,-0.840161,0.43666667,0.84,0
0.9201715,0.604498,-0.5122008,-0.9877992,0.8066667,0.42333335,0
0.23516697,0.8141916,-0.989443,0.510557,0.44,0.33666667,1
0.18690276,0.30613148,0.53790253,0.96209747,0.30666667,0.15,0
0.78233856,0.559431,-0.5007018,-0.9992982,0.7266667,0.43666667,1
0.34738633,0.36777562,-0.50053424,-0.99946576,0.29,0.44,1
0.35072058,0.2558503,-0.519708,0.980292,0.42666668,0.29666665,0
0.41540194,0.1980035,0.5003896,-0.9996104,0.35,0.44,1
0.94643736,0.96471,-0.5006407,0.9993593,0.43666667,0.85,1
0.28690493,0.17779312,-0.525615,-0.974385,0.22666667,0.43,1
0.81571865,0.6093959,-0.5007018,-0.9992982,0.75666666,0.46666667,1
0.8271704,0.3646356,-0.5000279,-0.9999721,0.76,0.43,0
0.27077267,0.23446885,-0.52613693,0.97386307,0.43666667,0.22666667,1
0.2480382,0.87936276,0.5143249,0.9856751,0.42666668,0.17666666,0
0.094775334,0.4640791,-0.627366,0.872634,0.44,0.026666667,1
0.070051946,0.6419628,-0.50092846,-0.99907154,0.1,0.43666667,1
0.58971435,0.60165745,0.504439,0.995561,0.42666668,0.51666665,0
0.6565971,0.32213292,-0.5242952,-0.9757048,0.6066667,0.44,1
0.7455638,0.25504336,-0.5006671,0.9993329,0.6,0.6566667,1
0.18419285,0.104929194,0.51825434,-0.98174566,0.11666667,0.42666668,0
0.6150861,0.47253776,0.5067132,0.9932868,0.42666668,0.5466667,0
0.5375486,0.23869063,-0.5268506,-0.9731494,0.47666666,0.42666668,1
0.9342018,0.22841167,-0.50007355,-0.99992645,0.85,0.43,0
0.16880044,0.1625892,0.5067811,-0.9932189,0.096666664,0.42666668,0
0.1476085,0.27534395,0.5138262,0.9861738,0.26666668,0.18,0
0.27234313,0.5109624,0.5001206,0.9998794,0.44,0.2,1
0.44627714,0.91175616,0.5000179,0.9999821,0.43,0.38,0
0.23255225,0.6936784,-0.5027762,0.9972238,0.43,0.17,0
0.7414061,0.5966183,-0.5376543,-0.9623457,0.6766667,0.46,1
0.7043787,0.39570543,0.50781536,-0.99218464,0.64,0.43666667,1
0.7142929,0.778321,-0.51448154,0.98551846,0.43,0.66,0
0.44384232,0.581631,-0.50436693,0.99563307,0.44,0.37666667,1
0.8947536,0.88,-0.49475977,0.5,0.43333334,0.84,1
0.08095839,0.47048706,-0.5067811,-0.9932189,0.016666668,0.43666667,1
0.11035662,0.93754435,-0.5000159,0.9999841,0.44,0.05,1
0.75362283,0.18284065,-0.51375127,-0.98624873,0.7,0.44,1
0.7696341,0.31496167,-0.52264404,-0.97735596,0.7,0.43,0
0.8131873,0.93216944,0.5006483,0.9993517,0.42666668,0.7366667,0
0.06977385,0.7902585,0.51731277,-0.98268723,0.24,0.24,1
0.50318015,0.05285425,-0.5030861,-0.9969139,0.43666667,0.42666668,1
0.11625283,0.14709638,0.64381516,0.85618484,0.15666667,0.29,0
0.91066635,0.68139356,-0.5308334,-0.9691666,0.7266667,0.45666668,0
0.45734042,0.614172,-0.50522786,-0.99477214,0.39,0.44,0
0.71267897,0.75046355,-0.5009924,-0.9990076,0.64666665,0.57,1
0.61649096,0.66161984,-0.51876336,0.98123664,0.43666667,0.5566667,1
0.7947787,0.11509645,-0.5122189,0.9877811,0.71,0.53,1
0.27151752,0.44996062,-0.5041726,0.9958274,0.43,0.22,0
0.29991895,0.16815601,0.5393803,0.9606197,0.25666666,0.29,0
0.18326478,0.46890658,0.50000054,-0.99999946,0.1,0.43,0
0.19200769,0.63959455,-0.5229135,-0.9770865,0.13,0.43666667,1
0.6000843,0.7306943,-0.52203983,0.97796017,0.43,0.5366667,0
0.25796834,0.09483663,0.5144287,-0.9855713,0.18666667,0.43666667,0
0.57881784,0.17724225,0.51109695,0.98890305,0.43,0.5,0
0.9439911,0.5457129,0.5000442,0.9999558,0.43,0.85,0
0.37167725,0.03790468,-0.8275142,0.6724858,0.38,0.42666668,0
0.66443086,0.722263,0.52169985,0.97830015,0.44,0.58666664,1
0.36868,0.11159603,-0.5021709,0.9978291,0.43666667,0.34,1
0.8605811,0.06238923,0.5055945,-0.9944055,0.7966667,0.42666668,1
0.34855118,0.13735406,-0.5002255,0.9997745,0.42666668,0.32666665,0
0.84502834,0.14716448,-0.5002674,-0.9997326,0.79,0.44,1
0.8910551,0.7598079,-0.5001095,0.9998905,0.44,0.84,1
0.064375296,0.12898205,-0.52586883,0.97413117,0.2,0.33,0
0.9599279,0.8259085,-0.5219326,-0.9780674,0.57666665,0.6666667,0
0.5225783,0.10200085,-0.5012191,-0.9987809,0.46666667,0.43666667,1
0.35187837,0.8505928,0.53078526,-0.96921474,0.30666667,0.30666667,1
0.38966554,0.76137924,0.5032929,-0.9967071,0.30666667,0.38666666,0
0.7476228,0.11194123,-0.50010556,0.99989444,0.65,0.52,1
0.03126482,0.33377242,0.52165866,-0.97834134,0.016666668,0.42666668,1
0.84536415,0.6464448,-0.5001858,-0.9998142,0.76666665,0.49666667,0
0.25510678,0.7152757,0.6514517,-0.8485483,0.17,0.31666666,0
0.90350586,0.07764089,0.5092529,-0.9907471,0.82666665,0.43666667,0
0.9646791,0.8452949,0.5159636,-0.9840364,0.5566667,0.6666667,0
0.92316294,0.47548684,-0.50984675,0.99015325,0.44,0.85,1
0.74533004,0.93053424,0.5004381,-0.9995619,0.46666667,0.61,0
0.86030835,0.37207764,0.5206191,-0.9793809,0.78,0.42666668,0
0.54433626,0.47399783,0.5010192,-0.9989808,0.47666666,0.42666668,0
0.22747147,0.44723704,0.5008548,0.9991452,0.43,0.15,0
0.2175896,0.7575505,-0.50601566,-0.99398434,0.21666667,0.42666668,1
0.910892,0.22322498,0.5298061,0.9701939,0.48666668,0.62666667,1
0.6887822,0.10473772,-0.50210583,0.99789417,0.6,0.51,1
0.06564526,0.34333146,-0.51074183,0.98925817,0.42666668,0.12,0
0.083733246,0.5993029,-0.5000193,0.9999807,0.42666668,0.026666667,0
0.866778,0.25903213,-0.53195244,0.96804756,0.6,0.6766667,1
0.9795186,0.05219758,-0.65209,0.84791,0.82,0.46666667,1
0.94793105,0.63800305,-0.52632076,0.97367924,0.43,0.85,0
0.7453699,0.46208528,-0.50492764,-0.99507236,0.68666667,0.43,1
0.6380832,0.18851152,0.52038777,0.97961223,0.43,0.56,0
0.6293515,0.8991447,-0.5170289,0.9829711,0.43,0.56,0
0.5843278,0.8008466,-0.5067782,0.9932218,0.42666668,0.52666664,0
0.34328005,0.19042912,-0.51798415,0.98201585,0.43666667,0.27666667,1
0.3670927,0.76313585,-0.989443,0.510557,0.44,0.43666667,1
0.35067058,0.1165384,0.79849994,-0.70150006,0.26666668,0.43,0
0.6681809,0.9065132,0.5010363,0.9989637,0.43666667,0.6,1
0.3535147,0.087562956,-0.5092693,0.9907307,0.39666668,0.36666667,0
0.19492464,0.7317731,-0.5004637,0.9995363,0.43,0.14,0
0.220822,0.85575616,0.52196765,-0.97803235,0.31666666,0.17666666,1
0.6481819,0.36,0.49978203,-0.5,0.5733333,0.43333334,0
0.53192055,0.05182693,-0.5001917,-0.9998083,0.48,0.42666668,1
0.2889561,0.19663864,0.50052947,0.99947053,0.27666667,0.27,0
0.60786265,0.42983463,-0.50041336,0.99958664,0.43,0.55333334,0
0.27357352,0.19692877,-0.50065464,-0.99934536,0.22,0.43,1
0.86517197,0.6592073,-0.5003867,-0.9996133,0.7366667,0.50666666,0
0.7078638,0.032438952,-0.5096581,-0.9903419,0.65,0.44,1
0.7801719,0.562969,0.5000033,-0.9999967,0.71666664,0.43,1
0.7040008,0.73411566,-0.71105266,-0.78894734,0.6566667,0.54,1
0.89086914,0.22848187,-0.51603305,0.98396695,0.63666666,0.64666665,1
0.6579593,0.13261297,0.5236314,0.9763686,0.43,0.55,0
0.10621412,0.2680523,0.52053964,0.97946036,0.31,0.19,0
0.3939453,0.26453835,0.9607204,-0.5392796,0.26,0.43666667,0
0.96456826,0.97632647,-0.7581381,-0.7418619,0.43666667,0.85,0
0.20930688,0.6342282,-0.5036574,-0.9963426,0.15666667,0.43666667,1
0.14927636,0.89419866,0.52316904,0.97683096,0.43666667,0.06666667,1
0.38265935,0.576969,-0.50342226,-0.99657774,0.32,0.43,1
0.73249716,0.25132626,0.5055945,-0.9944055,0.6666667,0.43666667,1
0.3417285,0.4835329,-0.5261188,0.9738812,0.43,0.29,0
0.37575033,0.49177074,-0.5010743,0.9989257,0.43,0.32,0
0.118819706,0.3293189,-0.5174796,-0.9825204,0.05,0.44,0
0.6596113,0.075385176,-0.51769716,0.98230284,0.59,0.49,1
0.8724309,0.07549419,0.52512497,-0.97487503,0.7966667,0.42666668,0
0.5052378,0.13653953,-0.5001858,-0.9998142,0.43666667,0.42666668,0
0.07067334,0.5594433,-0.5067918,0.9932082,0.43666667,0.016666668,1
0.403334,0.6977734,-0.5143691,-0.9856309,0.34,0.44,1
0.3860047,0.68973655,0.5095113,0.9904887,0.44,0.31,1
0.82042414,0.11059334,-0.5008909,0.9991091,0.73,0.50666666,1
0.7871757,0.6350676,0.502747,0.997253,0.43666667,0.72,1
0.76403725,0.5096193,-0.52357435,0.97642565,0.42666668,0.70666665,0
0.57965314,0.7130842,-0.51097316,-0.98902684,0.52,0.44,1
0.04240947,0.8510839,-0.5042906,0.9957094,0.43,0.016666668,0
0.67512524,0.071666054,-0.5003713,0.9996287,0.59,0.48,1
0.8723975,0.11441958,0.5001011,0.9998989,0.6566667,0.51666665,1
0.050225146,0.49930614,-0.5169356,-0.9830644,0.016666668,0.42666668,1
0.74544716,0.53217196,-0.517794,0.982206,0.43666667,0.68666667,1
0.4715974,0.15376185,0.51504123,-0.98495877,0.4,0.43,0
0.33714065,0.6223618,-0.5000277,0.9999723,0.43,0.28,0
0.40914145,0.6511957,-0.50290704,0.99709296,0.44,0.34,1
0.97426486,0.1355589,0.52283937,0.97716063,0.70666665,0.5366667,1
0.6948032,0.27852425,-0.5122008,-0.9877992,0.63666666,0.43333334,1
0.04737848,0.26188087,0.50203097,-0.99796903,0.016666668,0.43666667,1
0.2869043,0.2865786,0.5244904,0.9755096,0.28666666,0.22,0
0.7984962,0.65540344,-0.52343625,-0.97656375,0.74666667,0.52,1
0.2309223,0.46815416,0.5056852,0.9943148,0.43,0.15,0
0.37814498,0.041810337,-0.5003829,0.9996171,0.34666666,0.40666667,0
0.43059388,0.2726452,0.500038,0.999962,0.42666668,0.35666665,0
0.81525576,0.61061305,0.50458866,-0.99541134,0.75,0.44,1
0.1287996,0.68205917,0.50750417,-0.99249583,0.15,0.34,1
0.33303314,0.24785285,0.50197065,-0.99802935,0.25,0.44,0
0.24449952,0.53253824,0.50586665,-0.99413335,0.17,0.43666667,0
0.21218647,0.45663932,0.5104048,0.9895952,0.43666667,0.14,1
0.18811983,0.413484,-0.50197285,0.99802715,0.43666667,0.12,1
0.26863757,0.74450654,-0.5009107,0.9990893,0.44,0.2,1
0.6293834,0.9368892,-0.8603312,-0.6396688,0.49,0.62666667,0
0.63197976,0.71936536,-0.5216137,-0.9783863,0.57,0.5,1
0.8644719,0.41239086,-0.5183222,0.9816778,0.42666668,0.7966667,0
0.6525593,0.9064374,-0.50077933,-0.99922067,0.5,0.56,0
0.8439379,0.9422898,-0.5011229,0.9988771,0.42666668,0.79,0
0.54531384,0.64028645,0.50037146,-0.99962854,0.47666666,0.42666668,0
0.2811255,0.730395,0.5017188,-0.9982812,0.21666667,0.29,1
0.84158945,0.18633911,0.64768004,-0.85231996,0.77,0.43666667,0
0.67216563,0.71291465,-0.7224109,-0.7775891,0.6166667,0.51,1
0.43880394,0.465,-0.47978777,-0.5,0.38333333,0.42333335,1
0.09994972,0.09509345,0.5112502,-0.9887498,0.016666668,0.43,0
0.81893635,0.024096362,-0.5067228,0.9932772,0.76,0.43,1
0.38386396,0.10858404,0.5315452,0.9684548,0.32666665,0.34666666,0
0.16816156,0.30492917,0.5138262,0.9861738,0.29666665,0.15,0
0.6074894,0.8917948,0.5247919,-0.9752081,0.52,0.43,0
0.21842952,0.23035184,-0.50025403,0.99974597,0.42666668,0.24,0
0.488105,0.50683534,-0.6309209,0.8690791,0.44,0.42666668,1
0.79656816,0.6010606,-0.501134,-0.998866,0.7266667,0.47666666,0
0.45510152,0.48766145,-0.5016449,-0.9983551,0.4,0.43,1
0.4413776,0.80150235,0.5198449,-0.9801551,0.36666667,0.41666666,0
0.4334871,0.7551696,0.5115045,-0.9884955,0.36666667,0.42666668,0
0.83096725,0.08709562,-0.5119483,-0.9880517,0.77,0.44,1
0.5244427,0.20928267,-0.5105616,0.9894384,0.43,0.45666668,0
0.28608564,0.4569491,0.5026144,-0.9973856,0.22,0.43,1
0.28458402,0.38239443,0.51757336,-0.98242664,0.21,0.44,0
0.12766859,0.44917244,-0.52472216,0.97527784,0.42666668,0.07666667,0
0.14485517,0.43471664,0.50028443,-0.99971557,0.06666667,0.43666667,0
0.5367172,0.6244706,-0.51277304,-0.98722696,0.48333332,0.43,1
0.6020859,0.28962052,-0.5007018,-0.9992982,0.5366667,0.42666668,1
0.5048456,0.43342987,-0.5136611,0.9863389,0.44,0.44,1
0.14261468,0.9262563,-0.50095224,0.99904776,0.44,0.09,1
0.30243424,0.34979478,-0.5073324,-0.9926676,0.24,0.44,1
0.1825441,0.14121561,-0.512229,-0.987771,0.12,0.44,1
0.94753706,0.2484102,-0.50007355,-0.99992645,0.85,0.43,0
0.06935352,0.49450648,-0.8820679,-0.6179321,0.11666667,0.44,1
0.29532543,0.4618021,-0.5006263,0.9993737,0.44,0.23,1
0.35318565,0.19765855,0.5230616,0.9769384,0.32666665,0.27666667,0
0.45559505,0.077746496,-0.5159636,-0.9840364,0.39666668,0.42666668,1
0.67433447,0.09615207,0.5537972,-0.9462028,0.6,0.42666668,0
0.17129871,0.19019859,-0.5181309,-0.9818691,0.12,0.43,1
0.26380327,0.73235875,-0.5000277,0.9999723,0.44,0.21,1
0.21118091,0.8085327,0.64768004,-0.85231996,0.24,0.20666666,1
0.17511874,0.04886622,0.5076533,0.9923467,0.10666667,0.40666667,0
0.54296106,0.58890486,0.53078526,-0.96921474,0.47666666,0.43666667,1
0.7700249,0.048822675,-0.50120753,0.99879247,0.7,0.45,1
0.08370139,0.08877271,-0.5034501,-0.9965499,0.016666668,0.43,0
0.044979595,0.94961935,0.7652515,-0.7347485,0.4,0.046666667,1
0.9390776,0.33439735,-0.5001011,0.9998989,0.43666667,0.7366667,1
0.6628587,0.8463833,-0.504542,-0.995458,0.56,0.56,0
0.86580557,0.5557921,0.50009394,-0.99990606,0.79,0.44,0
0.4148039,0.22807707,-0.5123331,-0.9876669,0.34666666,0.44,0
0.6750369,0.42281136,-0.5271501,-0.9728499,0.6166667,0.42666668,1
0.7152912,0.30815825,-0.5122008,-0.9877992,0.64666665,0.42333335,0
0.8262836,0.6848894,0.5006407,0.9993593,0.43666667,0.74666667,1
0.2855978,0.6438969,0.5028157,0.9971843,0.43666667,0.21,1
0.9464626,0.446978,-0.5170289,0.9829711,0.43,0.85,0
0.28471425,0.8003151,0.50528,-0.99472,0.27,0.26666668,1
0.73105544,0.63985085,0.50751734,0.99248266,0.43666667,0.6566667,1
0.54435295,0.7204079,-0.5181309,-0.9818691,0.48,0.43,1
0.9495319,0.4619476,0.51902854,-0.98097146,0.85,0.43,0
0.1353416,0.20657423,0.5064976,-0.9935024,0.06666667,0.43666667,0
0.20219767,0.06670748,0.50052947,0.99947053,0.14666666,0.4,0
0.8354393,0.16267794,-0.50458866,-0.99541134,0.77,0.43,1
0.26778892,0.58993894,-0.5231163,0.9768837,0.44,0.2,1
0.9456607,0.15002218,-0.50014836,-0.99985164,0.85,0.44,0
0.44904515,0.09756759,-0.50271815,-0.99728185,0.39666668,0.42666668,1
0.29141194,0.17176056,-0.5003829,0.9996171,0.43666667,0.27666667,1
0.35890743,0.3205031,-0.5041726,0.9958274,0.44,0.29,1
0.9836881,0.27365074,-0.7652515,-0.7347485,0.85,0.42666668,0
0.11763825,0.040390912,-0.5006231,0.9993769,0.07,0.42,0
0.8547332,0.059987597,-0.50041336,0.99958664,0.78,0.46333334,1
0.79580164,0.675,0.49475977,0.5,0.42333335,0.72333336,0
0.30778843,0.16979425,-0.5167374,0.9832626,0.42666668,0.28666666,0
0.22387542,0.9169913,-0.5000334,-0.9999666,0.38,0.25666666,1
0.6024629,0.6741303,-0.75348204,-0.74651796,0.5466667,0.45,1
0.2495912,0.78493214,-0.6427055,0.8572945,0.43,0.19666667,0
0.37678292,0.3477018,-0.5043574,-0.9956426,0.32,0.43,1
0.21244119,0.7235951,-0.5027762,0.9972238,0.44,0.16,1
0.784915,0.8192918,0.5013624,0.9986376,0.43666667,0.70666665,1
0.4036326,0.4580808,0.5598256,0.9401744,0.43666667,0.32,1
0.874422,0.09707945,-0.72333735,0.77666265,0.76,0.51666665,1
0.18091395,0.31035316,0.50058436,-0.99941564,0.11666667,0.43666667,1
0.094200335,0.7673242,-0.50355726,0.99644274,0.43,0.03,0
0.4469247,0.29301688,0.82344234,0.67655766,0.41666666,0.36,0
0.51698786,0.32861337,0.5140564,0.9859436,0.43666667,0.43666667,1
0.42050287,0.8973629,0.515859,0.984141,0.43,0.34,0
0.23108089,0.47531152,0.5044655,-0.9955345,0.16,0.43,0
0.11131893,0.4290096,-0.52995205,-0.97004795,0.046666667,0.43666667,1
0.8808869,0.9902873,0.88104844,0.61895156,0.43,0.68666667,0
0.7023424,0.38908523,-0.50010324,-0.99989676,0.63666666,0.43666667,1
0.5431244,0.22451235,0.54529023,-0.95470977,0.47,0.43666667,0
0.5542805,0.38314193,0.5067132,0.9932868,0.43666667,0.47666666,1
0.71320826,0.4557506,-0.51489604,-0.98510396,0.6566667,0.43666667,1
0.56291735,0.09920665,-0.52459806,0.97540194,0.49,0.5,1
0.8645791,0.20322701,-0.5093288,-0.9906712,0.8,0.43,1
0.4195988,0.2162301,-0.5040922,0.9959078,0.43666667,0.35666665,1
0.52259547,0.94242173,0.52506405,-0.97493595,0.44666666,0.43,0
0.3328166,0.9023625,-0.5169356,-0.9830644,0.36,0.39666668,1
0.6885636,0.17547421,0.50037354,0.99962646,0.43,0.57666665,0
0.52528036,0.0248686,0.50834703,0.99165297,0.45,0.42666668,1
0.65727776,0.6126323,0.500038,0.999962,0.42666668,0.57666665,0
0.5157506,0.36845183,-0.5014512,0.9985488,0.44,0.45,1
0.06488492,0.053227298,-0.5074717,0.9925283,0.05666667,0.41,0
0.51190984,0.2480296,-0.5231163,0.9768837,0.43,0.45,0
0.39337918,0.60998416,-0.52353114,0.97646886,0.44,0.33,1
0.7109825,0.19500236,-0.52914256,-0.97085744,0.66,0.44,1
0.95454234,0.5436901,0.50013924,0.99986076,0.44,0.85,1
0.8482956,0.97194064,0.52518547,-0.97481453,0.42666668,0.76666665,0
0.7146175,0.2699008,-0.50041336,0.99958664,0.57,0.6533333,1
0.3609941,0.086909845,-0.5141336,0.9858664,0.40666667,0.37666667,0
0.27728242,0.2203884,-0.5216137,-0.9783863,0.22,0.43,1
0.23171175,0.12640215,0.92613584,0.57386416,0.18666667,0.26,0
0.44684047,0.66748744,-0.5936679,0.9063321,0.44,0.38666666,1
0.89099205,0.12115965,-0.5291681,-0.9708319,0.84,0.43666667,1
0.69690704,0.6354966,-0.989443,0.510557,0.43,0.68666667,0
0.7057522,0.68624085,-0.5050394,0.9949606,0.42666668,0.64666665,0
0.5582652,0.5595835,-0.6788811,-0.8211189,0.49666667,0.43,1
0.32651475,0.31747723,0.5000026,-0.9999974,0.25,0.42666668,0
0.5498499,0.9651933,-0.5112502,-0.9887498,0.45,0.49,0
0.7055957,0.5979454,0.5047706,-0.9952294,0.63,0.43666667,0
0.622114,0.31959945,-0.5007018,-0.9992982,0.56666666,0.43666667,1
0.09487028,0.52148,-0.5017606,0.9982394,0.42666668,0.036666665,0
0.38358092,0.8284347,-0.50000733,0.99999267,0.43,0.32666665,0
0.13748464,0.75061625,0.52613693,0.97386307,0.42666668,0.06666667,0
0.34825888,0.8342604,0.50026757,-0.99973243,0.28666666,0.32666665,1
0.21204619,0.5525437,0.5001989,-0.9998011,0.13,0.44,0
0.15100253,0.48502025,0.50755,0.99245,0.42666668,0.07,0
0.7158864,0.23140727,0.50008374,-0.99991626,0.64666665,0.43666667,0
0.6215832,0.09177899,0.5065621,0.9934379,0.43,0.51,0
0.66001904,0.26721546,-0.5017395,-0.9982605,0.6066667,0.42666668,1
0.5548429,0.09343792,-0.5027061,0.9972939,0.47,0.49,1
0.2465165,0.5521931,-0.5027061,0.9972939,0.43,0.19,0
0.32123044,0.9650803,0.5188051,0.9811949,0.43666667,0.25666666,1
0.40882114,0.9235904,-0.51669365,0.98330635,0.43666667,0.34666666,1
0.31397906,0.8883201,-0.5229992,0.9770008,0.42666668,0.24666667,0
0.45133865,0.96700066,-0.50314355,-0.99685645,0.41666666,0.40666667,1
0.5021332,0.8959808,-0.5112502,-0.9887498,0.44,0.44,1
0.28636447,0.80333877,0.5290303,-0.9709697,0.25,0.25666666,1
0.52549404,0.34562606,-0.5006744,0.9993256,0.43,0.47,0
0.14932464,0.5587811,-0.50004643,0.99995357,0.42666668,0.086666666,0
0.9228477,0.59835637,-0.5205033,-0.9794967,0.81666666,0.43,0
0.27848795,0.2032536,-0.50134796,-0.99865204,0.22,0.44,1
0.65880114,0.58871484,0.82827103,-0.67172897,0.55,0.42666668,0
0.19039322,0.06999931,0.5000173,0.9999827,0.13666667,0.39333335,0
0.72778296,0.90739655,-0.52538955,0.97461045,0.44,0.67,1
0.18243505,0.161326,-0.6494489,-0.8505511,0.11666667,0.44,1
0.07961262,0.6159543,0.504134,-0.995866,0.08,0.44,1
0.67151695,0.41680253,-0.51314753,-0.98685247,0.6166667,0.42666668,1
0.87508875,0.3274754,-0.50034666,0.99965334,0.50666666,0.7366667,1
0.31511512,0.19142236,-0.5021709,0.9978291,0.43666667,0.26,1
0.6234693,0.7761389,0.5284136,-0.9715864,0.5466667,0.44,0
0.18836573,0.805,-0.42164603,0.5,0.42333335,0.123333335,0
0.87215865,0.46534264,0.5004131,0.9995869,0.43,0.79,0
0.13474946,0.6893701,-0.50030565,0.99969435,0.43,0.08,0
0.6429668,0.14818761,0.50194025,-0.99805975,0.57,0.42666668,0
0.33174345,0.33888257,-0.50041205,0.99958795,0.44,0.28,1
0.06534045,0.22303352,-0.7224109,-0.7775891,0.016666668,0.44,1
0.06082006,0.6308772,-0.50200194,0.99799806,0.43666667,0.016666668,1
0.55563873,0.47026336,0.515526,-0.984474,0.48666668,0.43666667,0
0.29491,0.49909103,0.51616484,-0.98383516,0.23,0.44,1
0.10306077,0.26094785,0.52082604,0.97917396,0.29,0.2,0
0.36483094,0.70226735,0.5257861,0.9742139,0.44,0.29,1
0.674922,0.8538665,-0.50032246,-0.99967754,0.56,0.57,0
0.65768456,0.72188544,0.501631,-0.998369,0.58666664,0.43,0
0.8501843,0.16104257,0.52567285,-0.97432715,0.76666665,0.43666667,0
0.11690456,0.9578326,0.5041726,0.9958274,0.44,0.036666665,1
0.5919157,0.964124,-0.5071794,-0.9928206,0.44,0.53,0
0.9676363,0.51601654,-0.9209126,-0.5790874,0.78,0.42666668,0
0.7942993,0.041948628,-0.50010556,0.99989444,0.72,0.45,1
0.17324145,0.6099836,0.5080815,0.9919185,0.42666668,0.10666667,0
0.5772364,0.507008,-0.5000399,0.9999601,0.43,0.52666664,0
0.6710174,0.42358902,-0.5268506,-0.9731494,0.6066667,0.43666667,1
0.47682282,0.32064283,0.5000027,0.9999973,0.42666668,0.39666668,0
0.96919703,0.23639703,-0.5029461,0.9970539,0.56,0.64666665,1
0.40826055,0.47151753,-0.5003713,0.9996287,0.43,0.34,0
0.19368096,0.22549227,0.50320387,-0.99679613,0.11666667,0.43666667,0
0.46416873,0.76631284,-0.5452553,0.9547447,0.44,0.40666667,1
0.5360032,0.24716218,-0.5014379,0.9985621,0.44,0.46666667,1
0.95100194,0.8,-0.58904594,0.5,0.43333334,0.85,1
0.6326066,0.69771826,-0.7534691,-0.7465309,0.57666665,0.48,1
0.14357753,0.4084375,0.5000068,-0.9999932,0.06666667,0.42666668,0
0.15715513,0.6369985,0.51241416,-0.98758584,0.1,0.4,1
0.6450232,0.68751603,0.5047706,-0.9952294,0.58,0.42666668,1
0.5586198,0.6799358,-0.50181174,-0.99818826,0.49666667,0.44,1
0.5490483,0.9274538,0.5095113,0.9904887,0.44,0.47,1
0.22725068,0.18723454,-0.5054786,-0.9945214,0.16,0.43,0
0.7068315,0.96252626,-0.5236314,0.9763686,0.44,0.65,1
0.74594986,0.22097336,0.5029875,0.9970125,0.44,0.63,1
0.6371901,0.17933787,0.5000301,0.9999699,0.44,0.56,1
0.6743333,0.6086015,-0.5042508,0.9957492,0.43666667,0.6166667,1
0.91823906,0.47893697,0.5004904,-0.9995096,0.84,0.44,0
0.59292805,0.22156878,0.5138319,-0.9861681,0.51,0.43666667,0
0.8587733,0.2241895,0.50018305,0.99981695,0.46,0.62666667,1
0.15130474,0.7615347,0.5003829,0.9996171,0.42666668,0.07666667,0
0.8808869,0.08661797,-0.88104844,0.61895156,0.75,0.5366667,1
0.42001498,0.1578211,-0.519708,0.980292,0.42666668,0.35666665,0
0.2761439,0.50236344,-0.79849994,-0.70150006,0.24666667,0.44,1
0.28326488,0.31890664,0.50000054,-0.99999946,0.21,0.44,0
0.9202829,0.94512075,0.50078905,0.99921095,0.43666667,0.8466667,1
0.510986,0.64016074,-0.5024042,-0.9975958,0.46,0.44,1
0.12105879,0.30344594,0.5095113,0.9904887,0.33,0.16,0
0.65188134,0.90349466,-0.50636905,-0.99363095,0.5,0.57,0
0.8335609,0.5512911,-0.5045361,0.9954639,0.43,0.77666664,0
0.74321157,0.71777725,-0.659839,-0.840161,0.68666667,0.55,1
0.4769551,0.79534453,-0.5071794,-0.9928206,0.41,0.44,0
0.2730903,0.27290568,0.50586885,-0.99413115,0.19666667,0.42666668,0
0.20506755,0.8997404,0.50753427,0.99246573,0.43666667,0.12666667,1
0.2651074,0.057656478,0.5003485,0.9996515,0.20666666,0.39666668,0
0.875133,0.30362064,-0.503059,0.996941,0.5366667,0.71666664,1
0.8772603,0.05702598,-0.5000399,0.9999601,0.8,0.45666668,1
0.13635784,0.45718208,-0.50512946,-0.99487054,0.08,0.42666668,1
0.5798798,0.69094235,0.5977547,0.9022453,0.43666667,0.5,1
0.5572281,0.65408736,-0.51277304,-0.98722696,0.49333334,0.44,1
0.71349394,0.35997787,0.5093359,-0.9906641,0.64666665,0.43666667,0
0.20611764,0.40475446,-0.5241575,0.9758425,0.43666667,0.13666667,1
0.8857867,0.25599626,0.51448154,0.98551846,0.44,0.6666667,1
0.29035527,0.24433991,-0.50001544,-0.99998456,0.23,0.44,1
0.6336294,0.09769994,0.5000098,0.9999902,0.45,0.5,1
0.39546245,0.07168287,-0.5021709,0.9978291,0.41666666,0.38,0
0.21224001,0.6700213,-0.5229062,0.9770938,0.44,0.16,1
0.88207763,0.16703801,0.527028,-0.972972,0.8066667,0.42666668,0
0.6271592,0.064643964,-0.5000279,-0.9999721,0.56,0.43,0
0.8044996,0.5360186,-0.5308334,-0.9691666,0.7366667,0.42666668,0
0.43240222,0.9607364,-0.5020201,-0.9979799,0.41666666,0.38666666,1
0.07949971,0.12475595,0.5112502,-0.9887498,0.016666668,0.44,1
0.84392434,0.10702399,-0.5000399,0.9999601,0.75,0.50666666,1
0.7049671,0.94626683,0.5549422,0.9450578,0.42666668,0.63,0
0.70165604,0.059482798,0.50021785,-0.99978215,0.62,0.43666667,0
0.36102054,0.64056104,-0.5136611,0.9863389,0.43,0.31,0
0.37923416,0.8383145,0.515859,0.984141,0.43,0.3,0
0.4293132,0.112934425,-0.5316995,-0.9683005,0.36666667,0.43666667,1
0.6765919,0.3802797,-0.5229992,0.9770008,0.48666668,0.62666667,1
0.8493768,0.80876577,0.6791726,0.8208274,0.42666668,0.78,0
0.700955,0.83223844,-0.51169413,-0.98830587,0.57,0.6,0
0.9227889,0.48819658,-0.50281036,0.99718964,0.43,0.85,0
0.46910268,0.76229614,0.5198449,-0.9801551,0.38666666,0.43666667,0
0.9111796,0.91000867,0.65530384,0.84469616,0.42666668,0.83,0
0.92981976,0.7346556,0.50331265,-0.99668735,0.6766667,0.45666668,0
0.23729332,0.47782704,0.50004303,-0.99995697,0.16,0.43666667,0
0.7299499,0.024335157,0.5198499,0.9801501,0.65,0.43666667,1
0.4693009,0.11986228,0.5285682,-0.9714318,0.39,0.43666667,0
0.32272753,0.3795748,-0.5073324,-0.9926676,0.27,0.43,1
0.68154186,0.92649245,0.5010363,0.9989637,0.43666667,0.6,1
0.5908524,0.5215436,0.52567285,-0.97432715,0.51666665,0.42666668,0
0.24266665,0.4187876,-0.50004643,0.99995357,0.42666668,0.18666667,0
0.63473725,0.85369515,0.50260365,0.99739635,0.42666668,0.57,0
0.9028491,0.74124384,-0.50990593,-0.99009407,0.6666667,0.59,0
0.06684872,0.27929285,0.51814,-0.98186,0.016666668,0.43666667,1
0.87614954,0.24420395,-0.52815276,0.97184724,0.63,0.6566667,1
0.92060363,0.77190304,-0.5010881,0.9989119,0.44,0.85,1
0.025368173,0.7172309,0.5051061,0.9948939,0.42666668,0.016666668,0
0.6117272,0.1835665,-0.52124214,0.97875786,0.51,0.55,1
0.10523229,0.41557965,-0.5005326,0.9994674,0.42666668,0.036666665,0
0.28726155,0.73106927,0.51600355,-0.98399645,0.22,0.28666666,0
0.13004123,0.29889512,0.5090285,-0.9909715,0.05666667,0.43666667,0
0.1854775,0.88117707,-0.5173958,-0.9826042,0.34,0.28333333,1
0.37552303,0.1340364,-0.50197285,0.99802715,0.43666667,0.32,1
0.36374408,0.17931102,-0.5000193,0.9999807,0.42666668,0.30666667,0
0.48758715,0.8043692,0.5294851,0.9705149,0.43,0.42,0
0.7477309,0.58267945,-0.5206211,0.9793789,0.44,0.69666666,1
0.6851109,0.6697891,0.51026183,0.98973817,0.43666667,0.6166667,1
0.51511306,0.5557188,0.8275142,0.6724858,0.43,0.39666668,0
0.7518629,0.24897675,-0.52567303,-0.97432697,0.7,0.44,1
0.18390854,0.39332747,0.50531006,0.99468994,0.42,0.12,0
0.7475411,0.1062075,-0.5007817,-0.9992183,0.68,0.44,0
0.72656167,0.31223005,0.57455915,0.92544085,0.42666668,0.65,0
0.31334153,0.20501438,-0.50753427,0.99246573,0.43666667,0.25666666,1
0.14795016,0.15952376,-0.5002848,-0.9997152,0.086666666,0.43,1
0.6597107,0.8870904,0.51440454,-0.98559546,0.52,0.43,0
0.5473439,0.95343983,0.50581396,-0.99418604,0.46,0.44,0
0.07378446,0.08260868,0.50202596,-0.99797404,0.016666668,0.43,1
0.65848374,0.6676115,0.5047706,-0.9952294,0.58,0.42666668,0
0.6926815,0.117567904,0.8820679,-0.6179321,0.52666664,0.43,0
0.3500517,0.6140151,0.5268211,0.9731789,0.44,0.28,1
0.16038243,0.8572444,0.5000173,0.9999827,0.43666667,0.086666666,1
0.7815348,0.8357683,0.52914256,-0.97085744,0.57666665,0.46,0
0.37431255,0.8769317,0.5165039,-0.9834961,0.32666665,0.32666665,1
0.687895,0.594917,0.53122944,0.96877056,0.43666667,0.6066667,1
0.7585457,0.31633067,0.50781536,-0.99218464,0.68,0.43666667,0
0.4395406,0.9509322,0.53011113,0.96988887,0.43666667,0.35666665,1
0.5291543,0.53578144,0.5005323,-0.9994677,0.46,0.42666668,0
0.3502293,0.12676823,-0.50000626,-0.99999374,0.28666666,0.44,1
0.20999588,0.50820416,-0.51739687,-0.98260313,0.14666666,0.43,1
0.07371277,0.56724936,-0.5000173,0.9999827,0.42666668,0.016666668,0
0.9330176,0.117922984,-0.5081605,-0.9918395,0.85,0.43,0
0.5821568,0.2811685,0.5017188,-0.9982812,0.50666666,0.44,0
0.4149275,0.16376932,0.5164681,-0.9835319,0.34,0.44,0
0.70873344,0.08207502,-0.50045544,-0.99954456,0.64,0.43,0
0.40889585,0.33985922,0.51894695,-0.98105305,0.33,0.44,0
0.82915723,0.4456163,-0.50331265,-0.99668735,0.76666665,0.42666668,1
0.7618204,0.8850573,-0.522316,0.977684,0.44,0.71,1
0.88967454,0.92835826,0.5160354,-0.9839646,0.47666666,0.7266667,0
0.29960522,0.69176006,0.5000179,0.9999821,0.43,0.22,0
0.8522843,0.04969998,0.5251353,0.9748647,0.7366667,0.44666666,1
0.2315334,0.775898,0.61351997,-0.88648003,0.21,0.23666666,1
0.873143,0.8216426,-0.51954985,0.98045015,0.43,0.81,0
0.61007744,0.6630469,-0.5033929,0.9966071,0.42666668,0.5566667,0
0.8996259,0.35176557,0.5000169,-0.9999831,0.83,0.44,0
0.37537563,0.101617746,-0.5021709,0.9978291,0.42666668,0.35,0
0.08613317,0.46598774,0.53011113,0.96988887,0.43666667,0.016666668,1
0.20995498,0.69603515,-0.5144287,-0.9855713,0.15666667,0.42666668,1
0.8615382,0.9779103,-0.52574813,-0.97425187,0.42666668,0.81,0
0.33243155,0.3337616,0.52745646,-0.97254354,0.26,0.42666668,0
0.41599914,0.14503549,-0.5216453,0.9783547,0.42666668,0.34666666,0
0.045623075,0.08585968,-0.5001203,0.9998797,0.08,0.37,0
0.41436788,0.43458888,0.7940412,-0.7059588,0.32666665,0.44,0
0.6672489,0.53612846,-0.5152549,0.9847451,0.43,0.6166667,0
0.084626056,0.07676468,0.82245994,0.67754006,0.086666666,0.36,0
0.72170305,0.11249852,-0.5113399,-0.9886601,0.67,0.44,1
0.68430316,0.17037839,0.58991283,-0.91008717,0.61,0.43666667,0
0.8012276,0.90224165,0.50429994,0.99570006,0.43666667,0.7366667,1
0.47079685,0.1810373,-0.71200377,-0.78799623,0.41,0.43666667,1
0.5149067,0.46,0.49978203,-0.5,0.43333334,0.43333334,0
0.14741963,0.60701907,0.50400573,-0.99599427,0.07,0.43,0
0.52633494,0.42539138,-0.53767246,-0.96232754,0.47666666,0.44,1
0.17117381,0.45354658,-0.5241575,0.9758425,0.42666668,0.10666667,0
0.19582877,0.12286045,0.5067811,-0.9932189,0.11666667,0.42666668,0
0.2813469,0.3245959,0.5004821,-0.9995179,0.2,0.44,0
0.5649499,0.9362241,0.5133742,-0.9866258,0.48,0.44,0
0.62250835,0.24891576,0.51456034,0.98543966,0.43666667,0.5566667,1
0.93363726,0.96510494,0.50078905,0.99921095,0.43666667,0.85,1
0.27867955,0.6926266,0.6409517,-0.8590483,0.2,0.34666666,0
0.6722504,0.24317701,0.51954985,0.98045015,0.44,0.5966667,1
0.6558584,0.6452628,-0.50684124,-0.99315876,0.59,0.49,1
0.5403624,0.15345912,0.51894695,-0.98105305,0.46,0.43,0
0.9302365,0.7112572,-0.5012191,-0.9987809,0.69666666,0.52666664,0
0.47265336,0.24918413,0.50067776,0.99932224,0.43666667,0.40666667,1
0.97710603,0.336605,-0.7287714,0.7712286,0.43666667,0.84,1
0.22471616,0.83852434,0.50553745,-0.99446255,0.3,0.19666667,1
0.21351777,0.2110481,-0.6280255,-0.8719745,0.14666666,0.43,0
0.61400217,0.87604713,-0.5034501,-0.9965499,0.52666664,0.52,0
0.17645293,0.59327316,-0.52435404,0.97564596,0.43,0.12,0
0.38166687,0.5779553,-0.50591415,0.99408585,0.44,0.33,1
0.07884177,0.72710365,0.50573075,-0.99426925,0.19,0.33,1
0.72225183,0.3263344,0.5081575,-0.9918425,0.64666665,0.43666667,0
0.6183273,0.2502583,-0.51403546,-0.98596454,0.5566667,0.43666667,1
0.65205973,0.48034585,0.50037146,-0.99962854,0.57666665,0.42666668,0
0.5954436,0.29156998,0.50553745,-0.99446255,0.53,0.42666668,1
0.92937493,0.8658497,-0.95777416,0.54222584,0.43,0.74666667,0
0.23833321,0.47882488,-0.50041205,0.99958795,0.44,0.18,1
0.8642444,0.6724735,-0.51489604,-0.98510396,0.7366667,0.49666667,0
0.18956195,0.93496126,-0.50380784,0.99619216,0.43,0.12,0
0.84537405,0.9216601,0.5001917,-0.9998083,0.49,0.69666666,0
0.49687216,0.13678868,-0.5159636,-0.9840364,0.43666667,0.42666668,1
0.7578065,0.77783155,-0.6280255,-0.8719745,0.6566667,0.62,0
0.5525772,0.49838966,0.526411,-0.973589,0.47666666,0.43666667,0
0.3519269,0.6054507,-0.5006744,0.9993256,0.43,0.29,0
0.47565338,0.39770254,0.50194025,-0.99805975,0.4,0.43666667,0
0.71865207,0.8466824,0.5387067,0.9612933,0.43,0.63666666,0
0.7614133,0.47590593,-0.50360334,0.99639666,0.42666668,0.70666665,0
0.67621493,0.12880011,-0.5014512,0.9985488,0.58,0.53,1
0.07499218,0.27410552,-0.50023746,-0.99976254,0.02,0.43666667,1
0.6716019,0.22654311,-0.53060794,0.96939206,0.56,0.62,1
0.36065027,0.5952421,-0.50062895,-0.99937105,0.3,0.43,1
0.28264603,0.76661575,-0.5229135,-0.9770865,0.22,0.42666668,1
0.966891,0.70440775,0.5024516,0.9975484,0.44,0.85,1
0.19213979,0.6778746,-0.5075303,-0.9924697,0.13666667,0.43666667,1
0.7746529,0.92921096,0.5118571,0.9881429,0.42666668,0.69666666,0
0.91156584,0.28903016,-0.5004904,-0.9995096,0.85,0.43,1
0.96032834,0.51784915,0.5113399,-0.9886601,0.85,0.43,0
0.5037451,0.43138447,-0.5051558,0.9948442,0.43,0.45,0
0.7642102,0.3072954,0.5168719,-0.9831281,0.68666667,0.43666667,0
0.40369928,0.49755135,-0.5000159,0.9999841,0.44,0.35,1
0.74375737,0.72205436,0.507227,-0.992773,0.67,0.43,0
0.49010727,0.8551689,0.5041908,-0.9958092,0.41666666,0.43666667,0
0.86564845,0.28093034,-0.52238494,0.97761506,0.56666666,0.69666666,1
0.67890453,0.16190404,0.5236314,0.9763686,0.44,0.58,1
0.80259883,0.85841846,-0.8487122,-0.6512878,0.6066667,0.68,0
0.5065157,0.047477927,0.5000026,-0.9999974,0.44,0.43666667,1
0.019967662,0.70056975,0.78016704,0.71983296,0.44,0.016666668,1
0.94696885,0.5676953,0.5000098,0.9999902,0.44,0.85,1
0.6561315,0.8364287,-0.504542,-0.995458,0.57,0.55,0
0.58220166,0.23108159,-0.52518547,-0.97481453,0.52666664,0.42666668,1
0.29020342,0.749501,0.50000465,0.99999535,0.43,0.21666667,0
0.79050875,0.34795403,-0.50505555,-0.99494445,0.73,0.44,1
0.540093,0.9458208,0.5257861,0.9742139,0.43,0.46,0
0.8583238,0.4643837,-0.51209176,0.98790824,0.42666668,0.8066667,0
0.44292256,0.08049881,-0.5051061,0.9948939,0.42666668,0.38,0
0.10534507,0.22704597,0.7581381,-0.7418619,0.036666665,0.44,0
0.6255378,0.11263582,0.5001479,0.9998521,0.43,0.52,0
0.40112787,0.4462471,0.5537972,-0.9462028,0.33,0.43666667,0
0.8844604,0.9175497,-0.5080022,-0.9919978,0.49666667,0.79,0
0.9076968,0.44725573,0.50326645,-0.99673355,0.83666664,0.43,0
0.47845826,0.61065304,0.5003786,0.9996214,0.42666668,0.41,0
0.25674245,0.6208193,-0.5044998,0.9955002,0.44,0.19,1
0.7775825,0.6288404,0.52632564,-0.97367436,0.71,0.44,0
0.7749843,0.8864707,0.5003337,-0.9996663,0.51666665,0.56,0
0.8315024,0.5295745,-0.52192074,-0.97807926,0.76666665,0.44,1
0.6162332,0.12733473,-0.5014379,0.9985621,0.52,0.52666664,1
0.35876873,0.4667803,-0.50077933,-0.99922067,0.3,0.44,1
0.24404202,0.86159694,0.5290303,-0.9709697,0.31,0.19666667,1
0.936306,0.2836675,-0.5251353,0.9748647,0.49666667,0.68666667,1
0.16030781,0.8936882,-0.5153504,0.9846496,0.43,0.1,0
0.18877634,0.7437333,0.58991283,-0.91008717,0.18,0.26666668,1
0.19283883,0.092252366,0.51980156,-0.98019844,0.12666667,0.43666667,1
0.59235424,0.80872035,-0.50010276,-0.99989724,0.53,0.47,1
0.11873087,0.08569997,0.50260365,0.99739635,0.07666667,0.38,0
0.84153736,0.19402593,-0.62816745,0.87183255,0.66,0.62666667,1
0.062195413,0.7490347,0.5001218,0.9998782,0.43666667,0.016666668,1
0.46689934,0.18168479,0.5034597,-0.9965403,0.4,0.44,0
0.9236213,0.9474587,-0.6108362,-0.8891638,0.46666667,0.82,0
0.052739955,0.3316486,0.5014046,0.9985954,0.44,0.12,1
0.09386386,0.24572171,0.52165866,-0.97834134,0.026666667,0.43666667,0
0.6920099,0.1954542,0.5004131,0.9995869,0.44,0.6,1
0.073718175,0.36616522,-0.52563053,-0.97436947,0.016666668,0.43666667,1
0.8204639,0.5768311,0.50326645,-0.99673355,0.74666667,0.44,0
0.15323414,0.65733784,-0.50325346,-0.99674654,0.11666667,0.42666668,1
0.06626354,0.20176885,-0.5000179,0.9999821,0.3,0.25,0
0.94908816,0.94522166,0.5004127,0.9995873,0.42666668,0.85,0
0.8683664,0.73,0.49475977,0.5,0.43333334,0.79333335,1
0.7640766,0.07777199,-0.5014398,-0.9985602,0.71,0.44,1
0.5103522,0.5679074,0.5387067,0.9612933,0.44,0.42666668,1
0.9224959,0.2008665,-0.5000791,0.9999209,0.68,0.6066667,1
0.32835725,0.7381965,0.50212336,-0.99787664,0.25666666,0.33666667,0
0.21517286,0.79362756,0.61351997,-0.88648003,0.23,0.21666667,1
0.7914971,0.3577404,-0.522971,0.977029,0.51,0.7366667,1
0.23896325,0.76,-0.42164603,0.5,0.43333334,0.17333333,1
0.8797994,0.87399095,-0.5024516,0.9975484,0.43,0.82,0
0.47567472,0.45841858,-0.6108362,-0.8891638,0.41666666,0.43,1
0.23136427,0.14310756,0.52311164,0.97688836,0.18666667,0.32,0
0.58345264,0.26688477,-0.50095224,0.99904776,0.44,0.53,1
0.95671374,0.13064188,0.5042508,0.9957492,0.71666664,0.5366667,1
0.12926112,0.11292674,-0.5016849,0.9983151,0.21666667,0.34,0
0.39378288,0.48475426,-0.50241876,-0.99758124,0.34,0.43,1
0.68349046,0.13578874,-0.5083545,0.9916455,0.59,0.54,1
0.39984846,0.20747751,0.5000026,-0.9999974,0.32,0.43666667,0
0.7380625,0.74880457,0.5004904,-0.9995096,0.67,0.43,0
0.039877623,0.22740382,0.7534691,-0.7465309,0.016666668,0.43,1
0.3970295,0.8901426,-0.5009277,-0.9990723,0.35,0.42666668,1
0.22247492,0.6490927,-0.5261188,0.9738812,0.44,0.16,1
0.5325638,0.868338,-0.5149216,0.9850784,0.43333334,0.47666666,1
0.9051003,0.5059563,-0.5170289,0.9829711,0.43,0.84,0
0.9619535,0.58073455,-0.8549946,0.6450054,0.43666667,0.84,1
0.034065485,0.82100856,0.50750417,-0.99249583,0.29,0.2,1
0.9177275,0.8171818,0.5006546,-0.9993454,0.58666664,0.58666664,0
0.09159907,0.9321495,0.54990953,-0.95009047,0.39,0.05666667,1
0.8392998,0.86444396,-0.52038777,0.97961223,0.44,0.78,1
0.5814052,0.513411,-0.5936679,0.9063321,0.43,0.51666665,0
0.052062582,0.59815717,0.5007059,0.9992941,0.42666668,0.016666668,0
0.10517571,0.9439548,0.5003757,-0.9996243,0.4,0.046666667,1
0.7908689,0.60676765,-0.5316995,-0.9683005,0.7366667,0.42666668,1
0.15532772,0.87923455,-0.6427055,0.8572945,0.44,0.10666667,1
0.5334949,0.65438163,0.95777416,0.54222584,0.44,0.35666665,1
0.4883759,0.17057016,-0.5268506,-0.9731494,0.42666668,0.43666667,1
0.1870384,0.15718621,-0.5258268,0.9741732,0.35666665,0.31,0
0.8902593,0.055495717,0.5185752,0.9814248,0.76,0.46666667,1
0.09151472,0.49868444,0.50213397,-0.99786603,0.026666667,0.43666667,1
0.84787685,0.19329199,0.5012123,-0.9987877,0.76666665,0.43666667,0
0.15724754,0.24436109,0.56357956,0.93642044,0.24666667,0.21,0
0.43534666,0.35735127,-0.5229062,0.9770938,0.44,0.38,1
0.16016005,0.3201942,-0.5007274,-0.9992726,0.11,0.44,1
0.5406259,0.099117085,-0.5064255,-0.9935745,0.47666666,0.43,1
0.70848393,0.7576477,0.5004145,0.9995855,0.42666668,0.63666666,0
0.063565455,0.370209,0.5075303,-0.9924697,0.016666668,0.42666668,1
0.87018514,0.70916474,0.7345716,0.7654284,0.42666668,0.79,0
0.24389033,0.42081577,-0.5025423,0.9974577,0.43,0.17666666,0
0.5633184,0.8024677,-0.51517564,0.98482436,0.43666667,0.50666666,1
0.48060548,0.624294,0.50260365,0.99739635,0.43666667,0.4,1
0.85647434,0.9376322,-0.5177943,-0.9822057,0.47666666,0.79,0
0.10266357,0.22302806,-0.5178179,0.9821821,0.38666666,0.24,0
0.71198124,0.44648194,-0.5001858,-0.9998142,0.64666665,0.43666667,1
0.15858164,0.91189396,0.5001899,0.9998101,0.43666667,0.086666666,1
0.1571468,0.5907402,-0.5229135,-0.9770865,0.1,0.42666668,1
0.7608161,0.22714567,0.51794654,-0.98205346,0.69666666,0.43666667,1
0.39386657,0.0645194,-0.5316995,-0.9683005,0.33666667,0.42666668,1
0.82212746,0.40892914,-0.500537,0.999463,0.42666668,0.75666666,0
0.67336726,0.22179262,0.5040408,-0.9959592,0.6066667,0.42666668,0
0.49194086,0.7202567,0.50037146,-0.99962854,0.41666666,0.42666668,0
0.054301977,0.42514476,-0.5064976,-0.9935024,0.016666668,0.43666667,1
0.6613275,0.8771005,-0.50281036,0.99718964,0.44,0.61,1
0.26626167,0.55065835,-0.50316155,-0.99683845,0.2,0.42666668,1
0.5289679,0.61678016,0.5115045,-0.9884955,0.44666666,0.42666668,0
0.70748156,0.3296722,0.52267265,-0.97732735,0.63,0.42666668,0
0.27645808,0.7894,0.5249158,0.9750842,0.42666668,0.20666666,0
0.9705069,0.49986213,-0.50112647,0.99887353,0.43,0.85,0
0.85148793,0.58121735,-0.51448154,0.98551846,0.43,0.8,0
0.6286383,0.09738482,-0.500196,-0.999804,0.56,0.43,0
0.8450487,0.8909598,0.5122008,-0.9877992,0.51666665,0.6333333,0
0.65574896,0.74139076,-0.5286501,0.9713499,0.44,0.58666664,1
0.84730476,0.13826835,-0.50326645,-0.99673355,0.79,0.44,1
0.65298945,0.6397938,0.50067157,0.99932843,0.42666668,0.57,0
0.3195666,0.1234717,-0.504712,0.995288,0.42666668,0.33666667,0
0.53729814,0.5421037,0.5032929,-0.9967071,0.46666667,0.42666668,0
0.06937158,0.22423019,0.50531006,0.99468994,0.25,0.23,0
0.42030534,0.42169148,-0.500011,-0.999989,0.37,0.43,1
0.6138239,0.30407485,-0.5159636,-0.9840364,0.5466667,0.43666667,0
0.11773074,0.6790104,0.5222132,0.9777868,0.42666668,0.036666665,0
0.47906095,0.921313,0.5081605,-0.9918395,0.39666668,0.42,0
0.7017115,0.8752739,0.50031126,-0.99968874,0.54,0.47,0
0.15873402,0.3544351,0.5026418,0.9973582,0.38,0.1,0
0.36269572,0.23378515,0.5064321,0.9935679,0.35666665,0.29666665,0
0.8103353,0.24102435,-0.5113399,-0.9886601,0.76,0.43,1
0.8889928,0.28659058,-0.50360334,0.99639666,0.5566667,0.69666666,1
0.64425606,0.86694884,0.5017937,-0.9982063,0.54,0.43,0
0.9569787,0.3804789,-0.82827103,-0.67172897,0.85,0.43666667,0
0.38557336,0.7545352,0.50550735,0.99449265,0.44,0.32,1
0.66892034,0.28789625,-0.5064255,-0.9935745,0.6066667,0.44,1
0.049247433,0.7188165,0.5045156,-0.9954844,0.18,0.37,1
0.069784075,0.31507924,-0.5278627,0.9721373,0.43,0.13666667,0
0.9239324,0.09657059,-0.68871564,-0.81128436,0.85,0.43666667,0
0.75544906,0.94017,0.5244904,0.9755096,0.43666667,0.69,1
0.9020613,0.21487087,-0.7652515,-0.7347485,0.84,0.42666668,1
0.123461574,0.9332574,-0.5044655,-0.9955345,0.4,0.13,1
0.47182453,0.7376439,-0.7287714,0.7712286,0.43666667,0.42,1
0.40104285,0.437408,0.512672,0.987328,0.43666667,0.33,1
0.8571268,0.57971615,0.9209126,-0.5790874,0.67,0.43666667,0
0.09562013,0.76639235,-0.5001157,-0.9998843,0.23,0.38,1
0.9058113,0.5638309,-0.5107209,-0.9892791,0.83666664,0.43,0
0.022792332,0.8184168,0.5041726,0.9958274,0.44,0.016666668,1
0.9132661,0.53570783,0.51315355,0.98684645,0.44,0.8466667,1
0.4015462,0.8217048,0.5002334,0.9997666,0.42666668,0.33,0
0.10717659,0.6291487,-0.5041766,0.9958234,0.42666668,0.043333333,0
0.37225226,0.8760157,-0.5019426,-0.9980574,0.32666665,0.43666667,1
0.8079015,0.15685193,-0.7145351,0.7854649,0.69,0.58666664,1
0.8353352,0.11411728,0.50020695,0.99979305,0.62,0.51666665,1
0.84696686,0.4176968,0.5000098,0.9999902,0.43,0.78,0
0.021826608,0.05291605,0.64381516,0.85618484,0.046666667,0.4,0
0.8392019,0.84657466,0.51130503,0.98869497,0.42666668,0.75666666,0
0.20222218,0.11138543,0.514103,-0.985897,0.12666667,0.43666667,0
0.8179555,0.784182,0.67506063,0.82493937,0.43666667,0.74,1
0.8080344,0.15939742,0.5012455,-0.9987545,0.7366667,0.43666667,0
0.07369477,0.66779506,0.50001496,-0.99998504,0.12,0.41666666,1
0.44773275,0.11860941,-0.519708,0.980292,0.42666668,0.39666668,0
0.41412723,0.80836755,0.50006485,0.99993515,0.44,0.35,1
0.3760144,0.32202092,0.5201077,-0.9798923,0.31,0.43,1
0.77700686,0.5351389,-0.5286864,0.9713136,0.43666667,0.7266667,1
0.863588,0.108440004,-0.50000733,0.99999267,0.77,0.50666666,1
0.75639856,0.9533868,-0.5000083,0.9999917,0.44,0.69,1
0.21031138,0.76135045,0.6409517,-0.8590483,0.18,0.26666668,1
0.4521889,0.9268088,0.55404955,-0.94595045,0.39,0.37666667,1
0.5268477,0.39615965,-0.5008426,0.9991574,0.44,0.46,1
0.40388745,0.047020357,0.5000334,-0.9999666,0.33666667,0.42666668,0
0.7259319,0.72917336,0.51026183,0.98973817,0.43666667,0.6566667,1
0.76936287,0.55982995,-0.5268506,-0.9731494,0.70666665,0.43666667,1
0.48141277,0.5647492,-0.7363632,-0.7636368,0.41666666,0.44,1
0.5109878,0.52057546,0.50348336,-0.99651664,0.44666666,0.42666668,1
0.02759593,0.03883285,-0.6629521,0.8370479,0.036666665,0.42,0
0.4256718,0.31216237,0.51616484,-0.98383516,0.36,0.43,1
0.6717276,0.401691,0.5004153,-0.9995847,0.6066667,0.43666667,1
0.6130675,0.4771577,-0.5936679,0.9063321,0.43,0.5566667,0
0.023862068,0.61700135,0.5000334,-0.9999666,0.08,0.43666667,1
0.21529283,0.3417969,-0.5017606,0.9982394,0.42666668,0.15666667,0
0.5228227,0.7926058,-0.5033929,0.9966071,0.43666667,0.46666667,1
0.21468094,0.9198376,0.5021709,0.9978291,0.42666668,0.14666666,0
0.5554049,0.5273365,0.5003819,-0.9996181,0.47666666,0.43666667,0
0.4583037,0.3944346,0.50429994,0.99570006,0.42666668,0.38666666,0
0.6991076,0.8057686,0.50009394,-0.99990606,0.6,0.43,0
0.23347442,0.2785668,-0.5181309,-0.9818691,0.17,0.44,1
0.46028325,0.9501914,-0.51517564,0.98482436,0.42666668,0.39666668,0
0.5880515,0.7740528,-0.50241876,-0.99758124,0.53,0.46,1
0.75739074,0.06778639,-0.5014398,-0.9985602,0.7,0.43,1
0.79433703,0.042519964,0.5040408,-0.9959592,0.7266667,0.42666668,0
0.089009054,0.31695843,0.50550735,0.99449265,0.38,0.14,0
0.9023625,0.29146427,0.50256306,0.99743694,0.44,0.69666666,1
0.3428464,0.39,-0.47978777,-0.5,0.27333334,0.43333334,0
0.41225898,0.38480797,0.5001475,0.9998525,0.42666668,0.33,0
0.6045722,0.4143439,0.51352096,-0.98647904,0.52666664,0.42666668,0
0.025280716,0.46847007,-0.5241404,-0.9758596,0.016666668,0.43666667,1
0.07402381,0.18523972,0.51363385,-0.98636615,0.016666668,0.43666667,1
0.30169025,0.5718473,-0.5004637,0.9995363,0.43,0.24,0
0.075146735,0.2983862,0.5309067,0.9690933,0.39,0.16,0
0.33215335,0.61913306,-0.51030093,-0.98969907,0.27,0.44,1
0.42452046,0.23997879,0.521164,-0.978836,0.35,0.43666667,0
0.32820097,0.39945874,-0.50030565,0.99969435,0.44,0.27,1
0.460549,0.9407918,0.5014046,0.9985954,0.43,0.39,0
0.83725625,0.5327502,0.5011229,0.9988771,0.43666667,0.76,1
0.96648604,0.22645585,-0.52357435,0.97642565,0.5566667,0.63666666,1
0.17890808,0.78802305,0.5007059,0.9992941,0.43666667,0.096666664,1
0.95901275,0.39145392,-0.5244499,-0.9755501,0.85,0.44,0
0.71371585,0.16780399,-0.50001675,0.99998325,0.6,0.57666665,1
0.33913466,0.6894907,0.52196765,-0.97803235,0.26666668,0.34666666,0
0.89777166,0.15657166,0.5052869,0.9947131,0.6066667,0.5566667,1
0.4637958,0.95006895,-0.5000264,0.9999736,0.43,0.40666667,0
0.9296832,0.8727801,-0.5253485,0.9746515,0.42666668,0.85,0
0.018756568,0.04720333,0.6629521,0.8370479,0.046666667,0.41,0
0.7752059,0.85760623,0.5004145,0.9995855,0.42666668,0.69666666,0
0.6999597,0.28239504,0.51954985,0.98045015,0.44,0.6166667,1
0.86715424,0.51218593,0.5010881,0.9989119,0.44,0.7866667,1
0.40570968,0.7057851,0.5001203,0.9998797,0.44,0.33,1
0.15623991,0.17993103,0.50593334,-0.99406666,0.07666667,0.42666668,0
0.5781254,0.41276795,-0.5141153,0.9858847,0.44,0.52666664,1
0.5948829,0.94829327,-0.5170289,0.9829711,0.44,0.53,1
0.22141385,0.027950285,0.5004145,0.9995855,0.15666667,0.42666668,0
0.8152516,0.16179748,0.50256306,0.99743694,0.51,0.56666666,1
0.801253,0.881178,0.5209307,0.9790693,0.42666668,0.7266667,0
0.7094003,0.47380424,-0.5219326,-0.9780674,0.6566667,0.42666668,1
0.5702227,0.21474718,0.52317315,0.97682685,0.42666668,0.49,0
0.45918056,0.90206844,-0.52563053,-0.97436947,0.40666667,0.42666668,1
0.9037106,0.8580154,0.6791726,0.8208274,0.42666668,0.82,0
0.19227201,0.208782,-0.50010276,-0.99989724,0.13,0.43,1
0.2883304,0.7162243,-0.5032337,0.9967663,0.44,0.22,1
0.24383387,0.5133349,0.50750417,-0.99249583,0.18,0.43,1
0.8007703,0.8380445,0.51026183,0.98973817,0.42666668,0.7266667,0
0.26762345,0.5983301,-0.5112604,-0.9887396,0.20666666,0.43,1
0.08741818,0.3183993,0.50006485,0.99993515,0.37,0.14,0
0.5454862,0.8216278,-0.5167464,0.9832536,0.42666668,0.47666666,0
0.9502492,0.9107091,0.501134,-0.998866,0.49666667,0.7866667,0
0.10251202,0.46056685,-0.50339705,0.99660295,0.43666667,0.046666667,1
0.25900772,0.48581156,0.5001203,0.9998797,0.44,0.19,1
0.68840235,0.41543952,0.5168719,-0.9831281,0.6166667,0.42666668,0
0.51373225,0.5156112,0.5010661,-0.9989339,0.43666667,0.43666667,0
0.7381594,0.72090566,-0.56000763,-0.93999237,0.6766667,0.58,1
0.52988887,0.67020375,-0.5320281,-0.9679719,0.47,0.43,1
0.67526233,0.036422256,-0.50248986,0.99751014,0.61,0.45,1
0.078452565,0.21810754,-0.5094341,0.9905659,0.34,0.24,0
0.9589544,0.58577514,-0.52538955,0.97461045,0.43,0.85,0
0.923068,0.7033888,-0.5000083,0.9999917,0.43,0.85,0
0.5864631,0.2933557,-0.5195257,0.9804743,0.45,0.52,1
0.39000976,0.39876345,0.6629521,0.8370479,0.42666668,0.31,0
0.45410866,0.8297731,-0.50316155,-0.99683845,0.4,0.42666668,1
0.8880747,0.07826337,-0.5206191,-0.9793809,0.83,0.42666668,1
0.23030043,0.53318477,0.50750417,-0.99249583,0.16,0.43,0
0.04570468,0.39080235,0.50009644,0.99990356,0.42666668,0.07,0
0.7351567,0.08875807,-0.51440454,-0.98559546,0.67,0.44,1
0.485971,0.9747532,0.5097392,-0.9902608,0.42666668,0.41,1
0.39212516,0.7701934,0.5197696,-0.9802304,0.32666665,0.37666667,1
0.7059991,0.74047345,-0.5009924,-0.9990076,0.63666666,0.56,0
0.46062738,0.7528919,0.50781536,-0.99218464,0.38,0.43666667,0
0.67126113,0.2841915,0.5010192,-0.9989808,0.6066667,0.43666667,1
0.4242007,0.9530579,-0.5036574,-0.9963426,0.41666666,0.39666668,1
0.8869227,0.30772677,-0.5300703,-0.9699297,0.83,0.43,1
0.04582524,0.6871788,-0.519708,0.980292,0.42666668,0.016666668,0
0.7485639,0.3519027,0.527028,-0.972972,0.6766667,0.43666667,0
0.29153574,0.53303975,-0.50029653,-0.99970347,0.23,0.44,1
0.23827523,0.97496927,0.50274754,-0.99725246,0.43666667,0.16666667,1
0.96836025,0.4481108,-0.5179022,-0.9820978,0.85,0.43,0
0.58105725,0.53635997,-0.5004543,-0.9995457,0.51666665,0.43,1
0.58157295,0.55153185,-0.64765453,-0.85234547,0.51666665,0.44,1
0.20621674,0.54296964,-0.518614,-0.981386,0.13666667,0.43666667,0
0.0932208,0.86059326,0.60368,-0.89632,0.3,0.14666666,1
0.13450544,0.27223948,0.5144287,-0.9855713,0.06666667,0.43666667,0
0.81301486,0.3206746,0.5029875,0.9970125,0.44,0.73,1
0.89898676,0.13281381,0.51735455,-0.98264545,0.82666665,0.42666668,0
0.21587735,0.52873987,0.5092237,-0.9907763,0.14,0.44,0
0.8061222,0.61127067,-0.5175913,-0.9824087,0.7366667,0.44666666,0
0.44927424,0.945025,-0.51980156,-0.98019844,0.41,0.42666668,1
0.68992597,0.8536878,0.5138402,0.9861598,0.43666667,0.62,1
0.3028771,0.5429991,-0.5229062,0.9770938,0.43,0.25,0
0.817743,0.8318674,-0.6108362,-0.8891638,0.5966667,0.69,0
0.4394355,0.90487385,-0.50512946,-0.99487054,0.37,0.43666667,0
0.3715089,0.22644153,-0.519708,0.980292,0.43666667,0.30666667,1
0.66549724,0.6589818,0.5269468,0.9730532,0.43666667,0.6,1
0.7336744,0.1280456,-0.50380784,0.99619216,0.64,0.53,1
0.937606,0.10556157,-0.5936679,0.9063321,0.76,0.52666664,1
0.8639112,0.4663895,0.5011699,0.9988301,0.44,0.79,1
0.80488306,0.08015445,0.5009648,-0.9990352,0.7266667,0.43666667,0
0.5324412,0.40828085,0.7434383,0.7565617,0.43666667,0.45333335,1
0.87527746,0.9236852,0.5308334,-0.9691666,0.47666666,0.70666665,0
0.36630243,0.7226618,0.5031167,-0.9968833,0.28666666,0.37666667,0
0.8587271,0.4263774,-0.5204562,0.9795438,0.44,0.8066667,1
0.2787535,0.4565444,0.5253551,-0.9746449,0.2,0.43,0
0.08040489,0.07479854,0.51030093,-0.98969907,0.016666668,0.43,1
0.16423042,0.24543789,0.5005491,-0.9994509,0.096666664,0.43666667,0
0.6431342,0.9493328,-0.5000045,-0.9999955,0.46,0.57,0
0.033805247,0.85,0.4990096,0.5,0.43333334,0.016666668,1
0.43161878,0.7429775,-0.50029653,-0.99970347,0.38,0.43,1
0.037709232,0.3874366,-0.514103,-0.985897,0.016666668,0.43666667,1
0.089879364,0.44434154,-0.5222132,0.9777868,0.42666668,0.036666665,0
0.36208615,0.8001744,0.5026198,-0.9973802,0.28666666,0.34666666,0
0.21751039,0.5181966,0.51504123,-0.98495877,0.15,0.44,0
0.039752956,0.19178593,-0.5309067,0.9690933,0.28,0.27,0
0.6649884,0.623598,-0.6302224,-0.8697776,0.6166667,0.45,1
0.6675835,0.76560575,0.52330256,-0.97669744,0.59,0.43,0
0.5741598,0.5324849,0.5269468,0.9730532,0.42666668,0.51,0
0.9023837,0.68905425,-0.50010324,-0.99989676,0.71666664,0.51666665,0
0.51796865,0.059527475,-0.50309026,0.99690974,0.44666666,0.46,1
0.69303805,0.47234866,0.7459828,-0.7540172,0.61333334,0.43666667,0
0.81821454,0.11732469,-0.5133742,-0.9866258,0.75,0.43,0
0.5010089,0.4771219,-0.5004585,-0.9995415,0.44,0.43,1
0.49143684,0.8798675,0.5006231,0.9993769,0.43,0.42,0
0.6582921,0.13737723,0.5061452,0.9938548,0.44,0.54,1
0.64876294,0.13699217,0.5001796,0.9998204,0.44,0.55,1
0.71218604,0.30501,-0.5006671,0.9993329,0.55,0.64666665,1
0.44618908,0.032052685,-0.51607466,-0.98392534,0.38,0.42666668,1
0.9275646,0.4581687,0.53003544,-0.96996456,0.85,0.44,0
0.78110355,0.7273905,0.5044477,-0.9955523,0.6766667,0.43,0
0.33329886,0.96235853,0.5012123,-0.9987877,0.41666666,0.26666668,1
0.7208271,0.94667643,0.56357956,0.93642044,0.43666667,0.64,1
0.839027,0.8679974,-0.5018338,-0.9981662,0.5466667,0.74,0
0.19373251,0.36119583,0.5253224,0.9746776,0.37,0.12,0
0.47549063,0.6138127,0.5111737,0.9888263,0.42666668,0.4,0
0.38906628,0.2148407,0.50010365,0.99989635,0.38666666,0.31666666,0
0.63089925,0.34520623,-0.50990593,-0.99009407,0.56666666,0.43,1
0.68794507,0.666589,0.5230616,0.9769384,0.42666668,0.6166667,0
0.43969607,0.51675045,0.5049709,-0.9950291,0.35666665,0.43666667,0
0.32903704,0.6967163,0.5001137,-0.9998863,0.24666667,0.35666665,0
0.31093246,0.3900312,0.5092237,-0.9907763,0.24,0.44,0
0.9621616,0.15840681,-0.50934196,-0.99065804,0.85,0.43666667,0
0.71651924,0.26839408,-0.698525,0.801475,0.55,0.6666667,1
0.9515212,0.60430473,-0.5249247,-0.9750753,0.8066667,0.44,0
0.04941304,0.18293081,0.7363632,-0.7636368,0.016666668,0.44,1
0.6278322,0.1466101,-0.50331265,-0.99668735,0.56666666,0.42666668,1
0.7446148,0.71721786,0.5017937,-0.9982063,0.67,0.44,0
0.57650924,0.26599872,-0.50990593,-0.99009407,0.50666666,0.43,0
0.22376962,0.82676005,0.50856197,-0.99143803,0.29,0.19666667,1
0.31505102,0.19582951,0.5209307,0.9790693,0.28666666,0.26666668,0
0.781559,0.3655198,-0.5025802,-0.9974198,0.72,0.44,1
0.19851936,0.15528293,-0.5001841,-0.9998159,0.14,0.44,1
0.18359575,0.81180495,-0.50092846,-0.99907154,0.27,0.38666666,1
0.14408587,0.6343662,-0.5241404,-0.9758596,0.07666667,0.42666668,0
0.52264583,0.8557285,0.52053964,0.97946036,0.43,0.45,0
0.41639712,0.5776943,0.5549422,0.9450578,0.43666667,0.34,1
0.09335943,0.8495668,0.50000006,0.99999994,0.42666668,0.026666667,0
0.7789913,0.571611,-0.5219326,-0.9780674,0.71666664,0.42666668,1
0.7960027,0.9175235,0.503302,0.996698,0.43666667,0.7266667,1
0.83846205,0.9120944,-0.52488583,0.97511417,0.43,0.78,0
0.7347882,0.21542315,0.52538955,0.97461045,0.43,0.62,0
0.89191085,0.059386246,0.5076937,0.9923063,0.76666665,0.46666667,1
0.7385883,0.06330685,-0.5002205,0.9997795,0.66,0.47,1
0.583349,0.7481736,-0.5208131,-0.9791869,0.53,0.46,1
0.58135724,0.52350724,-0.56000763,-0.93999237,0.52666664,0.43,1
0.40392828,0.35973316,0.5000376,0.9999624,0.42666668,0.34,0
0.18497673,0.32252932,-0.504712,0.995288,0.42666668,0.13666667,0
0.8750433,0.85359424,-0.511488,0.988512,0.43,0.81,0
0.22743681,0.6893371,0.5080815,0.9919185,0.42666668,0.14666666,0
0.21621965,0.15806949,0.82245994,0.67754006,0.20666666,0.24,0
0.72970307,0.0489162,-0.5014512,0.9985488,0.66,0.45,1
0.8047802,0.27406493,0.527028,-0.972972,0.7366667,0.43666667,0
0.6732175,0.2177029,-0.50380784,0.99619216,0.55,0.62,1
0.8438254,0.124049835,-0.5242154,-0.9757846,0.79,0.43,1
0.8224731,0.7789834,0.53122944,0.96877056,0.42666668,0.75666666,0
0.77948236,0.8690315,-0.5029875,0.9970125,0.43,0.71,0
0.5614899,0.6883161,-0.5210855,-0.9789145,0.5,0.44,1
0.12128158,0.08879448,0.50374675,-0.99625325,0.046666667,0.42666668,0
0.051468737,0.6546541,-0.50028443,-0.99971557,0.12,0.43666667,1
0.11189725,0.84190726,0.5001899,0.9998101,0.42666668,0.036666665,0
0.8232225,0.18845008,0.51217175,-0.98782825,0.75666666,0.43666667,1
0.80757886,0.8327389,-0.52632076,0.97367924,0.43,0.74,0
0.43527544,0.1420388,-0.52316904,0.97683096,0.42666668,0.37,0
0.662601,0.8411871,0.507227,-0.992773,0.57,0.43,0
0.13384205,0.51578176,-0.50755155,-0.99244845,0.06666667,0.42666668,0
0.598899,0.6636052,-0.9607204,-0.5392796,0.6,0.43666667,1
0.9153673,0.28716576,-0.5247919,-0.9752081,0.85,0.43,1
0.68909425,0.44226837,-0.5271501,-0.9728499,0.63666666,0.42666668,1
0.88259465,0.38139433,0.5088335,-0.9911665,0.81,0.44,0
0.47268072,0.90435654,-0.50360334,0.99639666,0.43666667,0.41666666,1
0.36157057,0.5714848,0.5215902,0.9784098,0.43666667,0.28,1
0.16502085,0.551027,0.5002906,0.9997094,0.42666668,0.09,0
0.72557366,0.56235915,0.5289341,-0.9710659,0.66,0.42666668,1
0.5481956,0.8173055,-0.50034666,0.99965334,0.43666667,0.48666668,1
0.32769534,0.9164919,-0.50325346,-0.99674654,0.37666667,0.36666667,1
0.8086555,0.34820306,-0.5187125,0.9812875,0.51666665,0.74666667,1
0.7148154,0.5594098,-0.50028217,0.99971783,0.43666667,0.6566667,1
0.1399733,0.1791267,-0.8275142,0.6724858,0.43,0.21666667,0
0.48366246,0.40724114,-0.5177943,-0.9822057,0.41666666,0.43,0
0.76534754,0.26082775,-0.5004381,-0.9995619,0.71,0.44,1
0.5806401,0.41123664,-0.6309209,0.8690791,0.43,0.51666665,0
0.5682484,0.073492035,-0.5027061,0.9972939,0.49,0.49,1
0.18185014,0.6316956,-0.5006263,0.9993737,0.43,0.12,0
0.24372475,0.9235392,0.5010192,-0.9989808,0.38666666,0.19666667,1
0.33822092,0.57081676,0.58991283,-0.91008717,0.27,0.43666667,0
0.4229272,0.2953524,0.5230616,0.9769384,0.42666668,0.35666665,0
0.2850707,0.4638597,0.5215902,0.9784098,0.42666668,0.21,0
0.29547834,0.09904066,0.5206565,0.9793435,0.23666666,0.36666667,0
0.3306841,0.7196191,-0.518614,-0.981386,0.27666667,0.43666667,1
0.61815417,0.7640569,-0.5054786,-0.9945214,0.56,0.49,1
0.47363663,0.14070906,-0.52020115,-0.97979885,0.41666666,0.42666668,1
0.8377879,0.32003495,-0.52238494,0.97761506,0.52666664,0.7366667,1
0.8331283,0.38625816,0.50934196,-0.99065804,0.75666666,0.42666668,0
0.9044353,0.066201225,-0.8347108,0.6652892,0.79,0.48666668,1
0.29725653,0.1420456,-0.5177943,-0.9822057,0.24666667,0.44,1
0.9003544,0.45277748,0.5133742,-0.9866258,0.83,0.43,0
0.45491424,0.4061536,-0.6302224,-0.8697776,0.38666666,0.44,0
0.32851648,0.8598379,-0.5166259,-0.9833741,0.31666666,0.43666667,1
0.7784945,0.9652616,0.5005291,0.9994709,0.42666668,0.69666666,0
0.55586666,0.30853888,-0.5014512,0.9985488,0.44,0.49,1
0.72195554,0.59366757,-0.50473696,0.99526304,0.42666668,0.6566667,0
0.7669958,0.19052206,-0.5008909,0.9991091,0.65,0.58666664,1
0.0702014,0.41950256,0.50000465,0.99999535,0.44,0.04,1
0.5422098,0.81483626,0.5289341,-0.9710659,0.46,0.42666668,0
0.23130421,0.83752495,0.5188051,0.9811949,0.42666668,0.16666667,0
0.8994682,0.68892473,-0.5309307,-0.9690693,0.7266667,0.47666666,0
0.17444618,0.57532865,-0.50755155,-0.99244845,0.10666667,0.42666668,0
0.14446907,0.9189626,-0.50021917,0.99978083,0.44,0.08,1
0.664941,0.14237666,0.5236314,0.9763686,0.44,0.56,1
0.9103363,0.8011054,-0.5211383,0.9788617,0.43,0.85,0
0.86417836,0.5206951,0.50834703,0.99165297,0.43,0.7866667,0
0.7753104,0.024135904,0.50020695,0.99979305,0.71,0.42666668,1
0.24511634,0.7653428,-0.5006744,0.9993256,0.43,0.19,0
0.24961591,0.0630321,-0.5112006,-0.9887994,0.18666667,0.44,1
0.6733074,0.69082636,0.5064321,0.9935679,0.43666667,0.5966667,1
0.12461765,0.72155,0.5003829,0.9996171,0.42666668,0.05666667,0
0.41512316,0.4973801,0.50034946,0.99965054,0.42666668,0.35,0
0.9215987,0.069548056,0.50028217,0.99971783,0.7866667,0.46666667,1
0.74323374,0.6448434,-0.51305026,0.98694974,0.43,0.68666667,0
0.45522568,0.50401115,0.5003203,0.9996797,0.42666668,0.38666666,0
0.101695426,0.70114696,0.50042564,0.99957436,0.42666668,0.036666665,0
0.7671585,0.40708032,-0.5187125,0.9812875,0.45666668,0.70666665,1
0.5852425,0.5549153,0.592285,-0.907715,0.51,0.42666668,0
0.40248504,0.5968957,0.53899324,0.96100676,0.42666668,0.33,0
0.508597,0.89986676,-0.51430523,0.98569477,0.43666667,0.45666668,1
0.22523867,0.5404393,0.5034597,-0.9965403,0.16,0.44,1
0.23586445,0.13336964,0.507403,0.992597,0.19666667,0.31666666,0
0.43474412,0.6143932,-0.5003072,0.9996928,0.43,0.37,0
0.45604676,0.3679529,-0.5177943,-0.9822057,0.39666668,0.43,1
0.83693355,0.44578508,0.5300832,0.9699168,0.44,0.77,1
0.056342676,0.9592495,0.7477914,-0.7522086,0.41,0.036666665,1
0.5031694,0.5582944,0.5387067,0.9612933,0.43,0.43666667,0
0.4338812,0.27601716,-0.50296223,0.99703777,0.43,0.37,0
0.20479746,0.15003398,-0.5030264,-0.9969736,0.14,0.43,1
0.67379445,0.19031155,0.51315355,0.98684645,0.43,0.5966667,0
0.63389176,0.68859774,0.5289341,-0.9710659,0.57,0.43666667,1
0.86136657,0.05593023,0.5067782,0.9932218,0.7366667,0.45666668,1
0.30856994,0.065592326,0.50022525,-0.99977475,0.22666667,0.42666668,0
0.358822,0.6908959,0.50528,-0.99472,0.28,0.37666667,0
0.7465964,0.28009433,0.64768004,-0.85231996,0.68,0.42666668,1
0.6607967,0.8125926,0.512672,0.987328,0.43666667,0.59,1
0.45002192,0.0327276,0.50000006,0.99999994,0.38666666,0.41666666,0
0.88622063,0.86617273,0.53122944,0.96877056,0.43666667,0.8066667,1
0.13623025,0.24875994,0.5229135,-0.9770865,0.06666667,0.43666667,0
0.7076956,0.5556177,-0.50360334,0.99639666,0.42666668,0.64666665,0
0.73764616,0.62235415,-0.563028,-0.936972,0.68666667,0.48,1
0.51490355,0.8978127,0.8347108,0.6652892,0.44,0.39666668,1
0.90486866,0.24659306,-0.5005212,-0.9994788,0.84,0.43,1
0.5299373,0.68228555,0.58237284,0.91762716,0.42666668,0.45,0
0.49024078,0.5975633,-0.52320176,-0.97679824,0.44,0.44,1
0.40891126,0.04121183,-0.5112292,-0.9887708,0.34666666,0.43666667,1
0.23520356,0.81542337,-0.50022525,-0.99977475,0.28,0.43666667,1
0.3843839,0.6500551,0.5040408,-0.9959592,0.31666666,0.41666666,0
0.63101435,0.9457028,-0.50342226,-0.99657774,0.47,0.56,0
0.9056488,0.09003107,-0.50014836,-0.99985164,0.84,0.44,1
0.14949645,0.2037299,0.5977547,0.9022453,0.21666667,0.24,0
0.3737684,0.48530182,-0.50248986,0.99751014,0.44,0.32,1
0.77352303,0.5791841,0.50091505,0.99908495,0.42666668,0.69666666,0
0.70444244,0.8281898,-0.8820679,-0.6179321,0.6566667,0.62,1
0.891858,0.20752339,-0.7652515,-0.7347485,0.83,0.43666667,1
0.26101148,0.36248177,-0.5118726,0.9881274,0.43666667,0.2,1
0.5714808,0.2772517,-0.5175913,-0.9824087,0.51666665,0.42666668,1
0.094378166,0.4241288,0.5001303,0.9998697,0.42666668,0.04,0
0.3757525,0.7241381,0.88104844,0.61895156,0.44,0.25666666,1
0.18026218,0.72389036,-0.50320387,-0.99679613,0.19,0.43666667,1
0.7951327,0.37502113,0.5019888,0.9980112,0.44,0.73,1
0.55867255,0.27087718,0.5138319,-0.9861681,0.48,0.42666668,0
0.5459992,0.95015293,0.52632564,-0.97367436,0.46,0.43,0
0.64974093,0.5372203,0.51298004,0.98701996,0.43666667,0.56666666,1
0.425789,0.70287234,0.7985971,-0.7014029,0.34,0.40666667,0
0.05582611,0.3556422,-0.50116175,-0.99883825,0.016666668,0.42666668,1
0.53056604,0.57700527,-0.5000399,0.9999601,0.44,0.47666666,1
0.34078485,0.7576419,-0.50558007,0.99441993,0.44,0.29,1
0.9037637,0.09402011,0.5167464,0.9832536,0.70666665,0.49666667,1
0.952086,0.04713109,0.54862225,0.95137775,0.83,0.44666666,1
0.90821064,0.20951894,0.5002479,0.9997521,0.54,0.6066667,1
0.24784908,0.40068942,-0.5184461,0.9815539,0.43666667,0.19666667,1
0.67639494,0.042254206,-0.5010743,0.9989257,0.6,0.45,1
0.2566943,0.93211836,-0.5172571,-0.9827429,0.4,0.27,1
0.8888373,0.7742256,-0.5019888,0.9980112,0.44,0.83,1
0.94153523,0.85678685,-0.51401514,-0.98598486,0.5566667,0.73,0
0.45179516,0.49321204,-0.5002205,0.9997795,0.43,0.4,0
0.29843166,0.7509689,0.5002906,0.9997094,0.42666668,0.23,0
0.39411086,0.91465956,-0.5082483,-0.9917517,0.36666667,0.43666667,1
0.15528628,0.18245359,0.5067811,-0.9932189,0.07666667,0.42666668,0
0.5820037,0.44610894,0.7434383,0.7565617,0.42666668,0.50333333,0
0.4693541,0.09742722,-0.5159636,-0.9840364,0.41666666,0.42666668,1
0.7021154,0.2169778,0.5001796,0.9998204,0.44,0.63,1
0.54605377,0.42143583,0.51130503,0.98869497,0.43666667,0.46666667,1
0.32213482,0.86206955,0.50286645,-0.99713355,0.32666665,0.28666666,1
0.3004359,0.65140337,0.50119513,-0.99880487,0.22,0.33666667,0
0.49521902,0.46629733,-0.64765453,-0.85234547,0.43666667,0.44,1
0.19478306,0.51177716,0.5002334,0.9997666,0.43666667,0.12,1
0.29009482,0.22762948,0.5118571,0.9881429,0.27666667,0.22666667,0
0.41925105,0.082407385,-0.51798415,0.98201585,0.42666668,0.36666667,0
0.46544808,0.9425388,-0.5076937,0.9923063,0.43666667,0.39666668,1
0.44285768,0.5210235,-0.51398766,0.98601234,0.43,0.39,0
0.28306356,0.295944,-0.50000775,-0.99999225,0.22,0.43,1
0.26396227,0.43782878,0.50004303,-0.99995697,0.2,0.43666667,1
0.2199842,0.4180727,-0.5071794,-0.9928206,0.17,0.44,1
0.7646573,0.2039614,0.50286645,-0.99713355,0.68666667,0.42666668,0
0.8518208,0.07433404,0.50286645,-0.99713355,0.77666664,0.43666667,0
0.8620129,0.49403864,-0.50020695,0.99979305,0.44,0.7966667,1
0.43284822,0.21569672,0.50078905,0.99921095,0.42666668,0.35666665,0
0.82131547,0.9742087,0.5024313,-0.9975687,0.42666668,0.75,0
0.80063325,0.45346743,-0.50758266,0.99241734,0.43666667,0.74666667,1
0.565246,0.4590815,0.64768004,-0.85231996,0.49,0.43666667,0
0.7275431,0.474,0.5088776,0.9911224,0.43666667,0.66,1
0.4255393,0.56670237,-0.50077933,-0.99922067,0.36,0.44,1
0.7586284,0.79240006,0.50030553,0.99969447,0.42666668,0.6766667,0
0.19441524,0.68804795,-0.5261188,0.9738812,0.44,0.14,1
0.8114402,0.64754564,0.5014426,0.9985574,0.42666668,0.74666667,0
0.1730077,0.61291,0.50001204,-0.99998796,0.09,0.4,0
0.5174703,0.7506568,0.53899324,0.96100676,0.42666668,0.45,0
0.31513497,0.60824704,0.50549847,0.99450153,0.43,0.25,0
0.94951993,0.39634386,0.5022356,-0.9977644,0.85,0.43,0
0.85806036,0.6661482,0.5113399,-0.9886601,0.7366667,0.44,0
0.60126585,0.9604648,0.5069154,-0.9930846,0.43666667,0.51,0
0.5720138,0.5838609,0.5002336,-0.9997664,0.5,0.43666667,0
0.44041213,0.52029634,0.50553745,-0.99446255,0.36,0.43666667,0
0.1701228,0.255,-0.47978777,-0.5,0.10333333,0.42333335,0
0.41693607,0.37741837,0.5000079,0.9999921,0.42666668,0.34666666,0
0.8670538,0.82525945,-0.52038777,0.97961223,0.44,0.8,1
0.33649963,0.38902265,0.5024032,-0.9975968,0.27,0.43,1
0.23565252,0.97636807,-0.5001157,-0.9998843,0.44,0.17,1
0.9027392,0.7488079,-0.5175913,-0.9824087,0.6566667,0.58666664,0
0.71460617,0.41624928,0.5001593,0.9998407,0.43666667,0.6433333,1
0.42496622,0.9695746,-0.8007053,-0.6992947,0.43666667,0.41,1
0.8180267,0.86470467,-0.80934626,-0.69065374,0.5966667,0.69,0
0.72654843,0.45367995,0.5253485,0.9746515,0.43666667,0.64666665,1
0.37738177,0.92698497,-0.53195244,0.96804756,0.43,0.32666665,0
0.5158166,0.45879105,0.50212336,-0.99787664,0.43666667,0.43666667,0
0.80397695,0.36785293,-0.50505555,-0.99494445,0.75,0.44,1
0.2642055,0.30727655,0.5111737,0.9888263,0.29666665,0.19,0
0.24297985,0.89045405,0.57427037,0.92572963,0.44,0.17666666,1
0.13329044,0.25516376,0.53151906,0.96848094,0.26666668,0.2,0
0.11000916,0.6545077,0.5044655,-0.9955345,0.12,0.41,1
0.66668797,0.36490092,0.5093245,-0.9906755,0.5966667,0.42666668,0
0.39134923,0.43038872,-0.50181174,-0.99818826,0.32666665,0.43,1
0.8612942,0.45779106,0.50065637,0.99934363,0.44,0.79,1
0.7361811,0.6750677,0.50581396,-0.99418604,0.66,0.44,0
0.16341835,0.5392241,-0.52165866,-0.97834134,0.096666664,0.43666667,0
0.30518118,0.9526969,-0.5520264,0.9479736,0.43,0.24666667,0
0.3388421,0.13756894,0.5026387,-0.9973613,0.25666666,0.43,0
0.12825796,0.54001236,-0.5067811,-0.9932189,0.06666667,0.42666668,1
0.16455534,0.09021556,-0.5030264,-0.9969736,0.1,0.43,1
0.7820318,0.32733974,-0.500196,-0.999804,0.73,0.44,1
0.21032347,0.41391775,-0.500767,0.999233,0.43666667,0.15,1
0.80484986,0.6118998,0.93278646,-0.56721354,0.62,0.42666668,0
0.11230454,0.27099138,0.5001206,0.9998794,0.26,0.2,0
0.23481058,0.53941596,-0.50030565,0.99969435,0.44,0.17,1
0.85953146,0.34900853,0.5209506,0.9790494,0.44,0.77,1
0.5061051,0.85958046,0.52586883,0.97413117,0.43,0.44,0
0.9684467,0.57657415,-0.5003337,-0.9996663,0.82666665,0.43,0
0.96940565,0.24468324,-0.5007285,0.9992715,0.5466667,0.6566667,1
0.5419175,0.5779386,0.5294719,0.9705281,0.42666668,0.46,0
0.6894654,0.060603544,0.5000379,-0.9999621,0.62,0.42666668,0
0.40796885,0.07516984,0.5059363,-0.9940637,0.33666667,0.42666668,0
0.9183533,0.8839466,-0.64765453,-0.85234547,0.52666664,0.75,0
0.79700714,0.83324784,0.5305884,0.9694116,0.43666667,0.72,1
0.77989876,0.28794983,-0.52567303,-0.97432697,0.72,0.44,1
0.16360077,0.2844157,-0.71105266,-0.78894734,0.10666667,0.43,1
0.15340388,0.876359,0.51382107,0.98617893,0.42666668,0.07666667,0
0.6386459,0.06145135,0.5029875,0.9970125,0.5,0.47,1
0.7160746,0.8362998,0.50052947,0.99947053,0.43666667,0.65,1
0.094725005,0.74935174,-0.50030565,0.99969435,0.43,0.04,0
0.72215134,0.5682048,-0.52357435,0.97642565,0.42666668,0.6666667,0
0.67002195,0.36272758,0.50000006,0.99999994,0.43666667,0.6066667,1
0.3581204,0.8221591,0.5178179,0.9821821,0.43666667,0.29,1
0.20161563,0.17649986,-0.64765453,-0.85234547,0.13666667,0.44,1
0.21135068,0.8515002,0.5003829,0.9996171,0.43666667,0.14666666,1
0.1539842,0.07075966,-0.51462954,-0.98537046,0.09,0.43,1
0.50696015,0.5257907,0.52144563,-0.97855437,0.43666667,0.42666668,0
0.87023884,0.8014419,-0.50293344,0.99706656,0.43,0.81,0
0.47685188,0.4505134,-0.6494489,-0.8505511,0.41666666,0.44,1
0.31582442,0.62787795,0.5309067,0.9690933,0.43,0.24,0
0.07299388,0.25225917,0.5000129,0.9999871,0.28333333,0.21,0
0.5924789,0.24983889,-0.5010967,-0.9989033,0.52666664,0.43666667,1
0.79295564,0.51176286,0.5000169,-0.9999831,0.71,0.44,0
0.8024143,0.1729817,0.52512497,-0.97487503,0.7366667,0.42666668,1
0.7029224,0.859056,-0.51462954,-0.98537046,0.55,0.61,0
0.90908736,0.39059103,-0.7287714,0.7712286,0.42666668,0.85,0
0.7654576,0.20322327,0.5032929,-0.9967071,0.68666667,0.42666668,0
0.044870593,0.16189137,0.50316155,-0.99683845,0.016666668,0.43666667,1
0.07140328,0.7032052,0.50260484,-0.99739516,0.16,0.36666667,1
0.6235342,0.69377893,0.5268914,0.9731086,0.42666668,0.5466667,0
0.28032228,0.14687605,0.5209307,0.9790693,0.23666666,0.31666666,0
0.7445347,0.49104178,-0.5159636,-0.9840364,0.6766667,0.42666668,0
0.72825485,0.06952239,-0.5244499,-0.9755501,0.67,0.43,1
0.71523416,0.17930038,-0.8347108,0.6652892,0.62,0.6566667,1
0.9571527,0.36656997,0.50984675,0.99015325,0.43,0.77666664,0
0.44746488,0.8583643,0.50006485,0.99993515,0.43,0.38,0
0.040658657,0.2738019,0.52995205,-0.97004795,0.016666668,0.43666667,1
0.20106496,0.051277455,-0.51528686,0.98471314,0.19666667,0.4,0
0.65448153,0.5216884,0.5034344,0.9965656,0.42666668,0.57666665,0
0.64455026,0.21188775,-0.50018305,-0.99981695,0.57666665,0.43666667,0
0.37486058,0.71171606,0.52144563,-0.97855437,0.30666667,0.37666667,0
0.11442496,0.30242935,-0.51030093,-0.98969907,0.05,0.44,1
0.9117221,0.52704406,-0.50505555,-0.99494445,0.85,0.44,1
0.60920185,0.39139387,0.50008374,-0.99991626,0.52666664,0.43666667,0
0.6858404,0.6958637,-0.5112006,-0.9887994,0.62666667,0.54,1
0.2694592,0.09709021,-0.5249158,0.9750842,0.33666667,0.36,0
0.4399358,0.2017837,0.5092237,-0.9907763,0.37,0.43,0
0.876335,0.0561286,-0.50225157,-0.99774843,0.81,0.43,1
0.61750185,0.38166073,0.515526,-0.984474,0.5366667,0.42666668,0
0.6723585,0.12577441,-0.5006744,0.9993256,0.57,0.53,1
0.7221206,0.31803623,-0.5122008,-0.9877992,0.6566667,0.43333334,1
0.71640635,0.48355752,-0.5175913,-0.9824087,0.64666665,0.43666667,0
0.385563,0.7334792,-0.5170552,-0.9829448,0.33,0.43666667,1
0.9681772,0.9583385,-0.79849994,-0.70150006,0.45666668,0.83,0
0.52185196,0.49914297,-0.50161076,-0.99838924,0.46,0.44,1
0.8550377,0.4066309,-0.5003337,-0.9996663,0.8,0.44,1
0.18014908,0.83118826,0.50119513,-0.99880487,0.3,0.15666667,1
0.7907578,0.046966787,0.51224136,0.98775864,0.68,0.45666668,1
0.6645815,0.34267658,-0.50492764,-0.99507236,0.6066667,0.43,1
0.2747604,0.07492423,0.5293062,0.9706938,0.20666666,0.37666667,0
0.26157835,0.6610685,-0.50203097,-0.99796903,0.21,0.43666667,1
0.5598049,0.35630307,0.5167617,0.9832383,0.42666668,0.48666668,0
0.8398386,0.81327033,-0.6625102,-0.8374898,0.6166667,0.66,0
0.40880075,0.29190856,-0.5006263,0.9993737,0.43,0.34,0
0.8052237,0.03386753,-0.52353114,0.97646886,0.75,0.44,1
0.64512974,0.8935583,-0.50636905,-0.99363095,0.51,0.56,0
0.66004413,0.1277219,-0.7985971,-0.7014029,0.61,0.42666668,1
0.633846,0.5505105,-0.5080022,-0.9919978,0.56666666,0.44,0
0.39675486,0.60511994,-0.66445965,0.83554035,0.44,0.33666667,1
0.9167842,0.50412923,-0.93278646,-0.56721354,0.81,0.43666667,0
0.56770396,0.6244273,0.5076533,0.9923467,0.42666668,0.48666668,0
0.13022766,0.26725814,0.52285075,-0.97714925,0.05666667,0.43666667,0
0.92384785,0.360327,-0.82827103,-0.67172897,0.85,0.42666668,0
0.47916526,0.7910307,0.5136162,0.9863838,0.44,0.4,1
0.91121423,0.9530572,0.5219326,-0.9780674,0.44666666,0.7966667,0
0.26990503,0.71815884,0.53011113,0.96988887,0.43666667,0.19666667,1
0.626072,0.88123244,0.5000404,-0.9999596,0.52666664,0.43,0
0.67442966,0.81744313,0.5093288,-0.9906712,0.6,0.43,0
0.45790392,0.29978248,0.82344234,0.67655766,0.42666668,0.37,0
0.32248718,0.82135785,0.50008374,-0.99991626,0.27666667,0.30666667,1
0.47540522,0.841069,-0.50202596,-0.99797404,0.40666667,0.43,0
0.28821194,0.7497346,-0.5051558,0.9948442,0.43,0.23,0
0.4549596,0.41284418,-0.52574813,-0.97425187,0.38666666,0.43,0
0.6625979,0.2979837,-0.5009681,-0.9990319,0.5966667,0.42666668,1
0.13445093,0.72868884,-0.5093287,-0.9906713,0.19,0.43666667,1
0.78186107,0.554261,-0.51489604,-0.98510396,0.71666664,0.43666667,1
0.6584713,0.6492513,0.5269468,0.9730532,0.42666668,0.59,0
0.8521446,0.16395898,0.5002336,-0.9997664,0.78,0.43666667,0
0.5523912,0.18990469,-0.5010967,-0.9989033,0.48666668,0.43666667,1
0.43028912,0.43563336,-0.5216137,-0.9783863,0.38,0.43,1
0.1206213,0.90797925,0.5041766,0.9958234,0.42666668,0.046666667,0
0.92643213,0.32532403,-0.52347344,0.97652656,0.43666667,0.7366667,1
0.10220849,0.77456486,0.51616484,-0.98383516,0.23,0.22,1
0.17633414,0.334594,-0.50001204,0.99998796,0.42666668,0.11666667,0
0.49893406,0.20624879,0.502747,0.997253,0.42666668,0.43,0
0.8793052,0.17416757,0.5174994,0.9825006,0.5466667,0.57666665,1
0.28194058,0.8849973,0.50022686,-0.99977314,0.33666667,0.24666667,1
0.5040976,0.6208252,-0.5000765,0.9999235,0.44,0.44666666,1
0.105975635,0.8434895,-0.65557605,0.84442395,0.44,0.05666667,1
0.7612877,0.48623812,0.5001593,0.9998407,0.42666668,0.6933333,0
0.13612682,0.66183156,-0.8603312,-0.6396688,0.14,0.43666667,1
0.70354337,0.38863295,0.68871564,-0.81128436,0.62,0.43666667,0
0.6414407,0.66937876,-0.50028217,0.99971783,0.42666668,0.58666664,0
0.97265923,0.14248729,-0.7061623,-0.7938377,0.85,0.42666668,0
0.89853436,0.25276056,-0.5093288,-0.9906712,0.83,0.44,0
0.16888806,0.46906883,-0.5001218,0.9998782,0.43666667,0.11666667,1
0.26902825,0.24638112,-0.6494489,-0.8505511,0.21666667,0.44,1
0.34468752,0.5177929,0.53790253,0.96209747,0.42666668,0.27,0
0.4986508,0.31951326,0.5255892,0.9744108,0.42666668,0.41666666,0
0.3010542,0.9699675,-0.50058436,-0.99941564,0.44,0.23666666,1
0.78027874,0.52153105,0.5078712,0.9921288,0.42666668,0.71666664,0
0.35556293,0.74722177,0.5057325,-0.9942675,0.27666667,0.35666665,0
0.7481676,0.5094239,-0.50028217,0.99971783,0.42666668,0.68666667,0
0.20000602,0.34837613,-0.5,1.0,0.42666668,0.15,0
0.26743916,0.4665516,0.50090665,-0.99909335,0.2,0.44,0
0.4358865,0.5482189,-0.50120753,0.99879247,0.44,0.37,1
0.1032647,0.82890636,-0.50000054,-0.99999946,0.3,0.27,1
0.1278549,0.4408411,-0.50208867,0.99791133,0.42666668,0.07666667,0
0.7369217,0.872514,0.5076533,0.9923467,0.43666667,0.6566667,1
0.12966609,0.058421932,0.5387067,0.9612933,0.09,0.39666668,0
0.06367254,0.37291944,-0.51437384,-0.98562616,0.016666668,0.43666667,1
0.3912608,0.3613541,0.51616484,-0.98383516,0.31,0.44,0
0.2614429,0.40915948,0.52699023,-0.97300977,0.18,0.44,0
0.23966491,0.48941058,0.52586883,0.97413117,0.43,0.16,0
0.5406311,0.056891486,0.51954985,0.98045015,0.43,0.46666667,0
0.2972678,0.38238877,0.52745646,-0.97254354,0.23,0.43666667,0
0.7937184,0.9650002,-0.5043574,-0.9956426,0.44,0.73,0
0.28673297,0.49235547,-0.5027061,0.9972939,0.43,0.23,0
0.67142963,0.8900548,0.5179022,-0.9820978,0.52,0.44,0
0.61462665,0.615584,0.82827103,-0.67172897,0.51,0.42666668,0
0.20997903,0.17927255,0.5244904,0.9755096,0.17666666,0.27,0
0.12395022,0.94780684,-0.50004303,-0.99995697,0.41,0.10666667,1
0.3716346,0.43674427,0.5324936,-0.9675064,0.3,0.42666668,0
0.38011464,0.71539795,0.5010661,-0.9989339,0.31666666,0.39666668,1
0.55291474,0.34647068,0.5167617,0.9832383,0.43666667,0.47666666,1
0.5734652,0.711614,-0.5065146,-0.9934854,0.52,0.43,1
0.12900384,0.30352104,-0.5143691,-0.9856309,0.06,0.44,0
0.64463764,0.8887359,0.5004904,-0.9995096,0.53,0.43,0
0.75007445,0.6349739,-0.51305026,0.98694974,0.44,0.69666666,1
0.11909619,0.87695867,0.51032966,0.98967034,0.43666667,0.046666667,1
0.7903441,0.51663524,-0.5308334,-0.9691666,0.7366667,0.42666668,1
0.43661648,0.677091,-0.5024099,0.9975901,0.44,0.37,1
0.5010174,0.94074327,0.5010355,0.9989645,0.43,0.43,0
0.36939356,0.6422617,0.5006331,0.9993669,0.44,0.3,1
0.13371484,0.47725093,-0.5000173,0.9999827,0.43666667,0.07666667,1
0.6318974,0.060915373,-0.5004381,-0.9995619,0.57,0.44,1
0.89298934,0.41145012,0.5301206,-0.9698794,0.82666665,0.44,1
0.922734,0.27661213,-0.5022356,-0.9977644,0.85,0.43,0
0.04514036,0.6146709,-0.5081018,0.9918982,0.43666667,0.016666668,1
0.36762142,0.25163308,-0.5298269,-0.9701731,0.31666666,0.44,1
0.55596143,0.053068843,0.5108536,-0.9891464,0.48,0.44,0
0.32701904,0.19445747,0.5059363,-0.9940637,0.25666666,0.42666668,0
0.7092683,0.8670364,-0.5016449,-0.9983551,0.54,0.61,0
0.8523728,0.095150076,-0.5006671,0.9993329,0.76,0.49666667,1
0.7184408,0.3727002,0.7061623,-0.7938377,0.64,0.43666667,0
0.38897714,0.56670934,-0.5032337,0.9967663,0.43,0.33,0
0.9088994,0.1076448,-0.5206191,-0.9793809,0.84,0.43666667,0
0.44032615,0.5234649,-0.723488,-0.776512,0.38666666,0.43,1
0.062840626,0.26751268,-0.515859,0.984141,0.43,0.18,0
0.85957026,0.047694225,-0.5289341,-0.9710659,0.79,0.43666667,0
0.024290232,0.09783267,0.5138262,0.9861738,0.086666666,0.36,0
0.8830673,0.76338834,-0.5000083,0.9999917,0.43,0.82,0
0.5942108,0.28347683,-0.71200377,-0.78799623,0.54,0.42666668,1
0.5455189,0.49885422,-0.50600386,-0.99399614,0.48666668,0.43,1
0.91916865,0.8858095,-0.659839,-0.840161,0.52666664,0.75,0
0.31347033,0.7211008,0.5014046,0.9985954,0.43,0.25,0
0.86438257,0.7998035,-0.5001095,0.9998905,0.44,0.8,1
0.277126,0.8735902,0.5010192,-0.9989808,0.33666667,0.24666667,1
0.8882337,0.03954689,0.5012455,-0.9987545,0.81666666,0.43666667,0
0.41944975,0.57140946,0.56180507,0.93819493,0.43666667,0.35,1
0.3701814,0.22139591,0.8581845,0.6418155,0.31666666,0.28,0
0.5580454,0.5463698,-0.5229992,0.9770008,0.43666667,0.49666667,1
0.66484064,0.85174507,-0.50984675,0.99015325,0.44,0.6,1
0.21388377,0.15000024,0.52285075,-0.97714925,0.13666667,0.43666667,0
0.7072768,0.80118495,0.5244499,-0.9755501,0.62,0.44,0
0.71597564,0.03675282,-0.52124214,0.97875786,0.66,0.44,1
0.88484025,0.7020266,-0.51489604,-0.98510396,0.70666665,0.52666664,0
0.66360974,0.3675863,0.50109154,0.99890846,0.42666668,0.5966667,0
0.46911812,0.4311332,-0.525615,-0.974385,0.40666667,0.43,1
0.5375765,0.30556566,-0.52674025,0.97325975,0.44,0.48,1
0.58497095,0.6642265,-0.51169413,-0.98830587,0.52,0.43,1
0.19758818,0.11134068,0.5082483,-0.9917517,0.11666667,0.42666668,0
0.87728953,0.092672564,0.5243661,-0.9756339,0.7966667,0.42666668,0
0.910687,0.53630763,0.5011699,0.9988301,0.43,0.84,0
0.20813963,0.31785882,-0.50342226,-0.99657774,0.14,0.43,0
0.56736773,0.61974216,0.507403,0.992597,0.42666668,0.48666668,0
0.8005022,0.3246367,-0.5000279,-0.9999721,0.74,0.43,1
0.65644664,0.08209959,0.7287714,0.7712286,0.42666668,0.51,0
0.46120372,0.7969379,0.5008548,0.9991452,0.44,0.38,1
0.80911666,0.9475882,-0.5005234,0.9994766,0.44,0.75,1
0.8247168,0.78064775,0.50683254,0.99316746,0.43666667,0.76,1
0.80135113,0.16938497,0.5012455,-0.9987545,0.7266667,0.42666668,0
0.4752061,0.6443433,-0.5864834,0.9135166,0.43,0.41666666,0
0.51624596,0.8621224,0.5006331,0.9993669,0.44,0.44,1
0.6493962,0.5555777,0.7985971,-0.7014029,0.55,0.43666667,0
0.74516976,0.1418332,0.5004454,-0.9995546,0.6666667,0.43666667,0
0.22223438,0.38907856,-0.5001218,0.9998782,0.43666667,0.15666667,1
0.699973,0.25780722,0.63427335,-0.86572665,0.63,0.42666668,0
0.55529076,0.45073736,-0.5198999,0.9801001,0.43,0.48666668,0
0.29212114,0.7390781,0.50553745,-0.99446255,0.22,0.29666665,0
0.95940095,0.11372753,-0.54862225,0.95137775,0.76,0.51666665,1
0.70743394,0.3054604,0.5093245,-0.9906755,0.63666666,0.42666668,0
0.15203089,0.74136823,0.5143249,0.9856751,0.42666668,0.07666667,0
0.7975082,0.45514843,0.5081605,-0.9918395,0.7266667,0.43,0
0.6227852,0.78315496,-0.52320176,-0.97679824,0.57,0.51,1
0.04685854,0.77754414,0.5081393,-0.9918607,0.23,0.27,1
0.11168077,0.44191328,-0.51437384,-0.98562616,0.05666667,0.42666668,1
0.69164664,0.1426678,0.50856197,-0.99143803,0.62,0.42666668,0
0.9719019,0.8871994,0.5014426,0.9985574,0.42666668,0.85,0
0.782767,0.49085075,-0.7287714,0.7712286,0.43666667,0.72,1
0.07853722,0.63546246,0.5005326,0.9994674,0.42666668,0.016666668,0
0.64565384,0.35515514,0.51352096,-0.98647904,0.56666666,0.42666668,0
0.33943763,0.586451,0.5138319,-0.9861681,0.26,0.40666667,0
0.66968966,0.6328983,-0.52203983,0.97796017,0.43,0.6166667,0
0.04185934,0.16161783,-0.50130165,-0.99869835,0.016666668,0.43,1
0.4637394,0.29482847,-0.50078654,0.99921346,0.43,0.41,0
0.07160944,0.085148364,-0.5026418,0.9973582,0.11,0.37,0
0.43476456,0.13029248,0.5022433,0.9977567,0.39666668,0.35666665,0
0.7349284,0.16453138,-0.5003072,0.9996928,0.62,0.58,1
0.85032094,0.8674339,-0.6108362,-0.8891638,0.5566667,0.73,0
0.64390224,0.91004914,-0.50081944,-0.99918056,0.49333334,0.56,0
0.36077422,0.14366864,0.50586885,-0.99413115,0.28666666,0.43666667,0
0.079246156,0.6177415,-0.5051061,0.9948939,0.42666668,0.02,0
0.21123515,0.85841364,0.50553745,-0.99446255,0.32,0.17666666,1
0.782002,0.6976064,-0.50281036,0.99718964,0.44,0.73,1
0.07777926,0.2771813,0.5019426,-0.9980574,0.016666668,0.43666667,1
0.4504141,0.04931354,-0.5000193,0.9999807,0.41666666,0.41666666,0
0.6833747,0.7209403,0.5000002,0.9999998,0.42666668,0.6166667,0
0.7302341,0.69676465,-0.50000626,-0.99999374,0.6766667,0.57,1
0.15277389,0.55172044,0.5268141,-0.9731859,0.07,0.42666668,0
0.61524415,0.86396205,-0.50020695,0.99979305,0.43,0.5466667,0
0.20056297,0.14789316,-0.50053424,-0.99946576,0.15,0.44,1
0.9205089,0.5046317,-0.5000279,-0.9999721,0.85,0.43,0
0.2386807,0.65441173,0.5537972,-0.9462028,0.17,0.35666665,0
0.25810593,0.3173117,0.5165098,-0.9834902,0.18666667,0.42666668,0
0.6815766,0.6533834,-0.50473696,0.99526304,0.42666668,0.6166667,0
0.083104335,0.8735253,-0.5044655,-0.9955345,0.34,0.19,1
0.7949611,0.9240748,0.5025802,-0.9974198,0.48666668,0.64,0
0.4674675,0.88836235,0.50006485,0.99993515,0.44,0.39,1
0.72196704,0.74809617,0.5093288,-0.9906712,0.65,0.44,0
0.0559984,0.9596389,-0.54529023,-0.95470977,0.42,0.026666667,1
0.57160145,0.8741762,0.52506405,-0.97493595,0.49666667,0.44,0
0.21893306,0.41620484,0.5136162,0.9863838,0.44,0.14,1
0.31235278,0.5709552,0.5001206,0.9998794,0.44,0.24,1
0.68976367,0.16711837,-0.5136611,0.9863389,0.59,0.57,1
0.49706247,0.13548897,0.8487122,-0.6512878,0.37666667,0.43,0
0.044246264,0.22507948,-0.5028157,0.9971843,0.31666666,0.23,0
0.90435696,0.919957,-0.80934626,-0.69065374,0.51666665,0.77,0
0.23499523,0.05736195,-0.5007498,-0.9992502,0.16666667,0.44,0
0.04941304,0.22874902,-0.7363632,-0.7636368,0.016666668,0.44,1
0.19466586,0.92956483,0.5290303,-0.9709697,0.38,0.12666667,1
0.17076351,0.23943684,0.5090285,-0.9909715,0.096666664,0.43666667,0
0.29463455,0.43765956,0.50017214,-0.99982786,0.23,0.44,1
0.22324692,0.029955631,0.50000083,0.99999917,0.15666667,0.42666668,0
0.9337733,0.80256534,-0.5112292,-0.9887708,0.5966667,0.6666667,0
0.26494342,0.35784116,-0.5034501,-0.9965499,0.20666666,0.44,1
0.052886777,0.08298357,0.67506063,0.82493937,0.086666666,0.37,0
0.21489172,0.9524187,0.50197285,0.99802715,0.43666667,0.14666666,1
0.25079915,0.48468778,0.521164,-0.978836,0.18,0.42666668,0
0.30173886,0.7505856,-0.51814,-0.98186,0.24666667,0.43666667,1
0.5006451,0.5156058,-0.5045667,0.9954333,0.44,0.44,1
0.24288896,0.103009135,-0.5008655,-0.9991345,0.18666667,0.43,1
0.8426669,0.41405684,0.52632076,0.97367924,0.44,0.76,1
0.11498242,0.5410749,0.500331,-0.999669,0.04,0.43666667,0
0.79599935,0.33184785,-0.5007414,-0.9992586,0.73,0.44,1
0.8833553,0.96272755,-0.50000006,0.99999994,0.43666667,0.83,1
0.41470638,0.4147686,0.6791726,0.8208274,0.42666668,0.34,0
0.91617346,0.2821273,-0.50458866,-0.99541134,0.85,0.43,1
0.22686915,0.3505708,0.5173958,-0.9826042,0.15666667,0.42333335,0
0.1126697,0.29651392,0.5059156,0.9940844,0.33,0.16,0
0.46729204,0.25792965,0.50768924,0.99231076,0.42666668,0.38666666,0
0.5435833,0.5884365,-0.50000733,0.99999267,0.43,0.48666668,0
0.56060797,0.700786,-0.51603305,0.98396695,0.43666667,0.50666666,1
0.3856451,0.4987522,-0.50010276,-0.99989724,0.32,0.44,1
0.08502844,0.43030104,-0.50025403,0.99974597,0.42666668,0.04,0
0.965216,0.87721384,0.5014426,0.9985574,0.43666667,0.85,1
0.4557564,0.062471595,-0.511881,0.988119,0.42666668,0.39666668,0
0.43244624,0.0952674,0.5006407,0.9993593,0.38666666,0.35666665,0
0.20824769,0.27811778,-0.5222132,0.9777868,0.43666667,0.16666667,1
0.22125155,0.4189748,-0.5216453,0.9783547,0.42666668,0.16666667,0
0.4565984,0.058906786,0.50000054,-0.99999946,0.39,0.44,1
0.5146219,0.09279832,0.5092237,-0.9907763,0.44,0.44,0
0.7257781,0.23676272,0.5061452,0.9938548,0.44,0.64,1
0.61870223,0.5138772,0.5002336,-0.9997664,0.55,0.42666668,0
0.27091327,0.89412344,0.5222132,0.9777868,0.42666668,0.19666667,0
0.43444496,0.95945626,-0.51621485,-0.98378515,0.41666666,0.39666668,1
0.34535602,0.5840901,0.5003757,-0.9996243,0.28,0.40666667,1
0.90517,0.06991069,0.51217175,-0.98782825,0.83666664,0.43666667,0
0.40598145,0.6212655,0.50528,-0.99472,0.33,0.42666668,0
0.7232375,0.615,0.58904594,0.5,0.42333335,0.6433333,0
0.46256265,0.5462017,-0.512229,-0.987771,0.41,0.43,1
0.3690491,0.7273364,0.5057325,-0.9942675,0.29666665,0.37666667,0
0.401043,0.81079376,0.5092529,-0.9907471,0.32666665,0.37666667,0
0.82452,0.32876912,-0.5116801,0.9883199,0.54,0.7366667,1
0.8721077,0.74061745,0.5004381,-0.9995619,0.6566667,0.44,0
0.804603,0.48438933,-0.51595175,0.98404825,0.43666667,0.74666667,1
0.16841885,0.8011044,0.50042564,0.99957436,0.42666668,0.096666664,0
0.11731165,0.4889365,-0.88104844,0.61895156,0.44,0.14666666,1
0.23601899,0.53866214,0.5024032,-0.9975968,0.16,0.44,0
0.31881678,0.3195195,-0.5030264,-0.9969736,0.25,0.44,0
0.45431772,0.4896711,0.50856197,-0.99143803,0.39,0.43666667,1
0.44936517,0.47700036,-0.5032337,0.9967663,0.44,0.38,1
0.08598091,0.80677134,0.5051061,0.9948939,0.43666667,0.016666668,1
0.14313447,0.9208592,-0.5195257,0.9804743,0.43,0.08,0
0.4218776,0.23452148,0.5003032,-0.9996968,0.35,0.43,0
0.29712555,0.7607171,-0.62816745,0.87183255,0.43,0.23666666,0
0.30260357,0.70348483,0.5094341,0.9905659,0.43,0.23,0
0.30572748,0.14122763,-0.5222132,0.9777868,0.43666667,0.30666667,1
0.64629763,0.25964987,0.51511097,-0.98488903,0.57,0.43666667,0
0.8384847,0.61922276,-0.5003867,-0.9996133,0.77666664,0.46666667,1
0.68930036,0.939078,-0.5007994,-0.9992006,0.46,0.61,0
0.15387633,0.49696815,0.5135666,0.9864334,0.42666668,0.08,0
0.3706737,0.35,-0.43171299,-0.5,0.31333333,0.43333334,1
0.9646472,0.07787803,-0.6126458,0.8873542,0.79,0.49666667,1
0.90592057,0.13437337,0.5289614,-0.9710386,0.83666664,0.43666667,0
0.96295315,0.81659645,-0.5265712,-0.9734288,0.58666664,0.63666666,0
0.67048144,0.17163414,-0.5178842,0.9821158,0.57,0.59,1
0.9557289,0.9344741,0.6629521,0.8370479,0.42666668,0.85,0
0.9154453,0.6293113,0.52488583,0.97511417,0.44,0.84,1
0.8971853,0.70204824,0.52169967,0.97830033,0.42666668,0.81666666,0
0.6853765,0.84407604,-0.50018305,0.99981695,0.44,0.63,1
0.7044923,0.5840003,-0.52203983,0.97796017,0.44,0.64666665,1
0.8540632,0.61420137,0.51345724,-0.98654276,0.78,0.43,0
0.30468562,0.42729458,-0.7363632,-0.7636368,0.25666666,0.44,1
0.3792112,0.6798316,0.5095113,0.9904887,0.43,0.3,0
0.8871762,0.45487627,0.522316,0.977684,0.44,0.82,1
0.43367165,0.53024095,0.50553745,-0.99446255,0.37,0.42666668,1
0.41354412,0.7601221,0.5189616,0.9810384,0.44,0.33,1
0.15420371,0.16652453,-0.50522786,-0.99477214,0.1,0.43,1
0.6561141,0.16297051,0.5033819,0.9966181,0.43,0.57,0
0.47006804,0.48112667,-0.5051558,0.9948442,0.44,0.42,1
0.642363,0.19132319,0.5017188,-0.9982812,0.57666665,0.43,1
0.10747182,0.28363615,0.5095113,0.9904887,0.31,0.18,0
0.09656152,0.19262843,0.5008734,-0.9991266,0.026666667,0.42666668,0
0.3282717,0.6719604,-0.6309209,0.8690791,0.43,0.27666667,0
0.21236886,0.56666154,0.5026144,-0.9973856,0.13,0.44,0
0.96451056,0.30965066,0.77555716,-0.72444284,0.85,0.43666667,0
0.033807628,0.11751911,-0.5008548,0.9991452,0.12,0.34,0
0.48217723,0.63203967,-0.5181309,-0.9818691,0.43,0.44,1
0.22300373,0.5238412,0.521164,-0.978836,0.14,0.42666668,0
0.34119374,0.6376004,-0.50591415,0.99408585,0.44,0.29,1
0.24799617,0.25215217,-0.6625102,-0.8374898,0.18666667,0.43,1
0.6944451,0.2358552,-0.5025802,-0.9974198,0.63,0.43,1
0.49747032,0.42688525,-0.5177943,-0.9822057,0.43666667,0.43,1
0.09515262,0.8977308,-0.5003896,-0.9996104,0.35,0.16,1
0.25504178,0.96098673,0.5243661,-0.9756339,0.42666668,0.17666666,1
0.5381773,0.58665603,-0.5043574,-0.9956426,0.48,0.43,1
0.20533174,0.3290472,0.50213397,-0.99786603,0.13666667,0.42666668,0
0.7957326,0.6086705,0.9209126,-0.5790874,0.62,0.42666668,0
0.5486188,0.6439663,0.5003203,0.9996797,0.42666668,0.46666667,0
0.7194802,0.5249919,0.5006407,0.9993593,0.43666667,0.64666665,1
0.74230343,0.9599854,-0.5065146,-0.9934854,0.45,0.68,0
0.21346818,0.7016424,0.5249158,0.9750842,0.43666667,0.13666667,1
0.88302386,0.6276642,-0.5009681,-0.9990319,0.7866667,0.43666667,0
0.42264974,0.75367135,0.53078526,-0.96921474,0.34666666,0.40666667,0
0.34705555,0.15725647,-0.5000173,0.9999827,0.43666667,0.29666665,1
0.40398774,0.24742877,0.50143194,0.99856806,0.40666667,0.33666667,0
0.17399697,0.77612084,-0.50051993,0.99948007,0.44,0.10666667,1
0.49822915,0.096233584,-0.5002841,0.9997159,0.42666668,0.43,0
0.6730163,0.66977364,0.50067157,0.99932843,0.43666667,0.6,1
0.49712518,0.24486782,-0.50078654,0.99921346,0.44,0.44,1
0.5772717,0.49263683,0.500038,0.999962,0.42666668,0.49666667,0
0.21069242,0.47990027,0.5045156,-0.9954844,0.14,0.43,0
0.762063,0.4988808,-0.500537,0.999463,0.43666667,0.70666665,1
0.25728253,0.682733,-0.52124214,0.97875786,0.44,0.2,1
0.6614362,0.16769947,0.50021905,0.99978095,0.44,0.57,1
0.26385215,0.80035424,0.5242813,-0.9757187,0.24666667,0.23666666,1
0.852181,0.3517059,0.7459828,-0.7540172,0.7733333,0.43666667,0
0.04067159,0.26654986,0.8275142,0.6724858,0.44,0.086666666,1
0.55602384,0.24146886,-0.501134,-0.998866,0.48666668,0.43666667,0
0.39908794,0.9354217,-0.50593334,-0.99406666,0.4,0.40666667,1
0.32676128,0.6484261,0.515519,0.984481,0.43,0.26,0
0.74511003,0.73002964,0.5194161,0.9805839,0.42666668,0.6766667,0
0.92626995,0.16970125,-0.5291681,-0.9708319,0.85,0.42666668,0
0.42693684,0.048178013,-0.50990593,-0.99009407,0.36666667,0.43,1
0.44225124,0.054074347,-0.5150639,-0.9849361,0.38666666,0.42666668,1
0.07776589,0.12252782,0.5977547,0.9022453,0.12666667,0.33,0
0.7526382,0.7441951,0.5300703,-0.9699297,0.67,0.44,0
0.25339612,0.033815082,0.5194161,0.9805839,0.17666666,0.42666668,0
0.65977484,0.12385899,-0.50000566,0.99999434,0.56,0.54,1
0.7772364,0.8063587,0.64381516,0.85618484,0.42666668,0.7,0
0.11690456,0.6790009,-0.5041726,0.9958274,0.44,0.05,1
0.91710025,0.7092997,-0.5000209,-0.9999791,0.69666666,0.5366667,0
0.6899045,0.3083954,-0.5014654,-0.9985346,0.63666666,0.43666667,1
0.96859163,0.7562992,-0.7434383,0.7565617,0.43666667,0.85,1
0.46645454,0.8738743,0.50550735,0.99449265,0.44,0.4,1
0.13860114,0.36560628,-0.5005326,0.9994674,0.43666667,0.086666666,1
0.55372673,0.46072146,0.50309443,0.99690557,0.42666668,0.47666666,0
0.6474607,0.80803657,-0.5030264,-0.9969736,0.58,0.53,0
0.5130526,0.62040585,0.5928132,0.9071868,0.43666667,0.44,1
0.5399252,0.53021914,-0.5008909,0.9991091,0.43,0.48666668,0
0.15659034,0.7544667,-0.50078654,0.99921346,0.43,0.09,0
0.6487885,0.32280195,-0.5308334,-0.9691666,0.5966667,0.42666668,1
0.15729912,0.3274303,0.5136162,0.9863838,0.35,0.13,0
0.53280336,0.91883117,-0.5174796,-0.9825204,0.47,0.46,1
0.5151638,0.48915908,-0.50161076,-0.99838924,0.45,0.43,1
0.9754444,0.6053136,-0.50037354,0.99962646,0.44,0.85,1
0.7060608,0.41965243,-0.5010967,-0.9989033,0.63666666,0.42666668,0
0.67409724,0.79653597,-0.50065464,-0.99934536,0.62,0.55,1
0.19203824,0.5825378,0.5001989,-0.9998011,0.12,0.43,0
0.14766641,0.025880966,0.52311164,0.97688836,0.06666667,0.44,0
0.56243116,0.74922985,-0.5007994,-0.9992006,0.51,0.44,1
0.11408831,0.07841488,-0.50006485,0.99993515,0.13,0.38,0
0.9638252,0.50985086,-0.50112647,0.99887353,0.44,0.85,1
0.27846253,0.18786404,0.80934626,-0.69065374,0.19666667,0.43,0
0.90222365,0.75426537,-0.5019888,0.9980112,0.44,0.85,1
0.72423136,0.8007697,0.504439,0.995561,0.42666668,0.6566667,0
0.54635,0.052916724,0.50001204,-0.99998796,0.47,0.44,0
0.42152715,0.31884262,-0.5177943,-0.9822057,0.36666667,0.44,1
0.2746399,0.48001447,0.5074717,0.9925283,0.42666668,0.2,0
0.67918515,0.7235043,0.5000911,0.9999089,0.42666668,0.6066667,0
0.21096985,0.7499617,-0.50352585,0.99647415,0.43,0.16,0
0.08637017,0.9388967,-0.5007974,0.9992026,0.44,0.03,1
0.9189878,0.0990785,0.5076937,0.9923063,0.7266667,0.50666666,1
0.9466782,0.277257,-0.52330256,-0.97669744,0.85,0.43,0
0.58850193,0.30402955,0.5003798,-0.9996202,0.51,0.42666668,0
0.24805914,0.8909281,0.51160145,-0.98839855,0.35333332,0.19666667,1
0.43701383,0.274779,-0.52459806,0.97540194,0.43,0.38,0
0.22232793,0.43126637,-0.50130165,-0.99869835,0.16,0.44,1
0.46982905,0.22029991,0.51731277,-0.98268723,0.4,0.44,0
0.8034053,0.066092506,0.5174994,0.9825006,0.6566667,0.46666667,1
0.2803744,0.7781537,-0.62816745,0.87183255,0.43,0.21666667,0
0.5772256,0.5996475,0.80257875,-0.69742125,0.49,0.42666668,0
0.61398643,0.7712232,-0.5065146,-0.9934854,0.56,0.49,1
0.07499218,0.11414353,0.50023746,-0.99976254,0.016666668,0.43666667,1
0.6949028,0.94647175,0.5010363,0.9989637,0.43666667,0.62,1
0.706838,0.6729687,0.5000033,-0.9999967,0.62666667,0.44,0
0.6895347,0.5648835,0.50231403,0.99768597,0.43666667,0.6166667,1
0.91423416,0.09037838,-0.5047706,-0.9952294,0.85,0.42666668,1
0.27217844,0.85328597,-0.5001441,-0.9998559,0.32,0.40666667,1
0.03338651,0.8729484,0.51616484,-0.98383516,0.33,0.12,1
0.22749227,0.043242447,0.51980156,-0.98019844,0.15666667,0.42666668,0
0.12135852,0.38805255,0.50289893,0.99710107,0.44,0.07,1
0.8555337,0.6618109,0.50045544,-0.99954456,0.7366667,0.43,0
0.3833997,0.20353848,0.5000005,0.9999995,0.37666667,0.30666667,0
0.10685909,0.62322164,0.52699023,-0.97300977,0.08,0.44,1
0.6306682,0.045025118,-0.50078654,0.99921346,0.56,0.46,1
0.10026539,0.34999824,-0.50000834,-0.99999166,0.036666665,0.42666668,1
0.6608305,0.23383531,0.5126755,0.9873245,0.43,0.58,0
0.24079324,0.82560724,-0.5004684,0.9995316,0.43,0.19,0
0.4110949,0.29808295,0.5184049,-0.9815951,0.33,0.43,0
0.06122089,0.7875993,0.50017214,-0.99982786,0.24,0.23,1
0.61584353,0.10317343,0.5033819,0.9966181,0.43,0.51,0
0.3407475,0.19929287,0.5165098,-0.9834902,0.26666668,0.42666668,0
0.1621958,0.786875,0.5141336,0.9858664,0.43666667,0.086666666,1
0.60143214,0.7077111,0.50464594,-0.99535406,0.5366667,0.43666667,1
0.7854204,0.9151567,-0.5004131,0.9995869,0.44,0.72,1
0.5286496,0.1796977,-0.5007018,-0.9992982,0.46666667,0.43666667,1
0.50490606,0.56843674,-0.71105266,-0.78894734,0.44666666,0.43,1
0.27664036,0.6716467,0.51528686,0.98471314,0.42666668,0.21,0
0.4540735,0.7993365,0.5246903,-0.9753097,0.38666666,0.42666668,0
0.3516607,0.8775309,0.51074183,0.98925817,0.42666668,0.28666666,0
0.7318011,0.3412079,-0.5936679,0.9063321,0.5,0.6666667,1
0.20466693,0.8663419,-0.53060794,0.96939206,0.44,0.14,1
0.46500894,0.09165472,-0.5025423,0.9974577,0.44,0.40666667,1
0.6498536,0.7292406,0.52311164,0.97688836,0.42666668,0.58,0
0.80542046,0.14420415,0.50018305,0.99981695,0.54,0.5466667,1
0.7126572,0.78997844,-0.79849994,-0.70150006,0.6566667,0.59,1
0.47157067,0.03211903,0.51456034,0.98543966,0.39666668,0.41666666,0
0.730687,0.4677475,-0.5150639,-0.9849361,0.6666667,0.42666668,1
0.6426529,0.7051836,-0.7534691,-0.7465309,0.58666664,0.49,1
0.27838162,0.75766647,-0.51398766,0.98601234,0.43,0.21,0
0.5494358,0.6031238,0.5118571,0.9881429,0.43666667,0.46666667,1
0.19356471,0.14378192,-0.5080815,0.9919185,0.33666667,0.31,0
0.05318885,0.11438651,0.51030093,-0.98969907,0.016666668,0.43,1
0.93365365,0.9609462,-0.6280255,-0.8719745,0.44666666,0.83,0
0.41807532,0.871881,0.5094341,0.9905659,0.44,0.34,1
0.208581,0.5575335,0.5108536,-0.9891464,0.13,0.43,0
0.8729744,0.4922425,0.5133742,-0.9866258,0.79,0.43,0
0.14562131,0.11267497,0.5009389,-0.9990611,0.06666667,0.43666667,0
0.9631573,0.82797384,-0.50790006,0.99209994,0.43666667,0.85,1
0.069273114,0.24882434,0.5104048,0.9895952,0.28666666,0.21,0
0.64892846,0.74350893,0.5076533,0.9923467,0.42666668,0.56666666,0
0.5472819,0.71457624,0.57368,0.92632,0.43666667,0.47,1
0.8588543,0.94734627,0.5003485,0.9996515,0.43666667,0.7866667,1
0.9537553,0.22736081,-0.5218568,-0.9781432,0.85,0.44,0
0.9300858,0.17324935,-0.5088335,-0.9911665,0.85,0.43,0
0.45552588,0.22195241,-0.5006263,0.9993737,0.44,0.39,1
0.17604704,0.95880246,0.5040408,-0.9959592,0.42666668,0.10666667,1
0.4323533,0.04432631,0.5253485,0.9746515,0.35666665,0.40666667,0
0.03034912,0.71592706,0.510453,-0.989547,0.17,0.39666668,1
0.6590719,0.47423685,0.5289614,-0.9710386,0.58666664,0.42666668,0
0.5839773,0.35632828,-0.7259763,0.7740237,0.44,0.5366667,1
0.6317373,0.39136156,-0.65209,0.84791,0.44,0.56666666,1
0.92742175,0.7571173,-0.5126755,0.9873245,0.44,0.85,1
0.88130546,0.3457401,-0.5199303,0.9800697,0.43666667,0.75666666,1
0.8677554,0.5944705,0.51345724,-0.98654276,0.8,0.43,0
0.90737593,0.94544417,0.51130503,0.98869497,0.42666668,0.83666664,0
0.5923026,0.7518209,-0.5398302,-0.9601698,0.54,0.48,1
0.7658808,0.8530595,0.52567303,-0.97432697,0.5566667,0.48,0
0.7226381,0.07152945,0.5017188,-0.9982812,0.6566667,0.43,1
0.24846257,0.12634273,-0.5249158,0.9750842,0.36666667,0.33,0
0.9598397,0.9781173,0.7096902,-0.7903098,0.43666667,0.85,0
0.5856435,0.6447696,0.5001475,0.9998525,0.42666668,0.51,0
0.27498657,0.19996509,-0.50055695,-0.99944305,0.22,0.43,1
0.30299005,0.113751985,0.5293062,0.9706938,0.24666667,0.33666667,0
0.48883548,0.6428944,0.77555716,-0.72444284,0.4,0.43666667,0
0.5731825,0.0726647,0.5010881,0.9989119,0.44,0.48666668,1
0.72750986,0.83563685,0.5007817,-0.9992183,0.57666665,0.43,0
0.7972148,0.4766754,-0.5064255,-0.9935745,0.7366667,0.43,1
0.47390243,0.17588629,0.50750417,-0.99249583,0.4,0.43,0
0.8102507,0.6193089,0.5093288,-0.9906712,0.74,0.43,0
0.30743474,0.36707282,0.5010363,0.9989637,0.35666665,0.24,0
0.81202793,0.4717464,-0.5001917,-0.9998083,0.76,0.42666668,1
0.58814913,0.597952,-0.52574813,-0.97425187,0.5366667,0.44,1
0.72653913,0.38735425,-0.51854765,-0.98145235,0.6766667,0.43,1
0.5301372,0.14086151,-0.83571905,-0.66428095,0.51,0.42666668,1
0.24840783,0.5340438,-0.50023746,-0.99976254,0.18,0.43666667,0
0.633637,0.6818111,-0.7224109,-0.7775891,0.57666665,0.47,1
0.021596503,0.08756211,0.53899324,0.96100676,0.07666667,0.38,0
0.87909925,0.24970353,-0.5116801,0.9883199,0.62,0.6566667,1
0.7842778,0.5856264,-0.51305026,0.98694974,0.43,0.7266667,0
0.46229985,0.9415473,0.50755,0.99245,0.42666668,0.39,0
0.20755465,0.6103904,-0.50240546,-0.99759454,0.15666667,0.42666668,1
0.45318207,0.12747772,0.5000026,-0.9999974,0.38,0.43666667,0
0.48326218,0.41674194,-0.50095224,0.99904776,0.43,0.42,0
0.4606694,0.8175938,-0.52815276,0.97184724,0.44,0.40666667,1
0.77579415,0.51404655,-0.50473696,0.99526304,0.42666668,0.71666664,0
0.84151506,0.85754836,-0.50021905,0.99978095,0.43,0.78,0
0.7018786,0.6020924,0.5255892,0.9744108,0.43666667,0.62666667,1
0.7517912,0.78102756,0.51371676,0.98628324,0.43666667,0.68666667,1
0.37234125,0.7755188,0.50274754,-0.99725246,0.29666665,0.36666667,0
0.93429196,0.044123318,0.52567285,-0.97432715,0.85,0.43666667,0
0.8481814,0.66980046,-0.52020115,-0.97979885,0.7366667,0.50666666,0
0.1703738,0.13810416,0.52165866,-0.97834134,0.096666664,0.42666668,0
0.65940803,0.83123446,0.5000404,-0.9999596,0.57666665,0.44,0
0.84154326,0.865029,-0.6280255,-0.8719745,0.5566667,0.72,0
0.31656063,0.7837428,-0.50755155,-0.99244845,0.25666666,0.43666667,1
0.7003646,0.26928127,-0.65557605,0.84442395,0.56,0.63666666,1
0.24933104,0.4581034,-0.51884925,0.98115075,0.44,0.18,1
0.7302042,0.060051702,0.51843274,0.98156726,0.6,0.46666667,1
0.5734709,0.75438505,-0.5034312,-0.9965688,0.51,0.44,1
0.74828887,0.5306355,-0.5268506,-0.9731494,0.69666666,0.42666668,1
0.31475165,0.13358998,0.5004409,0.9995591,0.28666666,0.31666666,0
0.88853025,0.7700675,0.5249247,-0.9750753,0.63666666,0.45,0
0.78358465,0.40693817,-0.5122008,-0.9877992,0.7266667,0.42333335,1
0.055182945,0.9422718,0.7652515,-0.7347485,0.39,0.05666667,1
0.8613085,0.7432942,-0.52343625,-0.97656375,0.6766667,0.61,0
0.21462142,0.5838942,0.51731277,-0.98268723,0.15,0.43,1
0.17902705,0.64834636,-0.52285075,-0.97714925,0.12,0.42666668,1
0.69332796,0.04020595,-0.5297975,0.9702025,0.64,0.44,1
0.728298,0.7885308,0.51440454,-0.98559546,0.62,0.43,0
0.16818339,0.21702352,0.77740985,-0.72259015,0.096666664,0.44,0
0.80351746,0.23113774,-0.5113399,-0.9886601,0.75,0.44,1
0.26180884,0.9010027,-0.5010024,0.9989976,0.44,0.19666667,1
0.3598049,0.20793167,0.50197065,-0.99802935,0.29,0.44,0
0.8094402,0.73298126,0.52278644,0.97721356,0.42666668,0.7366667,0
0.11128836,0.12536106,-0.5028157,0.9971843,0.21666667,0.33,0
0.9360841,0.79675394,-0.5008115,-0.9991885,0.6066667,0.64666665,0
0.06497818,0.1425749,0.53790253,0.96209747,0.13666667,0.32,0
0.17725825,0.597299,-0.5082483,-0.9917517,0.12666667,0.43666667,1
0.054465897,0.2128601,-0.723488,-0.776512,0.016666668,0.43,1
0.5233228,0.36919728,-0.50591415,0.99408585,0.43,0.46,0
0.095001675,0.08415065,0.50023746,-0.99976254,0.026666667,0.42666668,0
0.7633412,0.092455655,-0.52353114,0.97646886,0.69,0.5,1
0.50918514,0.5413813,0.50008374,-0.99991626,0.43666667,0.42666668,0
0.33055544,0.6978663,-0.52353114,0.97646886,0.43,0.28,0
0.8115578,0.816071,-0.5236314,0.9763686,0.43,0.76,0
0.97527146,0.68800455,-0.5126755,0.9873245,0.43,0.85,0
0.34237343,0.6767186,0.5001137,-0.9998863,0.26666668,0.37666667,0
0.48512635,0.48846227,0.51871634,-0.98128366,0.40666667,0.43666667,0
0.12428895,0.073089615,-0.5081324,0.9918676,0.15,0.39,0
0.2831387,0.6883198,-0.51437384,-0.98562616,0.22666667,0.43666667,1
0.470547,0.9719472,-0.5008734,-0.9991266,0.43666667,0.40666667,1
0.60359985,0.65320885,-0.5273846,0.9726154,0.43666667,0.5366667,1
0.45559,0.5313607,-0.5035814,-0.9964186,0.39,0.43,1
0.12357726,0.4384373,0.5000068,-0.9999932,0.05666667,0.43666667,0
0.63422185,0.58035016,0.50309443,0.99690557,0.42666668,0.5566667,0
0.081428245,0.33565858,0.52285075,-0.97714925,0.016666668,0.42666668,1
0.1061511,0.075,0.47978777,-0.5,0.026666667,0.42333335,0
0.9228538,0.521707,-0.5007414,-0.9992586,0.85,0.43,0
0.1457497,0.5614523,0.5268141,-0.9731859,0.08,0.43666667,1
0.21510257,0.83700633,-0.5002034,0.9997966,0.44,0.15,1
0.43638945,0.73095137,0.52082604,0.97917396,0.43,0.36,0
0.34635785,0.35842174,0.512672,0.987328,0.37666667,0.27,0
0.4808903,0.9206466,-0.51517564,0.98482436,0.43666667,0.42666668,1
0.6720359,0.30797252,0.6514517,-0.8485483,0.59,0.43666667,0
0.8567546,0.86,-0.58904594,0.5,0.43333334,0.8,1
0.73609775,0.13385269,0.50528,-0.99472,0.66,0.43666667,0
0.9198621,0.7393015,-0.5010967,-0.9989033,0.6566667,0.58666664,0
0.25195256,0.7240375,0.5003757,-0.9996243,0.18,0.26666668,0
0.7305834,0.5170098,0.50003546,-0.99996454,0.6566667,0.43666667,0
0.6586603,0.7424343,0.5268914,0.9731086,0.43666667,0.57666665,1
0.6048379,0.5186392,-0.5018338,-0.9981662,0.5366667,0.43,0
0.05857955,0.79869646,0.5184049,-0.9815951,0.26,0.24,1
0.36632094,0.7889552,-0.50087637,0.99912363,0.43,0.30666667,0
0.95095056,0.6120213,0.82245994,0.67754006,0.43666667,0.81,1
0.53442144,0.041710537,-0.80257875,-0.69742125,0.5,0.42666668,1
0.5176174,0.38167042,-0.5153504,0.9846496,0.43,0.46,0
0.14055407,0.23451307,-0.51074183,0.98925817,0.43666667,0.23,1
0.49304602,0.54226905,0.8275142,0.6724858,0.43,0.37666667,0
0.75497097,0.9164607,0.5003337,-0.9996663,0.48666668,0.59,0
0.8448479,0.585507,0.9209126,-0.5790874,0.66,0.42666668,0
0.4691784,0.6013763,0.50008374,-0.99991626,0.39666668,0.42666668,0
0.29167283,0.27943552,0.512672,0.987328,0.29666665,0.21,0
0.64665145,0.7949066,0.52330256,-0.97669744,0.58,0.44,1
0.080741204,0.89020586,0.66124076,-0.83875924,0.33,0.11666667,1
0.5343334,0.9155958,0.5056852,0.9943148,0.44,0.46,1
0.32136074,0.32403746,-0.50032246,-0.99967754,0.27,0.44,1
0.9619475,0.603478,0.5002575,-0.9997425,0.7966667,0.44,0
0.7416958,0.4277319,-0.51403546,-0.98596454,0.6766667,0.43666667,1
0.57507116,0.5153644,0.52267265,-0.97732735,0.5,0.43666667,0
0.4370688,0.45298433,0.50288785,-0.99711215,0.37,0.43666667,0
0.95723903,0.879857,0.50990593,-0.99009407,0.52666664,0.73,0
0.5021361,0.06805414,0.5003896,-0.9996104,0.42,0.43,0
0.63518006,0.62118757,-0.5004831,-0.9995169,0.58,0.45,1
0.73282015,0.7527298,-0.50984675,0.99015325,0.44,0.68,1
0.06672187,0.27182594,0.51825434,-0.98174566,0.016666668,0.43666667,1
0.8125199,0.90858185,-0.525615,-0.974385,0.49666667,0.74,0
0.06365619,0.6808207,-0.5177715,-0.9822285,0.13,0.43666667,1
0.39628044,0.48698142,-0.52124214,0.97875786,0.44,0.34,1
0.5723236,0.65173477,-0.75348204,-0.74651796,0.51666665,0.44,1
0.7849811,0.7027904,-0.62496537,0.87503463,0.43666667,0.72,1
0.5493748,0.22719094,-0.5014379,0.9985621,0.44,0.48666668,1
0.22149575,0.22702749,-0.6625102,-0.8374898,0.15666667,0.44,1
0.42222825,0.90058106,-0.50203097,-0.99796903,0.37,0.43666667,1
0.6960109,0.25165427,-0.5010024,0.9989976,0.55,0.62666667,1
0.5626699,0.5317078,0.5243661,-0.9756339,0.48666668,0.43666667,0
0.32534102,0.6140788,0.5003757,-0.9996243,0.25,0.37666667,0
0.3654619,0.24190679,0.5305884,0.9694116,0.34666666,0.29,0
0.49047425,0.9714777,0.501631,-0.998369,0.43666667,0.42,1
0.3651771,0.2076042,0.5003485,0.9996515,0.35666665,0.28666666,0
0.50285405,0.8621481,-0.5031289,0.9968711,0.44,0.44666666,1
0.34979826,0.50933474,-0.5000045,-0.9999955,0.28,0.43,0
0.4289635,0.42265412,0.5294719,0.9705281,0.42666668,0.36,0
0.05936909,0.63899505,0.5141336,0.9858664,0.42666668,0.016666668,0
0.45607495,0.4670327,-0.5032337,0.9967663,0.43,0.39,0
0.46896088,0.03912137,-0.50010324,-0.99989676,0.40666667,0.42666668,1
0.868805,0.10482082,-0.5038997,0.9961003,0.77,0.52,1
0.94091463,0.9306987,-0.7096902,-0.7903098,0.49666667,0.79,0
0.9010918,0.62738246,-0.52192074,-0.97807926,0.7866667,0.44,0
0.47221735,0.93261576,-0.5076937,0.9923063,0.42666668,0.40666667,0
0.5401703,0.92296785,0.5000033,-0.9999967,0.47666666,0.43,1
0.6987295,0.4561871,0.82245994,0.67754006,0.42666668,0.58,0
0.47356468,0.5076387,0.5242813,-0.9757187,0.40666667,0.43666667,0
0.5203342,0.48,-0.43171299,-0.5,0.45333335,0.43333334,0
0.04979145,0.55867606,0.5172571,-0.9827429,0.02,0.43,1
0.6437574,0.5166291,-0.5520264,0.9479736,0.43,0.58666664,0
0.6497873,0.24848332,-0.5014654,-0.9985346,0.5966667,0.43666667,1
0.9140444,0.2554523,-0.5133742,-0.9866258,0.85,0.43,1
0.39426544,0.44742462,-0.512229,-0.987771,0.33,0.43,1
0.52049077,0.95234215,-0.5052869,0.9947131,0.42666668,0.45666668,0
0.36198455,0.8107639,-0.50203097,-0.99796903,0.3,0.42666668,1
0.8529844,0.72486377,0.5006407,0.9993593,0.43666667,0.7866667,1
0.49784505,0.089434765,-0.50309026,0.99690974,0.43666667,0.43,1
0.32862842,0.8150132,0.50022686,-0.99977314,0.26666668,0.31666666,1
0.9551231,0.5899912,0.52567303,-0.97432697,0.82666665,0.43,0
0.9614255,0.6076926,0.50065637,0.99934363,0.43,0.85,0
0.79941934,0.0812648,-0.5000404,-0.9999596,0.74,0.43,1
0.23624668,0.31739616,0.5177715,-0.9822285,0.15666667,0.42666668,0
0.37055892,0.19750036,0.50143194,0.99856806,0.35666665,0.30666667,0
0.18991666,0.14520201,-0.5007517,-0.9992483,0.13,0.43,1
0.89884734,0.5053261,0.5004131,0.9995869,0.43,0.83,0
0.75810343,0.067457855,-0.51398766,0.98601234,0.69,0.47,1
0.19404943,0.6345311,0.5258268,0.9741732,0.42666668,0.12666667,0
0.7502343,0.72676444,-0.50000626,-0.99999374,0.68666667,0.6,1
0.12552266,0.153385,0.5014085,-0.9985915,0.05666667,0.43666667,0
0.7225612,0.96137786,0.5004492,0.9995508,0.42666668,0.65,0
0.82615834,0.581494,-0.50492764,-0.99507236,0.76666665,0.43,1
0.66083586,0.45476463,0.5168719,-0.9831281,0.5966667,0.42666668,1
0.6093548,0.22865498,-0.5014512,0.9985488,0.48,0.55,1
0.91362756,0.2278091,0.5041908,-0.9958092,0.8466667,0.42666668,0
0.96582437,0.40580615,0.50009394,-0.99990606,0.85,0.43,0
0.79482794,0.36765566,0.50021905,0.99978095,0.44,0.73,1
0.08196874,0.04137899,-0.5136162,0.9863838,0.06,0.42,0
0.9072158,0.6912827,-0.51607466,-0.98392534,0.73,0.47666666,0
0.9437044,0.8885876,0.5022433,0.9977567,0.43666667,0.85,1
0.08172486,0.78160167,-0.5006263,0.9993737,0.44,0.03,1
0.4289777,0.752426,0.52586883,0.97413117,0.44,0.35,1
0.4789976,0.6387378,-0.50010276,-0.99989724,0.42,0.44,1
0.8005936,0.5512949,0.5078712,0.9921288,0.43666667,0.7266667,1
0.24330412,0.7058845,-0.5065934,-0.9934066,0.17666666,0.43666667,1
0.7531095,0.8422278,0.5006483,0.9993517,0.43666667,0.68666667,1
0.09787994,0.36468527,0.5028157,0.9971843,0.43666667,0.09,1
0.2666214,0.7605892,0.51600355,-0.98399645,0.21,0.25666666,1
0.9653516,0.2626357,0.501631,-0.998369,0.85,0.43,0
0.8927522,0.42654306,0.5242154,-0.9757846,0.81666666,0.44,0
0.05942535,0.34163454,0.5014046,0.9985954,0.43,0.11,0
0.101131715,0.11868208,0.50374675,-0.99625325,0.036666665,0.43666667,1
0.9614255,0.6676532,-0.50065637,0.99934363,0.43,0.85,0
0.079164766,0.90373474,-0.5108536,-0.9891464,0.36,0.14,1
0.29918835,0.16266869,0.5006483,0.9993517,0.27666667,0.28666666,0
0.08258797,0.2494049,0.5056852,0.9943148,0.27,0.21,0
0.22827765,0.9723792,0.52512497,-0.97487503,0.43666667,0.14666666,1
0.6657455,0.2898587,0.5057325,-0.9942675,0.5966667,0.43666667,0
0.2271062,0.6805396,-0.5297975,0.9702025,0.44,0.16,1
0.41784933,0.6369806,-0.8487122,-0.6512878,0.40666667,0.44,1
0.57363224,0.94333684,0.5010652,-0.9989348,0.47,0.46,0
0.106958926,0.07118031,0.8549946,0.6450054,0.086666666,0.37,0
0.94419974,0.26132873,0.5289341,-0.9710659,0.85,0.43666667,0
0.28900695,0.91088533,0.5032929,-0.9967071,0.37666667,0.23666666,1
0.77821517,0.65,0.58904594,0.5,0.43333334,0.7133333,1
0.046267558,0.9112648,0.5040638,0.9959362,0.44,0.016666668,1
0.62729573,0.6142473,-0.7287714,0.7712286,0.43666667,0.58,1
0.6088332,0.763619,-0.52320176,-0.97679824,0.55,0.49,1
0.9543182,0.653888,-0.5122008,-0.9877992,0.75666666,0.43333334,0
0.16635685,0.39241418,-0.51656884,0.98343116,0.43666667,0.10666667,1
0.14531082,0.7562196,-0.5261188,0.9738812,0.43,0.09,0
0.12546197,0.07607816,-0.6108362,-0.8891638,0.06666667,0.44,1
0.58720416,0.24135587,-0.88104844,0.61895156,0.5,0.5466667,1
0.041643012,0.16413166,0.50023746,-0.99976254,0.016666668,0.42666668,1
0.82646567,0.7788249,0.50067776,0.99932224,0.42666668,0.75666666,0
0.7008015,0.8756056,0.5007817,-0.9992183,0.5366667,0.47,0
0.12858829,0.21650925,0.5064976,-0.9935024,0.05666667,0.42666668,0
0.58939475,0.38943595,0.5315452,0.9684548,0.43666667,0.51666665,1
0.616176,0.85278547,0.52632564,-0.97367436,0.54,0.43,0
0.81976354,0.44335324,0.7985971,-0.7014029,0.71,0.43666667,0
0.17250796,0.13917634,-0.5292979,0.9707021,0.32666665,0.32,0
0.07224734,0.16686484,0.5138262,0.9861738,0.15666667,0.29,0
0.1718111,0.18699852,-0.50077933,-0.99922067,0.12,0.44,1
0.13633318,0.3945933,-0.50001204,0.99998796,0.42666668,0.07666667,0
0.08862119,0.105,-0.43171299,-0.5,0.023333333,0.42333335,1
0.38122725,0.55692506,-0.698525,0.801475,0.43,0.32666665,0
0.90776795,0.18876056,0.5050394,0.9949606,0.56666666,0.58666664,1
0.38231972,0.69107944,-0.50290704,0.99709296,0.44,0.32,1
0.3184779,0.1376286,0.5003485,0.9996515,0.28666666,0.31666666,0
0.40722412,0.46810925,-0.504542,-0.995458,0.34,0.44,0
0.6453619,0.9040651,-0.50018305,0.99981695,0.44,0.59,1
0.55818516,0.9014207,0.5294851,0.9705149,0.43,0.48,0
0.8886463,0.5696684,0.50438976,-0.99561024,0.82,0.43,0
0.23825043,0.77755743,0.7061623,-0.7938377,0.19,0.26666668,1
0.1472482,0.5036031,0.5078778,0.9921222,0.43666667,0.07,1
0.36568812,0.3384455,-0.64765453,-0.85234547,0.30666667,0.43,1
0.35860255,0.59545743,-0.5006744,0.9993256,0.44,0.3,1
0.5468668,0.3417282,0.5178344,0.9821656,0.42666668,0.46666667,0
0.88016933,0.12312892,-0.5097392,-0.9902608,0.82,0.43,1
0.54938364,0.07704782,0.5201077,-0.9798923,0.48,0.44,0
0.38039005,0.10725733,-0.5000173,0.9999827,0.42666668,0.34666666,0
0.9033553,0.9327276,-0.50000006,0.99999994,0.42666668,0.84,0
0.26810247,0.8280054,0.50212336,-0.99787664,0.28666666,0.24666667,1
0.059078787,0.95006573,-0.6309209,0.8690791,0.43,0.016666668,0
0.8897433,0.48562136,0.52410465,0.97589535,0.43,0.81,0
0.51199704,0.40614483,-0.53767246,-0.96232754,0.45666668,0.44,1
0.51699746,0.8153365,0.5041908,-0.9958092,0.43666667,0.43666667,0
0.025743267,0.467956,-0.50325346,-0.99674654,0.016666668,0.43666667,1
0.9267486,0.85169667,0.51403546,-0.98596454,0.5466667,0.64666665,0
0.46417686,0.1309564,-0.5271501,-0.9728499,0.39666668,0.42666668,0
0.7365573,0.7966944,-0.5093961,0.9906039,0.44,0.67,1
0.05797918,0.7560461,-0.5002841,0.9997159,0.42666668,0.016666668,0
0.55671024,0.20776094,0.50109154,0.99890846,0.42666668,0.47666666,0
0.85460955,0.40355787,-0.5067782,0.9932218,0.42666668,0.7866667,0
0.2709268,0.45285526,0.5138262,0.9861738,0.42666668,0.2,0
0.76130635,0.26419687,-0.5038997,0.9961003,0.61,0.68,1
0.83119774,0.5298121,0.82344234,0.67655766,0.42666668,0.71,0
0.6605612,0.5948244,-0.52283937,0.97716063,0.43666667,0.6066667,1
0.31363633,0.26169327,-0.500011,-0.999989,0.25,0.43,1
0.5799149,0.58541596,0.527028,-0.972972,0.49666667,0.43666667,0
0.2058823,0.46094292,-0.50316155,-0.99683845,0.15,0.43666667,1
0.6752187,0.6811586,-0.5004831,-0.9995169,0.62,0.51,1
0.38126415,0.9629227,-0.51669365,0.98330635,0.43666667,0.32666665,1
0.9254049,0.29719788,-0.50647163,-0.99352837,0.85,0.44,0
0.4405674,0.7398887,-0.5007274,-0.9992726,0.39,0.44,1
0.2219744,0.07388388,-0.989443,0.510557,0.43,0.34666666,0
0.6896729,0.21280141,0.5033819,0.9966181,0.44,0.62,1
0.3649053,0.85189605,-0.5038997,0.9961003,0.44,0.31,1
0.90426886,0.3182739,0.51203626,-0.98796374,0.83666664,0.43666667,0
0.97413045,0.13818628,0.5041908,-0.9958092,0.85,0.43666667,0
0.08479744,0.63676333,0.510453,-0.989547,0.09,0.43666667,1
0.67700964,0.7206324,0.5024799,0.9975201,0.43666667,0.5966667,1
0.9400627,0.044003937,0.5187125,0.9812875,0.82666665,0.45666668,1
0.6405003,0.79766333,-0.51224136,0.98775864,0.44,0.57666665,1
0.32839608,0.06283788,-0.71200377,-0.78799623,0.28,0.42666668,1
0.5432353,0.59345967,0.51217175,-0.98782825,0.46666667,0.42666668,0
0.16396068,0.609293,-0.5041726,0.9958274,0.43,0.1,0
0.36597335,0.81135106,0.9209126,-0.5790874,0.27,0.29666665,0
0.04191727,0.34803343,-0.79849994,-0.70150006,0.026666667,0.44,1
0.26771125,0.52837586,0.52586883,0.97413117,0.43,0.2,0
0.03568559,0.90086937,0.5042906,0.9957094,0.44,0.016666668,1
0.56061554,0.6266473,-0.50065464,-0.99934536,0.51,0.44,1
0.85729295,0.9126209,0.500038,0.999962,0.42666668,0.77666664,0
0.59267724,0.81094563,0.50005,-0.99995,0.52,0.44,0
0.32764244,0.59710884,0.5008548,0.9991452,0.44,0.26,1
0.435057,0.7661502,0.5093359,-0.9906641,0.35666665,0.42666668,0
0.026458267,0.8062179,-0.50400573,-0.99599427,0.27,0.25,1
0.2717962,0.86030483,-0.512714,0.987286,0.43,0.22,0
0.936359,0.43344697,0.5247919,-0.9752081,0.85,0.44,0
0.7839649,0.5139108,-0.51595175,0.98404825,0.42666668,0.71666664,0
0.91876876,0.23818912,-0.52330256,-0.97669744,0.85,0.43,0
0.09110582,0.4123445,-0.51437384,-0.98562616,0.026666667,0.43666667,1
0.9638222,0.20008872,-0.5000264,0.9999736,0.64,0.5966667,1
0.19489744,0.080031924,-0.50055695,-0.99944305,0.14,0.43,1
0.32705486,0.18725595,-0.5000173,0.9999827,0.42666668,0.26666668,0
0.17957559,0.36107105,-0.52613693,0.97386307,0.42666668,0.11666667,0
0.7422737,0.88349,0.5928132,0.9071868,0.42666668,0.67,0
0.2865441,0.2541013,0.5059363,-0.9940637,0.21666667,0.42666668,0
0.19158764,0.07342883,-0.50134796,-0.99865204,0.13,0.43,1
0.604988,0.8016897,0.5111737,0.9888263,0.43666667,0.53,1
0.46369395,0.5043359,-0.50001544,-0.99998456,0.41,0.44,1
0.8687973,0.24374276,-0.51734567,-0.98265433,0.81,0.44,1
0.4149366,0.6482557,-0.50558007,0.99441993,0.43,0.36,0
0.746731,0.53322715,0.5289341,-0.9710659,0.67,0.43666667,0
0.39231345,0.7644801,0.50550735,0.99449265,0.43,0.31,0
0.27401498,0.83675224,-0.50325346,-0.99674654,0.29666665,0.42666668,1
0.8336955,0.49719834,-0.5050394,0.9949606,0.43666667,0.77666664,1
0.22521806,0.26213434,-0.5398302,-0.9601698,0.17,0.43,1
0.608286,0.3563365,-0.5045667,0.9954333,0.44,0.54,1
0.7258603,0.793498,0.5000911,0.9999089,0.43666667,0.6566667,1
0.90188503,0.10595818,-0.5289341,-0.9710659,0.85,0.43666667,1
0.6478957,0.36985946,-0.50041336,0.99958664,0.47,0.5933333,1
0.6759126,0.33119565,0.6666164,-0.8333836,0.6,0.42666668,0
0.47025877,0.13020119,-0.5112292,-0.9887708,0.41666666,0.42666668,1
0.8444571,0.60556906,-0.5049162,0.9950838,0.43,0.79,0
0.398593,0.4552277,-0.5001841,-0.9998159,0.34,0.44,1
0.63976455,0.2715906,0.5040408,-0.9959592,0.5566667,0.43666667,0
0.4334122,0.77919686,0.5168719,-0.9831281,0.36666667,0.41666666,0
0.3073436,0.30780768,-0.50053424,-0.99946576,0.25,0.44,1
0.8598202,0.6312476,-0.50492764,-0.99507236,0.77666664,0.46,0
0.036656126,0.3593,-0.53011113,0.96988887,0.42666668,0.1,0
0.5853533,0.56386554,0.5002336,-0.9997664,0.52,0.43666667,1
0.47968176,0.15291552,0.50001204,-0.99998796,0.41,0.44,0
0.18611646,0.17550407,-0.50241876,-0.99758124,0.13,0.44,1
0.6790546,0.85960966,-0.50181174,-0.99818826,0.5366667,0.58,0
0.41673195,0.6884454,0.5074717,0.9925283,0.43666667,0.35,1
0.62013525,0.2726678,0.515356,0.984644,0.44,0.54,1
0.30422717,0.9763567,-0.5093287,-0.9906713,0.44,0.24666667,1
0.3842632,0.20136262,0.510453,-0.989547,0.31,0.43666667,0
0.6971937,0.26933515,0.5000301,0.9999699,0.43,0.63,0
0.073876254,0.91758883,0.698525,0.801475,0.44,0.016666668,1
0.4872922,0.31473333,-0.5027762,0.9972238,0.43,0.43,0
0.63885695,0.30755177,-0.51607466,-0.98392534,0.58,0.42666668,1
0.7164718,0.45114297,-0.501508,-0.998492,0.6566667,0.44,1
0.6677275,0.44493335,0.5168719,-0.9831281,0.58666664,0.43666667,0
0.5703862,0.77545667,0.55404955,-0.94595045,0.49,0.43666667,0
0.517566,0.33004728,0.5138319,-0.9861681,0.44,0.42666668,0
0.03831931,0.8307581,-0.52459806,0.97540194,0.44,0.016666668,1
0.5957404,0.6910569,-0.51876336,0.98123664,0.42666668,0.52666664,0
0.22901516,0.52785915,0.5108536,-0.9891464,0.16,0.44,0
0.87227744,0.80253375,-0.5001479,0.9998521,0.44,0.81,1
0.64200556,0.0620838,-0.5004637,0.9995363,0.56,0.47,1
0.06768507,0.30852187,0.5065934,-0.9934066,0.016666668,0.43666667,1
0.56423646,0.6844952,-0.5054786,-0.9945214,0.5,0.43,1
0.70934594,0.2659252,0.5005323,-0.9994677,0.63,0.43666667,0
0.38227338,0.14910778,-0.5001218,0.9998782,0.43666667,0.31666666,1
0.7183181,0.23027165,0.62496537,0.87503463,0.43666667,0.65,1
0.65393037,0.3319664,0.52317315,0.97682685,0.42666668,0.59,0
0.9587396,0.876402,0.5001858,-0.9998142,0.5366667,0.7266667,0
0.29404724,0.37687024,-0.50636905,-0.99363095,0.23,0.44,1
0.96561515,0.3967922,-0.5198499,0.9801501,0.43,0.81666666,0
0.38267934,0.5252872,0.56357956,0.93642044,0.42666668,0.31,0
0.07192466,0.8985934,0.66124076,-0.83875924,0.34,0.10666667,1
0.35658628,0.7497743,0.50348336,-0.99651664,0.27666667,0.35666665,0
0.5413843,0.8193365,-0.50028217,0.99971783,0.43666667,0.47666666,1
0.88274413,0.11747409,0.5286864,0.9713136,0.64666665,0.51666665,1
0.09688176,0.76138216,-0.5069252,-0.9930748,0.23,0.39,1
0.25001362,0.94133466,-0.51787394,-0.98212606,0.4,0.24666667,1
0.13648054,0.2823562,-0.5249158,0.9750842,0.42666668,0.17,0
0.8996835,0.81193584,0.5122008,-0.9877992,0.5966667,0.55333334,0
0.8977232,0.74980897,-0.5001095,0.9998905,0.43,0.83,0
0.42807335,0.62439007,-0.5003072,0.9996928,0.44,0.36,1
0.08651348,0.87747574,-0.5000026,-0.9999974,0.33,0.18666667,1
0.21604073,0.55651623,0.50073224,-0.99926776,0.15,0.44,1
0.7633268,0.54343224,-0.51595175,0.98404825,0.43666667,0.70666665,1
0.32913685,0.82872367,0.9209126,-0.5790874,0.24,0.26666668,0
0.12998074,0.90957004,0.5025423,0.9974577,0.44,0.05666667,1
0.16110414,0.86679065,0.50194025,-0.99805975,0.33,0.12666667,1
0.52025455,0.8502137,0.5136162,0.9863838,0.44,0.44,1
0.7603437,0.19947228,-0.50087637,0.99912363,0.64,0.5966667,1
0.48338473,0.86512697,0.5041908,-0.9958092,0.40666667,0.42666668,0
0.087424986,0.317156,0.5229135,-0.9770865,0.016666668,0.42666668,0
0.29610223,0.6505812,0.5000379,-0.9999621,0.23,0.33666667,1
0.09622559,0.6057138,-0.52701455,0.97298545,0.42666668,0.026666667,0
0.17960902,0.73010796,0.5537972,-0.9462028,0.17,0.27666667,1
0.6883377,0.08611179,-0.52886987,0.97113013,0.62,0.49,1
0.3313267,0.055357296,0.5067132,0.9932868,0.26666668,0.40666667,0
0.6272779,0.34691614,-0.512714,0.987286,0.47,0.56,1
0.5500438,0.18420726,0.5078712,0.9921288,0.42666668,0.47666666,0
0.64485747,0.52281994,-0.54862225,0.95137775,0.43,0.58666664,0
0.27402988,0.9572064,0.53078526,-0.96921474,0.41666666,0.19666667,1
0.7754228,0.09212413,-0.5247919,-0.9752081,0.71,0.43,1
0.81878126,0.8651774,-0.5004131,0.9995869,0.43,0.75,0
0.11250666,0.71064293,-0.72333735,0.77666265,0.43,0.046666667,0
0.6612611,0.84076715,-0.5065146,-0.9934854,0.57,0.56,0
0.79291993,0.13565078,-0.51734567,-0.98265433,0.74,0.43,1
0.46309966,0.63455474,0.50907946,-0.99092054,0.38,0.43666667,0
0.12899207,0.91142744,0.83571905,-0.66428095,0.35,0.10666667,1
0.56469274,0.4408541,0.50348336,-0.99651664,0.48666668,0.42666668,0
0.53814924,0.19583087,-0.5159636,-0.9840364,0.47666666,0.42666668,1
0.40229574,0.7403316,0.5026198,-0.9973802,0.32666665,0.40666667,0
0.15717953,0.242153,0.57368,0.92632,0.24666667,0.2,0
0.71919954,0.91950095,-0.50181174,-0.99818826,0.47666666,0.64,0
0.6818172,0.83548987,-0.51843274,0.98156726,0.43,0.62,0
0.22167644,0.021736061,-0.51528686,0.98471314,0.16666667,0.43,0
0.9805881,0.61248773,-0.52410465,0.97589535,0.44,0.85,1
0.48187768,0.43708766,-0.5002034,0.9997966,0.44,0.43,1
0.031324666,0.8405121,-0.52459806,0.97540194,0.43,0.016666668,0
0.72400296,0.20214333,0.50252825,-0.99747175,0.64666665,0.42666668,0
0.91554713,0.35063416,-0.50438976,-0.99561024,0.85,0.43,1
0.71539223,0.8938862,0.5003203,0.9996797,0.43666667,0.63666666,1
0.6641248,0.6402339,-0.58256966,-0.91743034,0.5966667,0.49,0
0.24805024,0.9707431,0.5243661,-0.9756339,0.43666667,0.16666667,1
0.6480632,0.87264156,0.51734567,-0.98265433,0.54,0.44,0
0.7646171,0.829132,-0.8060984,-0.6939016,0.63666666,0.64,0
0.5818885,0.93898827,0.5136162,0.9863838,0.43,0.51,0
0.67204565,0.6420267,-0.50758266,0.99241734,0.42666668,0.6166667,0
0.6180699,0.79713297,-0.5208131,-0.9791869,0.56,0.51,1
0.32816002,0.6193608,0.50021785,-0.99978215,0.26,0.37666667,0
0.83899975,0.43518692,-0.51595175,0.98404825,0.42666668,0.77666664,0
0.5186988,0.3818709,-0.5080022,-0.9919978,0.45666668,0.43,1
0.2409952,0.49885187,0.50549847,0.99450153,0.44,0.16,1
0.77529496,0.90520155,-0.50037354,0.99962646,0.44,0.72,1
0.5182263,0.8373247,0.5074717,0.9925283,0.42666668,0.44,0
0.5634429,0.5825937,-0.5008655,-0.9991345,0.50666666,0.43,1
0.54390043,0.55700606,-0.5000399,0.9999601,0.44,0.47666666,1
0.92806894,0.7730374,-0.5271501,-0.9728499,0.63666666,0.58666664,0
0.49511877,0.49598902,0.66124076,-0.83875924,0.42,0.42666668,0
0.44159624,0.3578135,0.5004145,0.9995855,0.42666668,0.37666667,0
0.9677526,0.7663457,0.5017395,-0.9982605,0.64666665,0.5466667,0
0.85798585,0.56609714,-0.5064255,-0.9935745,0.8066667,0.44,1
0.4766622,0.87508506,0.5041908,-0.9958092,0.39666668,0.43666667,0
0.46070585,0.23613566,-0.50296223,0.99703777,0.43,0.41,0
0.19665842,0.5904209,-0.5009277,-0.9990723,0.13,0.42666668,1
0.018415466,0.5827645,0.5167374,0.9832626,0.42666668,0.016666668,0
0.83561873,0.10749688,0.5003819,-0.9996181,0.75666666,0.43666667,0
0.5882646,0.43375707,-0.65209,0.84791,0.43,0.5366667,0
0.41332534,0.46485254,-0.52886987,0.97113013,0.43,0.36,0
0.9382587,0.32901055,-0.5004904,-0.9995096,0.85,0.43,0
0.048823807,0.36888683,-0.50314355,-0.99685645,0.016666668,0.42666668,1
0.7785913,0.12876141,0.51843274,0.98156726,0.53,0.5366667,1
0.27549598,0.38969928,0.52699023,-0.97300977,0.2,0.44,0
0.22852707,0.9155692,-0.5141153,0.9858847,0.43,0.17666666,0
0.44706434,0.45490235,0.5118571,0.9881429,0.42666668,0.37666667,0
0.747885,0.24928534,0.5012455,-0.9987545,0.6666667,0.42666668,0
0.6678451,0.41505274,-0.52020115,-0.97979885,0.6166667,0.42666668,1
0.3195794,0.593801,0.5026418,0.9973582,0.44,0.24,1
0.92391974,0.08196682,-0.75276834,0.74723166,0.77,0.50666666,1
0.40577784,0.4836953,-0.5084799,-0.9915201,0.35,0.43,1
0.41462082,0.8960151,-0.51980156,-0.98019844,0.36,0.43666667,1
0.20875207,0.19455616,0.5169356,-0.9830644,0.13666667,0.43666667,0
0.15706941,0.48930502,-0.5000193,0.9999807,0.43666667,0.096666664,1
0.3041859,0.12785685,0.51625144,0.98374856,0.25666666,0.33666667,0
0.6048655,0.9226155,0.502485,-0.997515,0.48,0.45,0
0.83349824,0.93894017,-0.52574813,-0.97425187,0.46666667,0.77,0
0.95296764,0.9079229,0.67506063,0.82493937,0.42666668,0.85,0
0.3980033,0.19140048,-0.5025423,0.9974577,0.44,0.34666666,1
0.9632437,0.1345489,-0.7061623,-0.7938377,0.85,0.43666667,0
0.09813939,0.34960222,0.5002999,-0.9997001,0.016666668,0.43666667,0
0.8194767,0.82372,-0.58256966,-0.91743034,0.5966667,0.69,0
0.897062,0.5222633,0.50293344,0.99706656,0.43,0.83,0
0.27591243,0.74580395,0.7061623,-0.7938377,0.19,0.30666667,0
0.9793675,0.2095979,-0.51203626,-0.98796374,0.85,0.42666668,0
0.12106181,0.8046827,0.50691986,0.99308014,0.42666668,0.046666667,0
0.17820747,0.38473088,0.50028443,-0.99971557,0.096666664,0.42666668,0
0.7503014,0.18329668,0.52144563,-0.97855437,0.68666667,0.43666667,1
0.8954772,0.77446187,0.5025802,-0.9974198,0.63666666,0.49,0
0.43843147,0.93021566,0.5078778,0.9921222,0.42666668,0.36,0
0.5271212,0.0792456,-0.5064255,-0.9935745,0.47666666,0.43,1
0.50331575,0.03878279,-0.57427037,0.92572963,0.46,0.43666667,1
0.42708784,0.7286875,0.5012455,-0.9987545,0.34666666,0.42666668,0
0.16482747,0.49283326,-0.52563053,-0.97436947,0.10666667,0.42666668,1
0.053646553,0.16626029,0.5253224,0.9746776,0.17,0.3,0
0.6944316,0.07295212,-0.5113399,-0.9886601,0.63,0.44,1
0.027582372,0.5829283,0.5092693,0.9907307,0.43666667,0.016666668,1
0.51941526,0.8509558,-0.50199664,0.99800336,0.42666668,0.45666668,0
0.23145054,0.76424706,-0.5003575,-0.9996425,0.21666667,0.43666667,1
0.041661937,0.062711686,-0.5215902,0.9784098,0.05666667,0.4,0
0.085074216,0.82747513,0.51032966,0.98967034,0.42666668,0.016666668,0
0.87720454,0.539327,0.5000301,0.9999699,0.44,0.8,1
0.19619925,0.27394205,0.8171431,-0.6828569,0.11666667,0.44,0
0.9631983,0.65496606,0.51954985,0.98045015,0.44,0.85,1
0.25305375,0.8058142,-0.5008426,0.9991574,0.43,0.19,0
0.6861051,0.26278603,0.51954985,0.98045015,0.44,0.6166667,1
0.3257587,0.8107618,0.50009644,0.99990356,0.42666668,0.25666666,0
0.4716391,0.5501713,-0.50181174,-0.99818826,0.40666667,0.43,1
0.23633559,0.2445951,-0.50001204,0.99998796,0.43666667,0.20666666,1
0.21676698,0.5530347,0.50750417,-0.99249583,0.14,0.43,0
0.55356455,0.61870396,0.7985971,-0.7014029,0.46,0.42666668,0
0.7219365,0.104105525,0.5003798,-0.9996202,0.65,0.42666668,0
0.14229259,0.22427736,0.56180507,0.93819493,0.22666667,0.22,0
0.6873243,0.5827641,-0.503059,0.996941,0.43666667,0.63666666,1
0.16091147,0.13865133,0.50755155,-0.99244845,0.086666666,0.42666668,0
0.034442402,0.73439825,-0.5004821,-0.9995179,0.19,0.37,1
0.3671274,0.6299687,-0.5007274,-0.9992726,0.3,0.43,0
0.4224176,0.28967267,0.5026333,0.9973667,0.43666667,0.35666665,1
0.7074977,0.13407351,0.54990953,-0.95009047,0.63,0.43666667,0
0.13213363,0.1056479,0.50260365,0.99739635,0.096666664,0.36,0
0.5306279,0.060943227,0.50573075,-0.99426925,0.46,0.44,0
0.8851538,0.57136893,0.82245994,0.67754006,0.43666667,0.75,1
0.559575,0.7910756,-0.50199664,0.99800336,0.42666668,0.49666667,0
0.5106661,0.12964746,0.5024032,-0.9975968,0.43,0.43,0
0.041809615,0.4871797,-0.5090285,-0.9909715,0.016666668,0.42666668,1
0.5010033,0.28637564,-0.50051993,0.99948007,0.43,0.43666667,0
0.2961579,0.43660408,0.50073224,-0.99926776,0.23,0.44,1
0.6853127,0.28178284,-0.5001917,-0.9998083,0.63,0.43666667,1
0.86148757,0.8620386,0.5009595,0.9990405,0.43666667,0.7966667,1
0.09357637,0.07699504,-0.50522786,-0.99477214,0.03,0.44,1
0.55278736,0.36438614,-0.5136611,0.9863389,0.43,0.49,0
0.7448539,0.8822893,0.52567303,-0.97432697,0.52666664,0.51,0
0.027129564,0.12751056,-0.5008548,0.9991452,0.13,0.33,0
0.52860004,0.13121177,0.5184049,-0.9815951,0.46,0.44,0
0.10966587,0.4345928,-0.50001204,0.99998796,0.42666668,0.05666667,0
0.17714705,0.17588757,0.531707,-0.968293,0.10666667,0.43666667,0
0.22993456,0.8810163,0.5290303,-0.9709697,0.33,0.17666666,1
0.507736,0.1262615,0.50750417,-0.99249583,0.43,0.44,0
0.883621,0.92614645,0.5194161,0.9805839,0.42666668,0.81666666,0
0.373264,0.35787612,0.51731277,-0.98268723,0.3,0.44,0
0.2122856,0.36194655,-0.50078493,0.99921507,0.43,0.15666667,0
0.616885,0.45672473,0.52267265,-0.97732735,0.54,0.43666667,0
0.23589031,0.1900907,-0.51277304,-0.98722696,0.18333334,0.43,1
0.07055981,0.553131,0.5177715,-0.9822285,0.016666668,0.42666668,1
0.7077192,0.9536988,-0.5034312,-0.9965688,0.45,0.64,0
0.73549896,0.8895808,-0.50055695,-0.99944305,0.51,0.64,0
0.75240195,0.61218053,0.5315452,0.9684548,0.42666668,0.68666667,0
0.8987203,0.035524935,-0.5001835,0.9998165,0.83,0.45,1
0.23838665,0.5797862,-0.51363385,-0.98636615,0.17666666,0.43666667,1
0.545259,0.0718231,-0.5001917,-0.9998083,0.48,0.42666668,1
0.68158895,0.25412664,0.5031167,-0.9968833,0.6166667,0.42666668,1
0.17223804,0.16662674,0.5598256,0.9401744,0.16666667,0.29,0
0.5750403,0.9291244,0.5136162,0.9863838,0.44,0.5,1
0.43527254,0.04736263,-0.5008115,-0.9991885,0.37666667,0.43666667,1
0.34666452,0.94238275,0.5012123,-0.9987877,0.39666668,0.28666666,1
0.04148921,0.93937933,-0.5044998,0.9955002,0.44,0.016666668,1
0.53776383,0.40585712,-0.5123331,-0.9876669,0.48666668,0.44,1
0.87507874,0.34430152,-0.50758266,0.99241734,0.46666667,0.75666666,1
0.7466627,0.17054659,0.5057325,-0.9942675,0.6766667,0.43666667,0
0.45054525,0.5375265,0.51871634,-0.98128366,0.37666667,0.42666668,0
0.6390358,0.17420836,0.5300832,0.9699168,0.44,0.57,1
0.8288553,0.06518329,0.50022686,-0.99977314,0.75666666,0.42666668,0
0.15788305,0.8418729,-0.5173958,-0.9826042,0.3,0.32333332,1
0.8959907,0.13130555,-0.5253711,-0.9746289,0.83,0.44,1
0.6410331,0.80754054,-0.50053424,-0.99946576,0.59,0.52,1
0.482739,0.85822594,0.5189616,0.9810384,0.44,0.41,1
0.86212647,0.9307543,-0.5298269,-0.9701731,0.47666666,0.8,0
0.84641105,0.86118627,0.5293062,0.9706938,0.43666667,0.76666665,1
0.97668916,0.25518394,-0.55404955,-0.94595045,0.85,0.42666668,0
0.3036071,0.10027265,0.5013624,0.9986376,0.25666666,0.36666667,0
0.58323115,0.7142682,-0.50676763,-0.99323237,0.53,0.44,1
0.37230405,0.24101599,-0.5112006,-0.9887994,0.30666667,0.44,1
0.6505644,0.18502234,-0.5249247,-0.9750753,0.59,0.43,1
0.23097031,0.1454928,0.5005491,-0.9994509,0.15666667,0.43666667,0
0.5461884,0.8110357,-0.50199664,0.99800336,0.42666668,0.47666666,0
0.2565082,0.6874026,-0.5044205,0.9955795,0.44,0.19,1
0.6503776,0.25562486,-0.53060794,0.96939206,0.53,0.59,1
0.17457737,0.48451877,0.5004821,-0.9995179,0.1,0.44,0
0.6018906,0.64174795,-0.51603305,0.98396695,0.43666667,0.5466667,1
0.52071536,0.5394061,0.7061623,-0.7938377,0.45,0.42666668,0
0.41847408,0.26544276,0.5003403,-0.9996597,0.35,0.43,0
0.9226786,0.72658235,0.5253485,0.9746515,0.43666667,0.8466667,1
0.19821884,0.87459147,-0.50028443,-0.99971557,0.34,0.29666665,1
0.3856186,0.28104582,0.5092237,-0.9907763,0.31,0.43,0
0.7817613,0.7553112,0.50031126,-0.99968874,0.66,0.43,0
0.03052918,0.627001,-0.5000334,-0.9999666,0.09,0.42666668,1
0.8622413,0.4111293,0.5088335,-0.9911665,0.78,0.43,0
0.5571948,0.4975248,-0.5024099,0.9975901,0.44,0.49,1
0.17055206,0.100986585,-0.50181174,-0.99818826,0.11666667,0.44,1
0.15837358,0.8405989,-0.5059363,-0.9940637,0.3,0.31666666,1
0.5555723,0.70900613,-0.5208131,-0.9791869,0.49,0.44,1
0.17033114,0.33653224,0.5011535,0.9988465,0.33,0.12,0
0.6282908,0.16945884,0.50021785,-0.99978215,0.55,0.42666668,0
0.79883534,0.26042756,0.50037146,-0.99962854,0.71666664,0.42666668,0
0.90481406,0.21865517,-0.52330256,-0.97669744,0.84,0.43,1
0.84441525,0.2836284,0.700556,-0.799444,0.76,0.43666667,0
0.5732916,0.07289684,0.51731277,-0.98268723,0.49,0.43,0
0.03636156,0.35064358,-0.5009277,-0.9990723,0.016666668,0.42666668,1
0.45025206,0.6202868,-0.50081944,-0.99918056,0.38333333,0.43,0
0.030854527,0.37757763,-0.514103,-0.985897,0.016666668,0.42666668,1
0.85962456,0.051770657,-0.5000169,-0.9999831,0.79,0.44,0
0.3246856,0.53977716,-0.72333735,0.77666265,0.43,0.26666668,0
0.3524907,0.06930613,0.50067776,0.99932224,0.29666665,0.38666666,0
0.6076641,0.7575673,-0.50053424,-0.99946576,0.54,0.47,0
0.78504914,0.50898236,0.515356,0.984644,0.44,0.72,1
0.33798054,0.3845433,-0.5084799,-0.9915201,0.27,0.43,0
0.94752795,0.79,0.49475977,0.5,0.43333334,0.85,1
0.66071194,0.8717628,0.56357956,0.93642044,0.43666667,0.58,1
0.9403362,0.96903384,0.563028,-0.936972,0.43666667,0.85,0
0.43493283,0.23950763,-0.50030565,0.99969435,0.44,0.37,1
0.8677271,0.86652267,-0.50095034,0.99904966,0.43,0.8,0
0.52529895,0.6702753,0.50037146,-0.99962854,0.44666666,0.43666667,0
0.36748073,0.5838923,0.95777416,0.54222584,0.43,0.22666667,0
0.64934963,0.5050223,0.50231403,0.99768597,0.43666667,0.57666665,1
0.095665425,0.9431501,-0.51241416,-0.98758584,0.41,0.09,1
0.4885634,0.7119023,0.527028,-0.972972,0.40666667,0.42666668,0
0.23893823,0.45385647,0.50260484,-0.99739516,0.17,0.43666667,0
0.2682608,0.29161453,0.5173958,-0.9826042,0.19666667,0.42333335,0
0.39231312,0.50875115,-0.50010276,-0.99989724,0.33,0.43,1
0.10968009,0.5862769,-0.5090285,-0.9909715,0.05666667,0.42666668,1
0.32192382,0.19194673,0.5024799,0.9975201,0.30666667,0.26666668,0
0.26012757,0.54050314,0.5080923,0.9919077,0.44,0.19,1
0.37052312,0.16468497,0.8171431,-0.6828569,0.27666667,0.44,0
0.88732845,0.58374256,0.5199944,-0.9800056,0.82,0.43,0
0.74904263,0.9176124,-0.50066376,-0.99933624,0.49,0.66,0
0.67485726,0.3612712,0.52317315,0.97682685,0.43666667,0.6,1
0.3463574,0.20663144,0.8549946,0.6450054,0.29666665,0.26,0
0.6627311,0.040066645,0.5324936,-0.9675064,0.59,0.43666667,0
0.3566916,0.7718147,0.5016849,0.9983151,0.43666667,0.28,1
0.46347564,0.21928072,-0.50355726,0.99644274,0.44,0.4,1
0.13446508,0.9647291,-0.51398766,0.98601234,0.44,0.08,1
0.15168177,0.45184928,0.50586885,-0.99413115,0.07666667,0.42666668,0
0.11420773,0.03386619,-0.52680165,0.97319835,0.08,0.43,0
0.93348825,0.25893968,-0.77555716,-0.72444284,0.85,0.42666668,0
0.4052983,0.9472321,-0.5067811,-0.9932189,0.39666668,0.39666668,1
0.73457783,0.67222095,0.5009595,0.9990405,0.42666668,0.6666667,0
0.44998163,0.74481976,0.501015,-0.998985,0.37666667,0.43666667,0
0.8290352,0.5790656,-0.50010324,-0.99989676,0.76666665,0.42666668,1
0.2068922,0.2879577,-0.5143249,0.9856751,0.42666668,0.15666667,0
0.2316318,0.51716673,0.5257861,0.9742139,0.43,0.16,0
0.86315084,0.13241735,0.5115045,-0.9884955,0.7966667,0.43666667,1
0.871814,0.51608473,-0.5003444,-0.9996556,0.8066667,0.43,1
0.7004966,0.1746409,-0.5000279,-0.9999721,0.65,0.44,1
0.54009104,0.55111814,-0.6280255,-0.8719745,0.47666666,0.44,1
0.20079477,0.34324265,-0.51656884,0.98343116,0.42666668,0.13666667,0
0.33381847,0.55613136,0.5253224,0.9746776,0.43,0.26,0
0.41868347,0.50551814,-0.5006744,0.9993256,0.43,0.35,0
0.43516314,0.8139773,-0.50023746,-0.99976254,0.38,0.43666667,1
0.7496695,0.65518403,0.50581396,-0.99418604,0.68,0.44,0
0.354919,0.66143364,-0.50202596,-0.99797404,0.28666666,0.43,0
0.030905383,0.30725846,0.5094341,0.9905659,0.43,0.15,0
0.954901,0.028597128,0.66445965,0.83554035,0.85,0.42666668,1
0.08243719,0.3625055,0.5016849,0.9983151,0.42666668,0.09,0
0.2771897,0.47186038,-0.7581381,-0.7418619,0.21666667,0.43,1
0.5053717,0.4641336,0.50429994,0.99570006,0.43666667,0.43666667,1
0.9051559,0.13284774,-0.501631,-0.998369,0.84,0.44,1
0.54974383,0.88699645,0.50098497,-0.99901503,0.46666667,0.43,0
0.61495066,0.28651696,-0.5049829,0.9950171,0.47,0.56,1
0.59039146,0.035559192,0.5176718,-0.9823282,0.52,0.43,0
0.6878034,0.2550264,-0.5141153,0.9858847,0.56,0.62666667,1
0.41055647,0.75699806,-0.5000399,0.9999601,0.44,0.35666665,1
0.23168038,0.54534745,0.5003403,-0.9996597,0.15,0.43,0
0.039214585,0.31856725,0.51814,-0.98186,0.016666668,0.43666667,1
0.7096273,0.59481406,0.50231403,0.99768597,0.42666668,0.62666667,0
0.95081735,0.6472627,0.52264404,-0.97735596,0.75666666,0.43,0
0.96728855,0.79769355,0.5308334,-0.9691666,0.6066667,0.57666665,0
0.033459228,0.72226477,0.5216453,0.9783547,0.43666667,0.016666668,1
0.65166426,0.6838205,0.51203626,-0.98796374,0.58666664,0.42666668,1
0.78651553,0.88276833,-0.5061452,0.9938548,0.43,0.72,0
0.71766275,0.42653632,-0.5160354,-0.9839646,0.6666667,0.43666667,1
0.76143295,0.690246,0.50458866,-0.99541134,0.69,0.44,0
0.9577254,0.22833227,0.5235439,0.9764561,0.52,0.64666665,1
0.40093136,0.71346074,0.52586883,0.97413117,0.44,0.33,1
0.18379883,0.8523554,-0.5000277,0.9999723,0.44,0.13,1
0.975953,0.20259583,-0.52203983,0.97796017,0.59,0.6166667,1
0.078452006,0.2288739,0.52053964,0.97946036,0.27,0.23,0
0.75733405,0.5915375,0.5284136,-0.9715864,0.6766667,0.43,0
0.6751065,0.3514393,0.515356,0.984644,0.44,0.6,1
0.42638758,0.16669133,0.5315452,0.9684548,0.38666666,0.34666666,0
0.96209586,0.92580575,0.51401514,-0.98598486,0.48666668,0.8,0
0.051327508,0.20359722,0.51739687,-0.98260313,0.016666668,0.44,1
0.08238523,0.27993846,0.5082483,-0.9917517,0.016666668,0.43666667,1
0.3835159,0.739994,-0.5936679,0.9063321,0.44,0.32666665,1
0.19824447,0.90730065,0.51798415,0.98201585,0.42666668,0.11666667,0
0.31885856,0.9232759,-0.5001441,-0.9998559,0.39,0.33666667,1
0.89743346,0.7445919,-0.5000597,0.9999403,0.43,0.83,0
0.6357823,0.6650972,-0.5107489,-0.9892511,0.58,0.48,1
0.5872464,0.5828192,0.5012123,-0.9987877,0.51666665,0.42666668,0
0.71377283,0.30497068,0.500021,0.999979,0.44,0.64666665,1
0.1452749,0.3556116,-0.5005326,0.9994674,0.42666668,0.096666664,0
0.85203654,0.10551209,-0.5001835,0.9998165,0.76,0.52,1
0.10536494,0.34201583,0.5169356,-0.9830644,0.026666667,0.42666668,0
0.5407129,0.88977957,-0.5007274,-0.9992726,0.48,0.45,1
0.13479897,0.45438898,-0.5003193,0.9996807,0.42666668,0.06666667,0
0.7146027,0.59686726,0.5291681,-0.9708319,0.64666665,0.42666668,0
0.90891683,0.7442853,-0.5019888,0.9980112,0.43,0.84,0
0.16775739,0.063558705,0.5294719,0.9705281,0.096666664,0.39,0
0.4684787,0.50762856,-0.5016449,-0.9983551,0.4,0.43,0
0.5834633,0.39965072,-0.50558007,0.99441993,0.44,0.53,1
0.20157154,0.09002636,-0.50055695,-0.99944305,0.15,0.44,1
0.82701236,0.18952043,0.6666164,-0.8333836,0.75,0.43666667,0
0.91131455,0.61181456,-0.50018305,-0.99981695,0.7966667,0.43666667,0
0.3312456,0.8353371,0.5040754,0.9959246,0.42666668,0.25666666,0
0.5821797,0.6640367,0.5387067,0.9612933,0.44,0.50666666,1
0.41299686,0.9023286,-0.5014085,-0.9985915,0.35666665,0.42666668,1
0.6506633,0.19783828,0.5000479,0.9999521,0.44,0.57666665,1
0.7444528,0.7526938,-0.6306644,0.8693356,0.42666668,0.69,0
0.16336761,0.6047619,-0.5008056,0.9991944,0.42666668,0.11,0
0.84687126,0.7417128,-0.52538955,0.97461045,0.43,0.78,0
0.5241404,0.49865487,0.5057325,-0.9942675,0.44666666,0.42666668,0
0.5844556,0.71433085,-0.5054786,-0.9945214,0.53,0.44,1
0.4605042,0.6787498,0.5012455,-0.9987545,0.39666668,0.43666667,1
0.66605985,0.8204093,0.50713813,-0.99286187,0.58,0.44,0
0.87842643,0.21811472,-0.5017937,-0.9982063,0.82,0.44,1
0.35156387,0.7588259,-0.52995205,-0.97004795,0.28666666,0.43666667,1
0.2592282,0.70505697,-0.5298584,-0.9701416,0.20333333,0.42666668,1
0.5220414,0.6312484,-0.9607204,-0.5392796,0.54,0.43666667,1
0.48287863,0.37045276,0.7434383,0.7565617,0.42666668,0.40333334,0
0.19832435,0.5953305,0.5003403,-0.9996597,0.12,0.42,0
0.842242,0.48961255,0.500159,0.999841,0.43,0.77,0
0.7676881,0.66585803,-0.562912,-0.937088,0.71666664,0.52,1
0.14175968,0.119733475,-0.5007994,-0.9992006,0.08,0.43,1
0.9009595,0.8452678,0.5007005,-0.9992995,0.5566667,0.62,0
0.4640454,0.03420921,-0.500767,0.999233,0.41666666,0.43,0
0.17405048,0.87399524,-0.5153504,0.9846496,0.43,0.12,0
0.29701683,0.7795298,0.5040408,-0.9959592,0.24666667,0.28666666,1
0.5848283,0.4091708,0.5057325,-0.9942675,0.51666665,0.43666667,0
0.84965605,0.081192374,0.52347344,0.97652656,0.6666667,0.48666668,1
0.44971097,0.18025553,0.50573075,-0.99426925,0.38,0.44,0
0.13457967,0.8245443,0.50691986,0.99308014,0.42666668,0.06666667,0
0.6735045,0.7229685,0.5000033,-0.9999967,0.5966667,0.43,0
0.28801998,0.3146007,0.5004821,-0.9995179,0.21,0.43,0
0.46903053,0.34387654,0.5206565,0.9793435,0.42666668,0.39666668,0
0.8143225,0.21330048,-0.65209,0.84791,0.63,0.6566667,1
0.7031972,0.14870192,-0.50120753,0.99879247,0.6,0.55,1
0.14932851,0.46233702,0.5016849,0.9983151,0.42666668,0.07,0
0.21909234,0.60221493,-0.5009389,-0.9990611,0.15666667,0.42666668,1
0.94346356,0.38532114,-0.5300703,-0.9699297,0.85,0.43,0
0.74423885,0.5984541,0.5097392,-0.9902608,0.6666667,0.43,0
0.029579733,0.36803126,0.5151745,-0.9848255,0.016666668,0.42666668,1
0.6913639,0.77594846,-0.79849994,-0.70150006,0.63666666,0.57,1
0.81036717,0.06861427,-0.50581396,-0.99418604,0.76,0.43,1
0.17343348,0.3270071,-0.5222132,0.9777868,0.42666668,0.11666667,0
0.13601199,0.13589779,0.50116175,-0.99883825,0.06666667,0.42666668,0
0.9589759,0.67385334,0.5211383,0.9788617,0.44,0.85,1
0.37394452,0.54153484,0.50119513,-0.99880487,0.31,0.42666668,1
0.24803412,0.73583984,-0.5289393,-0.9710607,0.18666667,0.42666668,1
0.25902945,0.51403385,0.5184049,-0.9815951,0.19,0.43,0
0.024403602,0.84106827,0.5176718,-0.9823282,0.3,0.19,1
0.06518968,0.6154731,0.5005326,0.9994674,0.42666668,0.016666668,0
0.78404677,0.12730433,-0.5198999,0.9801001,0.7,0.5366667,1
0.39231688,0.7201524,0.51352096,-0.98647904,0.31666666,0.39666668,0
0.9237672,0.8792961,0.5000209,-0.9999791,0.52666664,0.70666665,0
0.328112,0.2846286,-0.52701455,0.97298545,0.43666667,0.27666667,1
0.28276575,0.87798905,0.51352096,-0.98647904,0.33666667,0.23666666,1
0.10005194,0.73980075,0.5184049,-0.9815951,0.2,0.3,1
0.76047283,0.8239023,0.51375127,-0.98624873,0.57666665,0.43,0
0.23438519,0.83698535,-0.7940412,-0.7059588,0.23666666,0.43,1
0.8799794,0.716819,0.7345716,0.7654284,0.43666667,0.8,1
0.36701462,0.5057358,0.56180507,0.93819493,0.42666668,0.3,0
0.21760997,0.83733803,0.78016704,0.71983296,0.43,0.13666667,0
0.039806906,0.36176258,-0.5258268,0.9741732,0.42666668,0.1,0
0.07656187,0.37585077,0.50755,0.99245,0.43666667,0.08,1
0.44448352,0.7569113,-0.5143691,-0.9856309,0.38,0.44,1
0.35203695,0.84931356,-0.51587325,-0.98412675,0.30666667,0.43666667,1
0.49521646,0.41709173,-0.5002034,0.9997966,0.44,0.43,1
0.697007,0.7824206,-0.5008655,-0.9991345,0.62666667,0.57,0
0.32786864,0.026133033,0.50231403,0.99768597,0.25666666,0.43666667,0
0.8822246,0.6218291,0.50045544,-0.99954456,0.77666664,0.43,0
0.6308606,0.5130784,0.5289614,-0.9710386,0.56666666,0.42666668,1
0.79865575,0.12994458,-0.88104844,0.61895156,0.68,0.6066667,1
0.1638828,0.5726755,0.53011113,0.96988887,0.42666668,0.086666666,0
0.061659288,0.77435774,0.5003032,-0.9996968,0.23,0.25,1
0.5117723,0.3945069,0.60368,-0.89632,0.44,0.42666668,0
0.71058965,0.79673535,0.5014398,-0.9985602,0.61,0.44,0
0.02851792,0.15757264,-0.51050186,0.98949814,0.19,0.3,0
0.8519948,0.8601839,-0.5123331,-0.9876669,0.5466667,0.74,0
0.92775375,0.6000847,-0.8549946,0.6450054,0.42666668,0.85,0
0.27305248,0.27398255,0.5059363,-0.9940637,0.19666667,0.42666668,0
0.16942278,0.08595587,0.50116175,-0.99883825,0.096666664,0.43666667,0
0.73022693,0.6459326,0.93278646,-0.56721354,0.56,0.42666668,0
0.7939167,0.30743638,-0.52567303,-0.97432697,0.74,0.44,1
0.13151425,0.45471096,0.50028443,-0.99971557,0.06666667,0.43666667,1
0.39366603,0.3023622,0.7434383,0.7565617,0.37666667,0.31333333,0
0.9723353,0.21001327,0.50014836,-0.99985164,0.85,0.44,0
0.87848526,0.52608126,-0.5003444,-0.9996556,0.81666666,0.44,1
0.2257394,0.6607763,0.50009644,0.99990356,0.43666667,0.14666666,1
0.3855372,0.12457183,0.5173958,-0.9826042,0.30666667,0.43333334,0
0.6943206,0.21991695,0.51315355,0.98684645,0.44,0.62666667,1
0.40950772,0.6676804,0.5057325,-0.9942675,0.33666667,0.43666667,0
0.7965619,0.41905838,0.50464594,-0.99535406,0.7266667,0.42666668,0
0.44282278,0.6825855,0.50286645,-0.99713355,0.36666667,0.42666668,0
0.05942535,0.22180308,-0.5014046,0.9985954,0.33,0.23,0
0.40361407,0.9555887,-0.8007053,-0.6992947,0.41666666,0.43,1
0.4836776,0.46876281,-0.698525,0.801475,0.44,0.41666666,1
0.23074509,0.08438114,0.75348204,-0.74651796,0.15666667,0.44,0
0.51714176,0.080828615,0.50573075,-0.99426925,0.44,0.44,0
0.7390372,0.634367,-0.5001011,0.9998989,0.43666667,0.6766667,1
0.80683744,0.13064027,-0.81279236,0.68720764,0.7,0.57666665,1
0.9601742,0.34480065,-0.507227,-0.992773,0.85,0.43,0
0.16337238,0.48025015,-0.9607204,-0.5392796,0.26,0.43666667,1
0.11426531,0.29354104,0.5095113,0.9904887,0.32,0.17,0
0.78165543,0.876474,0.5003337,-0.9996663,0.52666664,0.55,0
0.9353108,0.17933437,0.51595175,0.98404825,0.58666664,0.5966667,1
0.38788632,0.9612939,-0.5116801,0.9883199,0.44,0.33666667,1
0.3573542,0.24150956,-0.56000763,-0.93999237,0.30666667,0.43,1
0.4444178,0.37518442,-0.5191621,0.9808379,0.44,0.38,1
0.84049416,0.67454875,-0.5316995,-0.9683005,0.74666667,0.49666667,0
0.5863378,0.5989302,-0.54862225,0.95137775,0.43,0.52666664,0
0.79801077,0.3839969,-0.5033929,0.9966071,0.48666668,0.7366667,1
0.12030025,0.765,-0.4990096,0.5,0.42333335,0.06333333,0
0.76498556,0.027196562,-0.5153504,0.9846496,0.71,0.44,1
0.8026759,0.8614549,0.5007414,-0.9992586,0.5466667,0.55,0
0.871814,0.8359745,0.5003444,-0.9996556,0.56666666,0.57,0
0.29486743,0.4196582,-0.7363632,-0.7636368,0.24666667,0.43,1
0.16565886,0.08270313,0.5009389,-0.9990611,0.096666664,0.42666668,0
0.44495443,0.102138616,-0.5219326,-0.9780674,0.37666667,0.42666668,0
0.68448746,0.034032896,-0.7477914,-0.7522086,0.62,0.42666668,1
0.56955284,0.12865916,-0.5014654,-0.9985346,0.51666665,0.43666667,1
0.3735691,0.47186202,-0.7224109,-0.7775891,0.30666667,0.44,0
0.29102367,0.44270977,-0.75348204,-0.74651796,0.23666666,0.44,1
0.42990133,0.30512178,0.5230616,0.9769384,0.43666667,0.34666666,1
0.43588677,0.6310562,0.50252825,-0.99747175,0.35666665,0.43666667,0
0.057563484,0.13033484,-0.5006231,0.9993769,0.16,0.33,0
0.42572182,0.9098718,-0.50067097,-0.99932903,0.37666667,0.43666667,1
0.24145405,0.27219185,-0.6788811,-0.8211189,0.18666667,0.44,1
0.46901274,0.716617,0.5093359,-0.9906641,0.38666666,0.43666667,0
0.9261804,0.94997036,-0.8171431,-0.6828569,0.47666666,0.81,0
0.90174425,0.12886196,-0.66445965,0.83554035,0.73,0.5466667,1
0.33335826,0.71486026,-0.5261287,0.9738713,0.43,0.26666668,0
0.81191784,0.46771386,-0.7287714,0.7712286,0.42666668,0.75,0
0.62723136,0.1295426,-0.5007974,0.9992026,0.53,0.54,1
0.85697293,0.8305527,-0.6788811,-0.8211189,0.6066667,0.68,0
0.25102893,0.8500511,0.50528,-0.99472,0.32,0.21666667,1
0.3538911,0.5057056,-0.53019345,0.96980655,0.44,0.3,1
0.26471192,0.42553478,0.5044655,-0.9955345,0.19,0.44,0
0.19456777,0.47849953,0.5164681,-0.9835319,0.12,0.44,0
0.410325,0.22315127,-0.5080022,-0.9919978,0.35666665,0.43,1
0.29363587,0.23169358,-0.500011,-0.999989,0.24,0.44,1
0.53111,0.5349499,-0.6788811,-0.8211189,0.46666667,0.44,1
0.9430709,0.3013767,0.5008524,0.9991476,0.42666668,0.72,0
0.4748666,0.034735695,0.5004821,-0.9995179,0.41,0.43,1
0.71908814,0.055821624,-0.5006744,0.9993256,0.64,0.46,1
0.34534785,0.7107903,0.50528,-0.99472,0.28,0.35666665,1
0.1139444,0.27738234,0.5008548,0.9991452,0.28,0.18,0
0.16699372,0.441261,0.5010355,0.9989645,0.43,0.09,0
0.063206494,0.8745444,0.5008056,0.9991944,0.43666667,0.016666668,1
0.16411898,0.6005111,-0.5229135,-0.9770865,0.11,0.43666667,1
0.5801706,0.862968,0.5000033,-0.9999967,0.51666665,0.43,1
0.77126867,0.7397008,-0.6494489,-0.8505511,0.69666666,0.58,0
0.5273576,0.3424789,0.506815,0.993185,0.43666667,0.46,1
0.07362302,0.16551252,-0.50062895,-0.99937105,0.016666668,0.44,1
0.05455212,0.722284,0.5037549,0.9962451,0.43666667,0.016666668,1
0.73935854,0.5909566,0.50005,-0.99995,0.66,0.44,0
0.13512163,0.7972052,0.5002255,0.9997745,0.42666668,0.06666667,0
0.6134776,0.94594216,0.5138262,0.9861738,0.42666668,0.54,0
0.16885705,0.38160527,-0.51030093,-0.98969907,0.11,0.44,1
0.4806256,0.79984504,-0.5007274,-0.9992726,0.43,0.44,1
0.6398945,0.6713152,-0.50199664,0.99800336,0.42666668,0.57666665,0
0.5722122,0.7905972,-0.5251353,0.9748647,0.43666667,0.50666666,1
0.17234196,0.83312607,0.7061623,-0.7938377,0.26,0.19666667,1
0.79144883,0.08834789,-0.5017937,-0.9982063,0.73,0.43,1
0.07628378,0.9442053,0.7477914,-0.7522086,0.39,0.05666667,1
0.534194,0.3725088,0.5009595,0.9990405,0.42666668,0.46666667,0
0.68212205,0.2851334,0.50022686,-0.99977314,0.6166667,0.42666668,1
0.04985892,0.6166564,-0.50468653,0.99531347,0.43666667,0.016666668,1
0.2867437,0.53021616,-0.5143691,-0.9856309,0.23,0.43,1
0.15152563,0.8046114,-0.50028443,-0.99971557,0.27,0.36666667,1
0.92522115,0.1627988,-0.501631,-0.998369,0.85,0.43,0
0.6303134,0.6727426,-0.5031289,0.9968711,0.43,0.57666665,0
0.33687052,0.8195007,0.50000465,0.99999535,0.44,0.26666668,1
0.5340392,0.2759306,0.5537972,-0.9462028,0.45,0.43666667,0
0.3964237,0.7369464,-0.5024099,0.9975901,0.44,0.33,1
0.82146233,0.10735959,0.50274754,-0.99725246,0.74666667,0.43666667,0
0.31786618,0.38079983,0.5081393,-0.9918607,0.25,0.43,0
0.804259,0.75065804,0.5067132,0.9932868,0.42666668,0.7266667,0
0.84210205,0.39466313,-0.517794,0.982206,0.43666667,0.7866667,1
0.81968856,0.5704199,0.52632564,-0.97367436,0.75,0.44,0
0.145579,0.12342725,0.5014085,-0.9985915,0.06666667,0.42666668,0
0.79976285,0.738852,0.50067776,0.99932224,0.42666668,0.71666664,0
0.50816786,0.8772847,-0.50034666,0.99965334,0.43666667,0.44666666,1
0.4750255,0.38130352,-0.5004831,-0.9995169,0.42,0.43,1
0.5306519,0.037845988,0.50004303,-0.99995697,0.46,0.43666667,0
0.4573582,0.3299593,0.5013624,0.9986376,0.42666668,0.37666667,0
0.39314777,0.9004292,-0.51621485,-0.98378515,0.35666665,0.43666667,1
0.22247042,0.97134525,0.50008374,-0.99991626,0.42666668,0.15666667,1
0.31618848,0.72329617,0.5094341,0.9905659,0.43,0.25,0
0.1106312,0.22020534,0.5240723,0.9759277,0.21666667,0.23,0
0.53197545,0.6551909,-0.5001841,-0.9998159,0.48,0.44,1
0.33218306,0.4033009,0.50586665,-0.99413335,0.26,0.42666668,0
0.33395004,0.5552672,-0.50062895,-0.99937105,0.28,0.43,1
0.11589244,0.14072932,0.67506063,0.82493937,0.15666667,0.3,0
0.48896503,0.069118276,-0.50010324,-0.99989676,0.43666667,0.43666667,1
0.5885976,0.2746191,-0.5083545,0.9916455,0.45,0.52,1
0.6316944,0.46166608,0.5004153,-0.9995847,0.56666666,0.43666667,1
0.5837981,0.4505873,-0.6427055,0.8572945,0.44,0.52666664,1
0.7892126,0.11591037,0.5050806,-0.9949194,0.70666665,0.43666667,0
0.11508169,0.2363793,0.5064976,-0.9935024,0.036666665,0.42666668,0
0.782767,0.1823593,0.7287714,0.7712286,0.43666667,0.64,1
0.32281622,0.36313173,-0.52320176,-0.97679824,0.26,0.44,1
0.6501958,0.6397023,-0.5298269,-0.9701731,0.5966667,0.5,1
0.84160304,0.42211753,0.5291681,-0.9708319,0.76666665,0.42666668,0
0.5671592,0.105786115,-0.5007005,-0.9992995,0.51666665,0.44,1
0.8639574,0.3499605,0.7477914,-0.7522086,0.78,0.42666668,0
0.09211905,0.43827012,-0.5007059,0.9992941,0.42666668,0.04,0
0.20184308,0.14547983,-0.51074183,0.98925817,0.34666666,0.32,0
0.3951387,0.59860194,0.61351997,-0.88648003,0.33,0.43666667,1
0.92475027,0.28863502,0.51203626,-0.98796374,0.8466667,0.42666668,0
0.35002232,0.2760529,0.5017771,-0.9982229,0.27,0.44,0
0.51065016,0.0678447,0.50004303,-0.99995697,0.43,0.42666668,0
0.93280894,0.8720174,-0.562912,-0.937088,0.5366667,0.74,0
0.30519727,0.6754035,-0.5006744,0.9993256,0.44,0.24,1
0.50721234,0.54669964,-0.50065464,-0.99934536,0.45,0.44,1
0.22347774,0.83613884,0.7985971,-0.7014029,0.23,0.21666667,1
0.36230147,0.64030176,-0.5051558,0.9948442,0.44,0.3,1
0.3693118,0.13254209,0.51298004,0.98701996,0.32666665,0.31666666,0
0.83484095,0.5394371,-0.5002479,0.9997521,0.43,0.77666664,0
0.02693478,0.14688921,-0.5268211,0.9731789,0.18,0.32,0
0.2786393,0.6840525,0.5003757,-0.9996243,0.2,0.30666667,0
0.7873932,0.38464102,0.92613584,0.57386416,0.43666667,0.61,1
0.28527185,0.345,-0.47978777,-0.5,0.22333333,0.42333335,1
0.14124198,0.73859555,-0.5093287,-0.9906713,0.2,0.42666668,1
0.1488482,0.5642351,-0.5064976,-0.9935024,0.096666664,0.43666667,1
0.8696383,0.046151116,-0.50225157,-0.99774843,0.8,0.44,0
0.8160952,0.48110828,-0.5183222,0.9816778,0.43666667,0.74666667,1
0.95345336,0.19955032,-0.5148197,0.9851803,0.62666667,0.6066667,1
0.5137608,0.51595014,0.6629521,0.8370479,0.42666668,0.43,0
0.89849985,0.8641695,0.5064255,-0.9935745,0.5466667,0.64,0
0.24209556,0.8803209,-0.50436693,0.99563307,0.44,0.17666666,1
0.27225697,0.82275814,0.5290303,-0.9709697,0.27,0.23666666,1
0.50449914,0.31809852,0.5197719,0.9802281,0.43666667,0.42666668,1
0.7942703,0.5368499,-0.5200169,-0.9799831,0.7266667,0.42666668,0
0.13813506,0.06992605,-0.504542,-0.995458,0.08,0.44,1
0.084533215,0.9380139,0.82827103,-0.67172897,0.39,0.06666667,1
0.25895068,0.59516364,-0.5105616,0.9894384,0.44,0.20666666,1
0.36973158,0.425943,-0.50000775,-0.99999225,0.31,0.44,1
0.08747962,0.46940613,-0.50216186,-0.99783814,0.036666665,0.43666667,1
0.15966147,0.1684032,-0.6625102,-0.8374898,0.10666667,0.43,1
0.31234264,0.70924425,0.50553745,-0.99446255,0.23,0.32666665,0
0.34750456,0.08256043,-0.5222132,0.9777868,0.39666668,0.36666667,0
0.6174483,0.45083818,-0.5000765,0.9999235,0.43,0.5566667,0
0.07815058,0.6946427,-0.50028443,-0.99971557,0.16,0.43666667,1
0.19773795,0.44014168,0.5006231,0.9993769,0.43,0.12,0
0.3816937,0.7013526,-0.50202596,-0.99797404,0.32666665,0.43,1
0.61295444,0.35372365,-0.65557605,0.84442395,0.46,0.5566667,1
0.19526769,0.1552622,-0.5065146,-0.9934854,0.14,0.43,1
0.8403117,0.6790926,0.50091505,0.99908495,0.42666668,0.77666664,0
0.69046885,0.38518515,0.501015,-0.998985,0.6166667,0.43666667,0
0.4933595,0.02956687,-0.50000006,0.99999994,0.42666668,0.44,0
0.556717,0.8883877,-0.82344234,0.67655766,0.43666667,0.53,1
0.15198226,0.4336081,-0.8060984,-0.6939016,0.12666667,0.43,1
0.54726475,0.60666037,-0.50065464,-0.99934536,0.49,0.44,1
0.755899,0.9600518,-0.51315355,0.98684645,0.43,0.7,0
0.55777425,0.9662676,0.50549847,0.99450153,0.43,0.49,0
0.32295746,0.6565134,-0.50095224,0.99904776,0.43,0.26,0
0.056979038,0.06245168,-0.659839,-0.840161,0.016666668,0.43,1
0.36795947,0.77301633,0.50016946,0.99983054,0.43666667,0.3,1
0.30941555,0.9087457,0.53078526,-0.96921474,0.36666667,0.24666667,1
0.24162394,0.7778568,-0.5014512,0.9985488,0.43,0.18,0
0.4588295,0.39889324,-0.52124214,0.97875786,0.43,0.39,0
0.6722513,0.122522414,0.507139,0.992861,0.43,0.53,0
0.029302672,0.29745573,-0.51528686,0.98471314,0.42666668,0.15,0
0.8886399,0.9503662,0.5150639,-0.9849361,0.45666668,0.77666664,0
0.34758362,0.2432555,0.504439,0.995561,0.34666666,0.27666667,0
0.3139291,0.55708724,-0.50063753,-0.99936247,0.26,0.43,1
0.8620264,0.4353771,0.50037354,0.99962646,0.43,0.7966667,0
0.2068779,0.04462329,0.52563053,-0.97436947,0.12666667,0.42666668,0
0.10031274,0.086942755,-0.50522786,-0.99477214,0.04,0.43,1
0.81644225,0.6838143,0.5179022,-0.9820978,0.73,0.43,0
0.66886234,0.16131964,0.5065621,0.9934379,0.44,0.58,1
0.85006684,0.9035381,0.5000005,0.9999995,0.43666667,0.7866667,1
0.68804175,0.21533933,0.5019888,0.9980112,0.44,0.61,1
0.61343706,0.8185948,-0.5181309,-0.9818691,0.56,0.51,1
0.75232464,0.5245678,-0.5265712,-0.9734288,0.68666667,0.43666667,1
0.6232968,0.2830666,-0.78016704,0.71983296,0.5,0.57666665,1
0.88345605,0.6413425,-0.5012191,-0.9987809,0.76666665,0.45666668,0
0.809085,0.19464955,-0.5229992,0.9770008,0.6766667,0.5966667,1
0.12775365,0.5310774,-0.50200194,0.99799806,0.43666667,0.06666667,1
0.24372555,0.92179507,0.5050806,-0.9949194,0.37666667,0.18666667,1
0.44911525,0.081650294,-0.501134,-0.998866,0.38666666,0.43666667,1
0.029291738,0.64221317,0.5069252,-0.9930748,0.11,0.43,1
0.88455427,0.3839156,-0.52347344,0.97652656,0.43666667,0.7966667,1
0.18251291,0.6164779,-0.5065934,-0.9934066,0.12666667,0.42666668,1
0.62953895,0.25838763,0.50002474,0.99997526,0.44,0.56,1
0.17535849,0.10988063,0.8549946,0.6450054,0.14666666,0.31,0
0.20039609,0.4912092,0.5010355,0.9989645,0.44,0.12,1
0.92518,0.76860833,-0.50834703,0.99165297,0.44,0.85,1
0.58498895,0.531637,0.5004153,-0.9995847,0.51666665,0.42666668,0
0.4094442,0.7022237,0.5006331,0.9993669,0.44,0.34,1
0.5308273,0.35693341,0.7940412,-0.7059588,0.43666667,0.43,0
0.90000516,0.20364259,0.5174994,0.9825006,0.51666665,0.6066667,1
0.09487761,0.440094,0.5292979,0.9707021,0.43666667,0.03,1
0.3515321,0.23169746,0.5051402,0.9948598,0.34666666,0.28666666,0
0.7976048,0.900186,0.5024799,0.9975201,0.43666667,0.71666664,1
0.8632231,0.34064046,-0.51375127,-0.98624873,0.8,0.44,1
0.9735158,0.06693955,0.8603312,-0.6396688,0.7866667,0.42666668,0
0.85476655,0.6306652,0.5078712,0.9921288,0.43666667,0.7866667,1
0.5297493,0.1533459,0.50790006,0.99209994,0.43666667,0.44666666,1
0.5220495,0.52507895,0.50022686,-0.99977314,0.45666668,0.42666668,1
0.069304965,0.95065486,0.5042906,0.9957094,0.43,0.016666668,0
0.044358164,0.58507127,0.8603312,-0.6396688,0.02,0.43666667,1
0.17440014,0.5295664,-0.5041766,0.9958234,0.42666668,0.123333335,0
0.584096,0.8366072,-0.50705683,-0.99294317,0.53,0.48,1
0.85952514,0.14149906,0.51305026,0.98694974,0.58,0.5566667,1
0.31506214,0.26033416,0.52311164,0.97688836,0.30666667,0.24,0
0.62040436,0.68514925,-0.50360334,0.99639666,0.43666667,0.5566667,1
0.189704,0.07979845,0.50314355,-0.99685645,0.10666667,0.43666667,0
0.6767419,0.66147155,-0.5149216,0.9850784,0.42333335,0.62666667,0
0.08066579,0.43639043,-0.51814,-0.98186,0.026666667,0.43666667,1
0.90271777,0.48120958,0.50458866,-0.99541134,0.82,0.43,0
0.63454175,0.32985646,-0.5150639,-0.9849361,0.56666666,0.42666668,0
0.42841405,0.49681315,-0.512229,-0.987771,0.36,0.44,0
0.5436338,0.6027369,0.5092529,-0.9907471,0.47666666,0.42666668,0
0.09271564,0.28006154,0.50549847,0.99450153,0.32,0.18,0
0.5834351,0.24771729,0.50109154,0.99890846,0.42666668,0.51666665,0
0.91608477,0.49816847,-0.50281036,0.99718964,0.44,0.85,1
0.47820508,0.73222756,0.51735455,-0.98264545,0.39666668,0.43666667,0
0.7409468,0.829876,0.52169985,0.97830015,0.43,0.6766667,0
0.5612237,0.5438565,-0.5864834,0.9135166,0.44,0.50666666,1
0.6901409,0.38717774,-0.5160354,-0.9839646,0.62666667,0.43666667,1
0.72524905,0.083302446,-0.5002205,0.9997795,0.64,0.49,1
0.16988976,0.6915731,0.8347108,0.6652892,0.43,0.086666666,0
0.29244298,0.97418964,0.5093359,-0.9906641,0.42666668,0.21666667,1
0.06687029,0.67753625,0.57427037,0.92572963,0.43,0.016666668,0
0.95885026,0.61067444,0.5004381,-0.9995619,0.7866667,0.43,0
0.5024723,0.72945434,0.53790253,0.96209747,0.42666668,0.43,0
0.8550084,0.13960165,-0.7259763,0.7740237,0.7,0.57666665,1
0.93243766,0.21373175,-0.52283937,0.97716063,0.62666667,0.6166667,1
0.9209746,0.82720727,-0.51401514,-0.98598486,0.58666664,0.7,0
0.22051848,0.18562041,0.50320387,-0.99679613,0.15666667,0.43666667,1
0.20858371,0.35205904,0.51787394,-0.98212606,0.13666667,0.42666668,0
0.445096,0.65248656,0.53790253,0.96209747,0.42666668,0.37,0
0.9536622,0.4194102,0.50742054,-0.99257946,0.85,0.44,0
0.030642876,0.9220794,-0.5231163,0.9768837,0.44,0.016666668,1
0.35321483,0.44220516,-0.71105266,-0.78894734,0.28666666,0.43,1
0.092890844,0.8648781,-0.5297975,0.9702025,0.43,0.03,0
0.16201983,0.88168323,0.5037549,0.9962451,0.43666667,0.086666666,1
0.48369455,0.53433543,-0.50001544,-0.99998456,0.42,0.43,1
0.5190181,0.7065933,-0.50077933,-0.99922067,0.46,0.44,1
0.08176424,0.5372639,-0.5002255,0.9997745,0.42666668,0.026666667,0
0.4191461,0.5225305,-0.5083545,0.9916455,0.44,0.35,1
0.9775769,0.242631,-0.5088335,-0.9911665,0.85,0.44,0
0.58814174,0.034976114,0.5236314,0.9763686,0.49,0.45,1
0.33719647,0.77690977,-0.5122189,0.9877811,0.44,0.28,1
0.57627964,0.7769708,-0.5199303,0.9800697,0.43666667,0.51666665,1
0.8212417,0.39783043,0.50065637,0.99934363,0.44,0.75,1
0.43495256,0.5552232,0.6112826,-0.8887174,0.36,0.42666668,0
0.860966,0.0825741,-0.5253711,-0.9746289,0.8,0.43,1
0.48368818,0.86783266,0.5080923,0.9919077,0.43,0.42,0
0.22429322,0.26969498,-0.530142,-0.969858,0.16,0.44,1
0.7546725,0.57288563,-0.5206211,0.9793789,0.43,0.68666667,0
0.21515566,0.61455405,0.51894695,-0.98105305,0.15,0.4,1
0.05891506,0.7919519,0.5176718,-0.9823282,0.25,0.24,1
0.8390486,0.5047695,-0.5001033,-0.9998967,0.7866667,0.43,1
0.19808772,0.14812577,-0.50676763,-0.99323237,0.14,0.43,1
0.76047283,0.19270314,-0.51375127,-0.98624873,0.71,0.43,1
0.14619173,0.20058331,0.5298584,-0.9701416,0.07666667,0.42666668,0
0.7162824,0.65391994,0.5301206,-0.9698794,0.63666666,0.43,0
0.9153673,0.4627032,0.5247919,-0.9752081,0.84,0.43,0
0.7091326,0.6947909,0.50010365,0.99989635,0.42666668,0.63666666,0
0.6958797,0.11146069,0.5017188,-0.9982812,0.6166667,0.43,0
0.44403058,0.44726604,-0.5043574,-0.9956426,0.38,0.43,1
0.32388785,0.29271847,-0.5184461,0.9815539,0.42666668,0.26666668,0
0.07012895,0.8762222,-0.521164,-0.978836,0.34,0.18666667,1
0.3199041,0.615,-0.4990096,0.5,0.42333335,0.26333332,0
0.95814323,0.67124575,-0.5033819,0.9966181,0.44,0.85,1
0.418562,0.26940128,-0.95777416,0.54222584,0.43,0.42666668,0
0.35520586,0.20764919,0.504134,-0.995866,0.29,0.43,1
0.6851163,0.2317931,0.5004454,-0.9995546,0.6166667,0.42666668,0
0.59632826,0.15490511,0.57455915,0.92544085,0.43666667,0.52,1
0.29296678,0.34502304,0.50260365,0.99739635,0.33666667,0.22,0
0.42240775,0.7616279,-0.5174796,-0.9825204,0.37,0.44,1
0.67665374,0.18651992,0.62496537,0.87503463,0.42666668,0.6,0
0.56758475,0.38191274,-0.50010556,0.99989444,0.44,0.51,1
0.4422146,0.41649133,-0.6494489,-0.8505511,0.37666667,0.44,1
0.46519026,0.6747632,-0.5006671,0.9993329,0.44,0.39666668,1
0.7989683,0.1750967,-0.5006671,0.9993329,0.68,0.57666665,1
0.23904346,0.21924476,-0.504542,-0.995458,0.17,0.43,0
0.68704826,0.20780332,-0.50001675,0.99998325,0.56,0.6166667,1
0.73431945,0.2370024,0.50274754,-0.99725246,0.6566667,0.42666668,0
0.05568066,0.2227414,-0.5016849,0.9983151,0.32666665,0.23,0
0.019910825,0.64535207,0.5173958,-0.9826042,0.1,0.42333335,1
0.9360693,0.74860585,0.50790006,0.99209994,0.43666667,0.85,1
0.17554794,0.4392296,0.5257861,0.9742139,0.43,0.1,0
0.6720739,0.17813182,-0.52264404,-0.97735596,0.62,0.43,1
0.022194613,0.76518214,0.5017771,-0.9982229,0.22,0.31,1
0.3481116,0.2321267,0.82344234,0.67655766,0.32666665,0.27,0
0.41725567,0.08468715,-0.5037549,0.9962451,0.43666667,0.36666667,1
0.875586,0.5396046,0.500159,0.999841,0.44,0.8,1
0.8956437,0.06579381,0.52267265,-0.97732735,0.82,0.43666667,0
0.2879656,0.44765782,0.50017214,-0.99982786,0.22,0.43,0
0.7286043,0.08996363,-0.7652515,-0.7347485,0.67,0.43666667,1
0.53907406,0.91091424,0.5001206,0.9998794,0.44,0.46,1
0.3010542,0.13045835,0.50058436,-0.99941564,0.23666666,0.43666667,1
0.22310913,0.6705943,-0.5044998,0.9955002,0.43,0.16,0
0.032257248,0.5655823,-0.52613693,0.97386307,0.43666667,0.016666668,1
0.70317805,0.45642778,-0.5265712,-0.9734288,0.63666666,0.42666668,1
0.8449425,0.3971407,-0.50029564,0.99970436,0.42666668,0.77666664,0
0.15254495,0.72789973,0.5222132,0.9777868,0.43666667,0.086666666,1
0.5453137,0.6751872,-0.5001841,-0.9998159,0.48,0.44,1
0.7877936,0.3634128,0.522654,0.977346,0.43,0.71,0
0.21976984,0.78385526,-0.50000566,0.99999434,0.44,0.16,1
0.15547878,0.62254256,-0.52435404,0.97564596,0.44,0.09,1
0.12039973,0.3422809,-0.5112502,-0.9887498,0.06,0.44,1
0.04850201,0.4088662,-0.5082483,-0.9917517,0.016666668,0.42666668,1
0.6461036,0.18390752,0.5300832,0.9699168,0.43,0.58,0
0.074312106,0.7616599,-0.7145351,0.7854649,0.44,0.016666668,1
0.48705044,0.5432228,0.5031167,-0.9968833,0.40666667,0.43666667,0
0.6148547,0.34447607,-0.5003072,0.9996928,0.44,0.56,1
0.89174753,0.6157758,-0.5064255,-0.9935745,0.7966667,0.43,0
0.7286776,0.24735542,-0.500196,-0.999804,0.67,0.44,1
0.6144209,0.58633727,-0.5004543,-0.9995457,0.5466667,0.44,0
0.0802786,0.42084745,-0.50240546,-0.99759454,0.026666667,0.43666667,1
0.5030608,0.12525702,-0.5200169,-0.9799831,0.44666666,0.42666668,1
0.67183596,0.57589304,0.5293931,0.9706069,0.43666667,0.6066667,1
0.7971413,0.45630875,-0.5076937,0.9923063,0.42666668,0.74666667,0
0.76443493,0.479443,0.515356,0.984644,0.43,0.69,0
0.89910525,0.8793634,-0.51109695,0.98890305,0.44,0.83,1
0.8750396,0.15915263,-0.62816745,0.87183255,0.7,0.58666664,1
0.20544146,0.6269896,0.51616484,-0.98383516,0.14,0.37,1
0.76119936,0.15348145,-0.5179022,-0.9820978,0.71,0.43,1
0.79600024,0.13751234,-0.81279236,0.68720764,0.69,0.58666664,1
0.23946562,0.5392674,0.5081324,0.9918676,0.44,0.16,1
0.19591273,0.55933475,0.5081393,-0.9918607,0.13,0.43,1
0.9297809,0.6975965,-0.5009681,-0.9990319,0.71666664,0.48666668,0
0.17854884,0.20979762,0.77740985,-0.72259015,0.10666667,0.43,0
0.97959965,0.8235535,-0.50365555,0.99634445,0.43,0.85,0
0.5679207,0.4160625,-0.5045667,0.9954333,0.44,0.5,1
0.24159917,0.04134841,0.5230616,0.9769384,0.16666667,0.41666666,0
0.49604872,0.74081796,0.5246903,-0.9753097,0.42666668,0.42666668,0
0.09318019,0.8874757,-0.5000026,-0.9999974,0.34,0.17666666,1
0.5534039,0.5529917,-0.5864834,0.9135166,0.43,0.49666667,0
0.96574146,0.6947499,-0.5001033,-0.9998967,0.71666664,0.46,0
0.11502496,0.694382,0.5003032,-0.9996968,0.15,0.33,1
0.125748,0.17588432,0.5928132,0.9071868,0.18666667,0.27,0
0.31223643,0.7399859,-0.50067097,-0.99932903,0.24666667,0.42666668,1
0.4168968,0.2267676,-0.50000626,-0.99999374,0.36666667,0.44,1
0.061308626,0.9561413,-0.5014379,0.9985621,0.43,0.016666668,0
0.406848,0.43440017,-0.5027762,0.9972238,0.43,0.35,0
0.55226564,0.5087942,-0.50600386,-0.99399614,0.49666667,0.44,1
0.27419356,0.10587672,0.50320387,-0.99679613,0.19666667,0.43666667,0
0.87258786,0.9335108,0.5007309,-0.9992691,0.47666666,0.7366667,0
0.69979215,0.7124673,0.5286869,0.9713131,0.42666668,0.6166667,0
0.33566412,0.76114076,-0.6126458,0.8873542,0.44,0.28666666,1
0.6019265,0.25712425,-0.5002034,0.9997966,0.46,0.55,1
0.027044492,0.63724816,-0.5000173,0.9999827,0.43666667,0.016666668,1
0.27076846,0.30120966,0.64381516,0.85618484,0.33666667,0.19,0
0.6519235,0.7183909,0.5088335,-0.9911665,0.57,0.44,0
0.38586923,0.11927224,0.50067776,0.99932224,0.34666666,0.33666667,0
0.15314315,0.83897644,-0.5007974,0.9992026,0.44,0.09,1
0.86237544,0.9690254,0.50010324,-0.99989676,0.43666667,0.7966667,0
0.09683733,0.91936225,-0.50352585,0.99647415,0.44,0.03,1
0.072023384,0.31168357,-0.51739687,-0.98260313,0.016666668,0.43,1
0.9386597,0.6710415,-0.52410465,0.97589535,0.44,0.85,1
0.34128377,0.7330231,0.50016946,0.99983054,0.43666667,0.26,1
0.28357944,0.19843894,0.5000068,-0.9999932,0.21666667,0.43666667,0
0.11000916,0.9133467,-0.5044655,-0.9955345,0.38,0.15,1
0.85164857,0.43235844,0.501631,-0.998369,0.77666664,0.44,0
0.2969158,0.40492305,-0.5008056,0.9991944,0.42666668,0.23,0
0.0951661,0.3513669,0.5241404,-0.9758596,0.026666667,0.43666667,0
0.15669627,0.5303321,-0.519708,0.980292,0.42666668,0.096666664,0
0.7878295,0.15992573,-0.5044477,-0.9955523,0.72,0.44,0
0.63020897,0.6564071,-0.52574813,-0.97425187,0.57666665,0.48,1
0.18532704,0.5336481,0.50260484,-0.99739516,0.11,0.43666667,0
0.22782646,0.7167468,-0.52285075,-0.97714925,0.17,0.43666667,1
0.8130234,0.62109476,-0.5175913,-0.9824087,0.74666667,0.45666668,1
0.10581408,0.9259575,-0.50573075,-0.99426925,0.39,0.13,1
0.18856642,0.44115588,-0.5112502,-0.9887498,0.12,0.44,0
0.25099796,0.80951625,0.77555716,-0.72444284,0.21,0.24666667,1
0.1678917,0.033141717,-0.50016946,0.99983054,0.11666667,0.42,0
0.120521836,0.67132485,-0.52435404,0.97564596,0.43,0.06,0
0.2950174,0.58184266,-0.5004637,0.9995363,0.44,0.23,1
0.14166118,0.4296669,-0.52472216,0.97527784,0.42666668,0.07666667,0
0.13457948,0.67761827,0.50017214,-0.99982786,0.13,0.34,1
0.15872638,0.8118723,0.63427335,-0.86572665,0.25,0.20666666,1
0.1664942,0.5084153,-0.52701455,0.97298545,0.42666668,0.10666667,0
0.5605233,0.3061108,-0.50003225,0.99996775,0.44,0.5,1
0.434947,0.4315324,-0.5003713,0.9996287,0.43,0.38,0
0.17592812,0.9221351,0.511881,0.988119,0.43666667,0.10666667,1
0.2931115,0.36272022,0.5285682,-0.9714318,0.22,0.42666668,0
0.617032,0.7343324,-0.50001544,-0.99998456,0.56,0.47,1
0.93366855,0.09812435,-0.62816745,0.87183255,0.77,0.51666665,1
0.09012276,0.5528364,0.5069252,-0.9930748,0.02,0.44,0
0.64351094,0.6707564,0.5024799,0.9975201,0.42666668,0.56666666,0
0.6801957,0.7230156,0.50429994,0.99570006,0.43666667,0.6166667,1
0.5353896,0.557325,0.5003819,-0.9996181,0.46666667,0.42666668,0
0.2613387,0.8022718,0.77555716,-0.72444284,0.2,0.25666666,1
0.43860775,0.51521665,-0.5001841,-0.9998159,0.38,0.44,1
0.7494324,0.42785788,-0.5009681,-0.9990319,0.68666667,0.43666667,1
0.8487879,0.09946568,-0.8347108,0.6652892,0.74,0.5366667,1
0.24554217,0.88984346,0.504712,0.995288,0.43666667,0.17666666,1
0.8759867,0.706827,-0.5008115,-0.9991885,0.69666666,0.5566667,0
0.73919606,0.8134961,0.5000911,0.9999089,0.43666667,0.6566667,1
0.40980414,0.71977276,0.50415766,0.99584234,0.44,0.34,1
0.8034117,0.13113245,-0.5247919,-0.9752081,0.75,0.43,1
0.72628635,0.27624837,0.51794654,-0.98205346,0.64666665,0.42666668,0
0.36391565,0.838953,-0.51814,-0.98186,0.29666665,0.42666668,0
0.3508758,0.30211112,0.507403,0.992597,0.36666667,0.28666666,0
0.75128955,0.49729562,-0.5150639,-0.9849361,0.69666666,0.43666667,1
0.15285784,0.9138365,-0.510453,-0.989547,0.37,0.19666667,1
0.81955737,0.9103048,-0.5009924,-0.9990076,0.48666668,0.73,0
0.9626617,0.0732983,0.5152549,0.9847451,0.8,0.48666668,1
0.3685891,0.061419386,-0.50042564,0.99957436,0.36666667,0.39666668,0
0.34644642,0.24287096,-0.5216453,0.9783547,0.42666668,0.28666666,0
0.83156335,0.90348405,-0.50684124,-0.99315876,0.51,0.75,0
0.5582623,0.66449344,0.512672,0.987328,0.42666668,0.48,0
0.31656855,0.18584743,-0.52472216,0.97527784,0.43666667,0.26666668,1
0.68665236,0.19777904,-0.50380784,0.99619216,0.57,0.6,1
0.65042245,0.30930808,-0.5000209,-0.9999791,0.5966667,0.43666667,1
0.7180011,0.4290518,-0.5200169,-0.9799831,0.6566667,0.43666667,1
0.7886411,0.71999204,0.5197719,0.9802281,0.42666668,0.71666664,0
0.9731685,0.113825,-0.53195244,0.96804756,0.75,0.52666664,1
0.82496506,0.63852245,0.51902854,-0.98097146,0.75,0.43,0
0.40344945,0.53459024,-0.50522786,-0.99477214,0.35,0.44,1
0.28351086,0.6814939,0.51528686,0.98471314,0.43666667,0.2,1
0.49448174,0.70328265,0.50781536,-0.99218464,0.43,0.42666668,1
0.5045529,0.07946567,-0.50309026,0.99690974,0.42666668,0.44,0
0.8954772,0.53508115,-0.5025802,-0.9974198,0.83,0.43,1
0.36320463,0.73913175,0.80257875,-0.69742125,0.29,0.34666666,0
0.26887748,0.9255739,0.5005323,-0.9994677,0.39,0.21666667,1
0.1033001,0.2983041,0.5104048,0.9895952,0.33666667,0.16,0
0.48058853,0.32470557,-0.5027762,0.9972238,0.44,0.42,1
0.100005284,0.22797169,0.50755155,-0.99244845,0.016666668,0.43666667,0
0.33413193,0.22334427,0.504439,0.995561,0.32666665,0.25666666,0
0.89638376,0.21826324,0.68871564,-0.81128436,0.83,0.42666668,1
0.5554842,0.05968091,0.500159,0.999841,0.44,0.46,1
0.2777778,0.6752061,0.5138319,-0.9861681,0.21,0.31666666,0
0.03693777,0.6692614,-0.51382107,0.98617893,0.43666667,0.016666668,1
0.8617696,0.725,0.49475977,0.5,0.42333335,0.78333336,0
0.8457201,0.34505185,0.5004529,-0.9995471,0.77666664,0.42666668,0
0.75564426,0.82861334,0.5051402,0.9948598,0.42666668,0.68666667,0
0.5558494,0.49580276,0.5005323,-0.9994677,0.48,0.42666668,0
0.16273025,0.44054714,-0.8060984,-0.6939016,0.13666667,0.44,1
0.24991362,0.069955595,0.50000083,0.99999917,0.19666667,0.38666666,0
0.21991615,0.73905617,-0.5007974,0.9992026,0.44,0.15,1
0.29508522,0.14729446,-0.5007498,-0.9992502,0.23666666,0.43,1
0.04831669,0.621181,0.50042564,0.99957436,0.42666668,0.016666668,0
0.4743634,0.49442807,0.5118571,0.9881429,0.42666668,0.39666668,0
0.15214385,0.27336958,0.5001441,-0.9998559,0.07666667,0.42666668,0
0.804555,0.2993917,0.68871564,-0.81128436,0.73,0.42666668,0
0.8584767,0.82913953,0.506815,0.993185,0.42666668,0.79,0
0.36114338,0.6019287,-0.51137877,0.98862123,0.44,0.3,1
0.8620655,0.2636409,-0.52815276,0.97184724,0.61,0.6766667,1
0.15130031,0.8408585,-0.52674025,0.97325975,0.43,0.09,0
0.9338302,0.624254,-0.5122008,-0.9877992,0.7866667,0.42333335,0
0.46146885,0.94726044,-0.50034666,0.99965334,0.42666668,0.39666668,0
0.13501112,0.46158564,-0.5017606,0.9982394,0.42666668,0.07666667,0
0.90103406,0.3977023,-0.5050394,0.9949606,0.43666667,0.7966667,1
0.6970345,0.8543305,-0.50001544,-0.99998456,0.56,0.59,0
0.30080286,0.116550766,-0.5004543,-0.9995457,0.23666666,0.43,1
0.4076638,0.10852776,-0.52343625,-0.97656375,0.34666666,0.44,1
0.9413009,0.034380045,0.52567285,-0.97432715,0.85,0.42666668,0
0.14812467,0.07209663,0.512672,0.987328,0.086666666,0.38,0
0.4823205,0.41837928,-0.5014512,0.9985488,0.43,0.42,0
0.806331,0.8086451,0.65530384,0.84469616,0.42666668,0.73,0
0.61830616,0.13621558,-0.5003444,-0.9996556,0.56666666,0.43,1
0.16177168,0.42165607,-0.5017606,0.9982394,0.42666668,0.096666664,0
0.7575065,0.78835607,0.5026333,0.9973667,0.43666667,0.6766667,1
0.977338,0.7955224,-0.5309307,-0.9690693,0.6166667,0.58666664,0
0.6256961,0.3994191,0.64768004,-0.85231996,0.56,0.42666668,1
0.7344016,0.9394427,-0.52320176,-0.97679824,0.47,0.67,0
0.26841733,0.56403667,-0.50023746,-0.99976254,0.21,0.42666668,1
0.38003328,0.47428915,-0.5027762,0.9972238,0.43,0.33,0
0.80979544,0.18099023,-0.5096581,-0.9903419,0.74,0.43,0
0.85170746,0.42231113,0.7985971,-0.7014029,0.74,0.42666668,0
0.22943051,0.7505774,0.5000379,-0.9999621,0.21,0.23666666,1
0.07909614,0.9611949,0.5138319,-0.9861681,0.42,0.026666667,1
0.08075065,0.12841164,-0.50006485,0.99993515,0.18,0.33,0
0.67018735,0.87038815,-0.5084799,-0.9915201,0.54,0.58,0
0.08414257,0.365372,0.5005491,-0.9994509,0.016666668,0.43666667,0
0.9671168,0.6849627,0.500021,0.999979,0.44,0.85,1
0.24834856,0.07734695,-0.5007498,-0.9992502,0.18666667,0.44,1
0.09593213,0.06170266,0.93278646,-0.56721354,0.07,0.43666667,1
0.15138935,0.4103246,0.5081324,0.9918676,0.43,0.07,0
0.14479439,0.7869497,0.78016704,0.71983296,0.44,0.06666667,1
0.32857895,0.9553918,-0.50022525,-0.99977475,0.42,0.29666665,1
0.51736474,0.1196715,0.5024032,-0.9975968,0.44,0.44,0
0.2040378,0.72370505,-0.51769716,0.98230284,0.43,0.15,0
0.56087846,0.04216915,0.5034597,-0.9965403,0.48,0.44,0
0.46796256,0.1298904,-0.5175913,-0.9824087,0.40666667,0.43666667,1
0.085220456,0.8019149,0.5001899,0.9998101,0.42666668,0.016666668,0
0.23675567,0.4421859,-0.7581381,-0.7418619,0.17666666,0.43,1
0.14878933,0.56320477,-0.531707,-0.968293,0.086666666,0.43666667,1
0.79861104,0.5192332,0.5097392,-0.9902608,0.7266667,0.43,0
0.45559394,0.58935773,-0.5007994,-0.9992006,0.39,0.44,1
0.22367726,0.3939331,-0.500767,0.999233,0.43666667,0.17,1
0.0639247,0.31879,0.5151745,-0.9848255,0.016666668,0.43666667,1
0.94186085,0.41541705,-0.50031126,-0.99968874,0.85,0.43,0
0.21567418,0.96571237,0.526411,-0.973589,0.41666666,0.13666667,1
0.3863942,0.8796824,-0.5298584,-0.9701416,0.32333332,0.42666668,1
0.542342,0.94086635,-0.50202596,-0.99797404,0.46666667,0.47,0
0.49764147,0.50198036,-0.50436693,0.99563307,0.44,0.43666667,1
0.56335527,0.20272759,0.50000006,0.99999994,0.43666667,0.48666668,1
0.33644694,0.77966976,0.50348336,-0.99651664,0.26666668,0.32666665,0
0.48822975,0.37941307,0.50021785,-0.99978215,0.42,0.43666667,0
0.77903175,0.5118389,-0.50492764,-0.99507236,0.71666664,0.44,1
0.594244,0.75270027,0.5081605,-0.9918395,0.52666664,0.43,0
0.8752074,0.044471808,0.50026757,-0.99973243,0.7966667,0.43666667,0
0.5176215,0.6936853,0.5198449,-0.9801551,0.43666667,0.42666668,0
0.5576654,0.20541815,0.54529023,-0.95470977,0.49,0.43666667,0
0.5703639,0.66433346,-0.50001544,-0.99998456,0.51,0.44,1
0.8955395,0.2989882,-0.500537,0.999463,0.5366667,0.70666665,1
0.072796136,0.20183118,-0.5014046,0.9985954,0.31,0.25,0
0.63172704,0.61430424,-0.5273846,0.9726154,0.43666667,0.57666665,1
0.5069873,0.31361187,0.5067132,0.9932868,0.42666668,0.42666668,0
0.34849012,0.637047,-0.5002034,0.9997966,0.44,0.29,1
0.5604055,0.6972907,-0.8060984,-0.6939016,0.50666666,0.45,1
0.93515456,0.31824714,-0.5206211,0.9793789,0.43,0.7266667,0
0.5320969,0.6561712,-0.52320176,-0.97679824,0.48,0.44,1
0.3010311,0.06600488,0.50320387,-0.99679613,0.23666666,0.43666667,1
0.93381584,0.8189645,0.50091505,0.99908495,0.42666668,0.85,0
0.5140422,0.26270074,0.54529023,-0.95470977,0.45,0.43666667,1
0.2992202,0.8223501,0.5031167,-0.9968833,0.28666666,0.27666667,1
0.2825225,0.37996918,0.52699023,-0.97300977,0.21,0.43,0
0.8313621,0.9758551,0.5242952,-0.9757048,0.43666667,0.75,0
0.28729564,0.3669339,-0.50636905,-0.99363095,0.22,0.43,0
0.8145965,0.37510967,0.52632076,0.97367924,0.44,0.74,1
0.858337,0.062961906,-0.501631,-0.998369,0.79,0.43,0
0.103055015,0.8921498,-0.52886987,0.97113013,0.43,0.04,0
0.04185934,0.10169593,0.50130165,-0.99869835,0.016666668,0.43,1
0.66684675,0.3393496,-0.50087637,0.99912363,0.5,0.6166667,1
0.54337645,0.32682765,-0.50095224,0.99904776,0.44,0.49,1
0.61011684,0.68691516,0.95777416,0.54222584,0.44,0.41666666,1
0.21090226,0.50517756,0.5044655,-0.9955345,0.13,0.44,0
0.7981826,0.10009464,-0.512714,0.987286,0.72,0.51,1
0.19369844,0.9477909,-0.50001675,0.99998325,0.44,0.13666667,1
0.8959723,0.52808416,-0.50281036,0.99718964,0.43,0.84,0
0.2435789,0.25843853,0.5000068,-0.9999932,0.17666666,0.43666667,0
0.19735639,0.9379114,-0.5067228,0.9932772,0.44,0.13,1
0.6461585,0.32323584,0.6409517,-0.8590483,0.57,0.43666667,0
0.04565886,0.6192777,0.5141336,0.9858664,0.42666668,0.016666668,0
0.48148388,0.3056045,-0.93278646,-0.56721354,0.5,0.42666668,1
0.6553033,0.3311718,0.50023955,0.99976045,0.43,0.58666664,0
0.81154126,0.8773258,0.5249247,-0.9750753,0.52666664,0.56,0
0.5427241,0.33419406,0.58991283,-0.91008717,0.47,0.43666667,0
0.69555026,0.42952225,-0.5007018,-0.9992982,0.63666666,0.42666668,1
0.76862335,0.9151978,-0.50037354,0.99962646,0.43,0.71,0
0.29305175,0.4853951,-0.50296223,0.99703777,0.44,0.24,1
0.22796652,0.4415037,-0.51032966,0.98967034,0.43666667,0.16,1
0.24510974,0.85019433,0.50025403,0.99974597,0.42666668,0.17666666,0
0.20495692,0.09340187,-0.50134796,-0.99865204,0.15,0.43,1
0.77066755,0.6770849,-0.8581845,0.6418155,0.42666668,0.73,0
0.84571815,0.87797904,-0.5018338,-0.9981662,0.5366667,0.75,0
0.5878008,0.57204795,0.5165039,-0.9834961,0.51666665,0.43666667,0
0.7352547,0.174376,0.5031167,-0.9968833,0.6566667,0.42666668,0
0.96290034,0.40967044,0.53003544,-0.96996456,0.85,0.43,0
0.4692243,0.234975,0.8820679,-0.6179321,0.33666667,0.44,0
0.21305187,0.40148693,0.50191456,0.99808544,0.39666668,0.13,0
0.69524413,0.11750428,-0.51137877,0.98862123,0.61,0.53,1
0.28149733,0.4830122,-0.5040638,0.9959362,0.43,0.23,0
0.7736903,0.1910888,0.52169174,-0.97830826,0.71,0.43666667,1
0.57860225,0.86442685,0.52506405,-0.97493595,0.50666666,0.43,0
0.6645726,0.9619771,0.51375127,-0.98624873,0.43666667,0.57,0
0.68114215,0.5922977,0.5009595,0.9990405,0.42666668,0.6066667,0
0.81040895,0.6089844,0.5247919,-0.9752081,0.73,0.44,0
0.64933735,0.73635274,0.50052947,0.99947053,0.43666667,0.57,1
0.46785736,0.41122475,0.5209307,0.9790693,0.42666668,0.38666666,0
0.44736102,0.24263352,0.5009595,0.9990405,0.43666667,0.37666667,1
0.3784137,0.7228112,0.5050806,-0.9949194,0.29666665,0.38666666,0
0.6884674,0.7276601,0.5004145,0.9995855,0.43666667,0.6066667,1
0.4103222,0.37476557,-0.50078654,0.99921346,0.43,0.35,0
0.052633803,0.2974431,0.50755155,-0.99244845,0.016666668,0.42666668,1
0.81972134,0.8092107,-0.5029875,0.9970125,0.43,0.75,0
0.37199646,0.45944133,-0.52377355,-0.97622645,0.31,0.44,1
0.9594027,0.1536382,0.5185752,0.9814248,0.66,0.56666666,1
0.43531322,0.70726776,0.5003819,-0.9996181,0.35666665,0.43666667,0
0.8555372,0.117578685,-0.7145351,0.7854649,0.74,0.5366667,1
0.79355246,0.45886764,0.8581845,0.6418155,0.42666668,0.65,0
0.7608953,0.12619185,-0.5007817,-0.9992183,0.7,0.44,1
0.84502834,0.5470575,0.5002674,-0.9997326,0.77,0.44,0
0.94716346,0.14772293,-0.700556,-0.799444,0.85,0.42666668,0
0.22515191,0.22637996,-0.52320176,-0.97679824,0.16,0.44,1
0.6081531,0.58619666,0.5286869,0.9713131,0.43666667,0.52666664,1
0.62710255,0.1749734,0.500021,0.999979,0.43,0.5566667,0
0.6682442,0.903565,0.50260365,0.99739635,0.43666667,0.6,1
0.268931,0.60195726,-0.50383914,-0.99616086,0.21,0.42666668,1
0.8884313,0.047572453,0.50034666,0.99965334,0.7866667,0.45666668,1
0.24896833,0.35331142,0.57368,0.92632,0.36666667,0.18,0
0.06697695,0.07247522,-0.50415766,0.99584234,0.09,0.39,0
0.8313901,0.91071576,0.5122008,-0.9877992,0.49666667,0.6533333,0
0.4985641,0.47671285,-0.50380784,0.99619216,0.43,0.44,0
0.29510745,0.23806372,-0.50066376,-0.99933624,0.23,0.44,1
0.06582359,0.18190815,0.50191456,0.99808544,0.17666666,0.27,0
0.8128749,0.09522678,0.52144563,-0.97855437,0.7366667,0.42666668,0
0.39791346,0.5390459,-0.50021917,0.99978083,0.44,0.34,1
0.8461867,0.449915,0.5097392,-0.9902608,0.77666664,0.44,0
0.5132111,0.5701835,-0.5008909,0.9991091,0.43,0.44666666,0
0.4013041,0.8230078,0.50016946,0.99983054,0.42666668,0.33,0
0.69371516,0.19780348,-0.50001675,0.99998325,0.57,0.6066667,1
0.9665328,0.52681774,-0.93278646,-0.56721354,0.77,0.43666667,0
0.5154544,0.8900098,-0.51430523,0.98569477,0.42666668,0.44666666,0
0.4926039,0.33484477,-0.5029898,-0.9970102,0.42666668,0.43,1
0.16039611,0.3512568,0.5268211,0.9731789,0.39,0.11,0
0.9527651,0.39125228,0.5000404,-0.9999596,0.85,0.44,0
0.62826514,0.7649334,0.5138402,0.9861598,0.42666668,0.55,0
0.56602716,0.69330364,-0.51097316,-0.98902684,0.5,0.44,1
0.4251537,0.19894025,-0.50041205,0.99958795,0.44,0.36,1
0.56936276,0.23147473,-0.501508,-0.998492,0.51666665,0.44,1
0.59505576,0.24444291,-0.50210583,0.99789417,0.46,0.53,1
0.6002602,0.71504116,-0.50360334,0.99639666,0.42666668,0.5466667,0
0.3889228,0.68596137,-0.5198999,0.9801001,0.43,0.32666665,0
0.05632775,0.70179766,-0.5069252,-0.9930748,0.17,0.43,1
0.60889864,0.7785552,-0.5206211,0.9793789,0.44,0.5566667,1
0.59806937,0.76984817,-0.5024042,-0.9975958,0.53,0.47,0
0.7259055,0.71684164,0.6629521,0.8370479,0.42666668,0.65,0
0.63073087,0.10447845,-0.80257875,-0.69742125,0.59,0.43666667,1
0.37656963,0.83508456,-0.50116175,-0.99883825,0.32,0.42666668,1
0.74512184,0.2917367,0.5004153,-0.9995847,0.6766667,0.42666668,0
0.14283739,0.90284306,0.519708,0.980292,0.42666668,0.07666667,0
0.697428,0.39363396,0.512821,-0.987179,0.6166667,0.42666668,0
0.96852803,0.7504916,0.51854765,-0.98145235,0.6666667,0.5,0
0.13801238,0.18735611,0.5019426,-0.9980574,0.05666667,0.42666668,0
0.055610877,0.60641086,0.5001157,-0.9998843,0.07,0.44,1
0.7140192,0.5551284,0.82827103,-0.67172897,0.6,0.43666667,0
0.43148273,0.36832187,-0.5107489,-0.9892511,0.38,0.44,1
0.3738981,0.795129,0.5243661,-0.9756339,0.29666665,0.34666666,0
0.079481535,0.19184522,-0.5014046,0.9985954,0.3,0.26,0
0.82567054,0.13512339,-0.5006671,0.9993329,0.72,0.5366667,1
0.36981925,0.86469793,0.501015,-0.998985,0.31666666,0.33666667,1
0.37446147,0.6336878,-0.53060794,0.96939206,0.44,0.32,1
0.65051895,0.30777296,0.51160145,-0.98839855,0.5833333,0.42666668,0
0.8758599,0.55799985,-0.50281036,0.99718964,0.44,0.81,1
0.8419278,0.95756483,0.5004145,0.9995855,0.42666668,0.77666664,0
0.20469874,0.72501284,-0.5090285,-0.9909715,0.17666666,0.42666668,1
0.29712102,0.4698594,-0.52459806,0.97540194,0.43,0.24,0
0.7313636,0.23815136,-0.5024099,0.9975901,0.6,0.65,1
0.12973727,0.7352115,0.51616484,-0.98383516,0.19,0.26,1
0.93107826,0.6572865,-0.5006546,-0.9993454,0.74666667,0.42666668,0
0.25139692,0.8815036,0.5004454,-0.9995546,0.34666666,0.21666667,1
0.5462166,0.7890971,0.53899324,0.96100676,0.42666668,0.47,0
0.2008389,0.05751907,0.51437384,-0.98562616,0.12666667,0.43666667,0
0.70562834,0.79233587,-0.50984675,0.99015325,0.44,0.64,1
0.64912635,0.37440336,-0.65209,0.84791,0.44,0.58666664,1
0.64399576,0.113085605,0.5236314,0.9763686,0.43,0.53,0
0.11254827,0.21,-0.47978777,-0.5,0.053333335,0.43333334,1
0.07333935,0.6983761,0.5,1.0,0.43666667,0.016666668,1
0.35976917,0.76718396,-0.5936679,0.9063321,0.43,0.29666665,0
0.6487736,0.33512205,0.50022686,-0.99977314,0.56666666,0.43666667,0
0.33794063,0.84241575,-0.5064976,-0.9935024,0.29666665,0.43666667,1
0.788181,0.22435285,-0.5038997,0.9961003,0.65,0.64,1
0.35824195,0.6330101,-0.50029653,-0.99970347,0.29,0.44,0
0.39588857,0.75238484,0.50286645,-0.99713355,0.31666666,0.39666668,0
0.75329506,0.2683979,-0.5010391,0.9989609,0.61,0.6666667,1
0.14510287,0.1470297,-0.50077933,-0.99922067,0.08,0.44,1
0.75485617,0.8948341,-0.522316,0.977684,0.43,0.7,0
0.72351044,0.8188401,-0.503665,-0.996335,0.6,0.61,0
0.6660179,0.7009511,0.50005,-0.99995,0.59,0.43,0
0.60066193,0.70925623,-0.7581381,-0.7418619,0.5366667,0.49,1
0.933805,0.32498255,0.51448154,0.98551846,0.43,0.7366667,0
0.3261055,0.94577646,0.5165039,-0.9834961,0.39666668,0.25666666,1
0.94713986,0.21734591,-0.55404955,-0.94595045,0.85,0.42666668,0
0.37590203,0.4440956,0.54529023,-0.95470977,0.3,0.42666668,0
0.3608717,0.28081918,-0.503665,-0.996335,0.3,0.43,1
0.26175353,0.8990763,0.5143249,0.9856751,0.42666668,0.19666667,0
0.38678613,0.4846585,0.50260365,0.99739635,0.43666667,0.32,1
0.84271705,0.12565471,0.6409517,-0.8590483,0.76,0.42666668,0
0.8610517,0.2760746,-0.5007817,-0.9992183,0.81,0.43,1
0.55416656,0.60458034,0.5076533,0.9923467,0.42666668,0.48666668,0
0.33506218,0.4060584,0.5184049,-0.9815951,0.26,0.44,0
0.10726099,0.8760689,-0.50051993,0.99948007,0.44,0.046666667,1
0.34295294,0.23971924,-0.5107489,-0.9892511,0.29,0.43,1
0.29907942,0.43081987,0.5034597,-0.9965403,0.23,0.43,0
0.3192397,0.7900004,0.52144563,-0.97855437,0.24666667,0.29666665,0
0.63065076,0.33004135,-0.50558007,0.99441993,0.47,0.58,1
0.90956706,0.29725924,0.50984675,0.99015325,0.44,0.70666665,1
0.56938744,0.26144618,-0.501134,-0.998866,0.50666666,0.43666667,1
0.5495313,0.8526484,-0.52347344,0.97652656,0.43666667,0.49666667,1
0.81752795,0.958327,-0.503665,-0.996335,0.46,0.75,0
0.73481077,0.295,0.49978203,-0.5,0.66333336,0.42333335,0
0.72813207,0.26767758,0.50021905,0.99978095,0.44,0.65,1
0.47536162,0.5950631,0.50022686,-0.99977314,0.40666667,0.43666667,0
0.2114448,0.57796955,0.8007053,-0.6992947,0.12666667,0.43,0
0.65040916,0.75998735,0.5000173,0.9999827,0.42666668,0.5833333,0
0.396788,0.29923892,0.5024032,-0.9975968,0.32,0.44,0
0.9270009,0.614376,-0.5122008,-0.9877992,0.7966667,0.43333334,0
0.7270686,0.57737136,-0.5376543,-0.9623457,0.6766667,0.44,1
0.75361615,0.15922244,0.7287714,0.7712286,0.42666668,0.61,0
0.96430486,0.0829035,-0.592285,-0.907715,0.85,0.42666668,0
0.020334799,0.13015354,0.5136162,0.9863838,0.15,0.33,0
0.5924408,0.5706422,-0.5009924,-0.9990076,0.52666664,0.43,1
0.41148734,0.16178074,0.510453,-0.989547,0.33,0.43666667,0
0.8811315,0.4713386,-0.52264404,-0.97735596,0.82,0.43,1
0.59296256,0.5081485,-0.5010391,0.9989609,0.43,0.52666664,0
0.20703155,0.1573989,-0.5054786,-0.9945214,0.15,0.44,1
0.6751374,0.9037384,-0.50241876,-0.99758124,0.5,0.59,0
0.3350534,0.28991497,-0.50055695,-0.99944305,0.27,0.44,1
0.24396056,0.46782747,0.50004303,-0.99995697,0.17,0.42666668,0
0.44937247,0.24220942,-0.52231157,0.97768843,0.43,0.38666666,0
0.16572784,0.13082743,-0.50009644,0.99990356,0.26666668,0.33,0
0.7374011,0.7584351,0.5026333,0.9973667,0.42666668,0.6666667,0
0.70449823,0.5627831,0.5167617,0.9832383,0.43666667,0.63666666,1
0.38944954,0.3012193,0.51241416,-0.98758584,0.32,0.44,0
0.49796134,0.17745106,0.5186407,-0.9813593,0.43,0.44,0
0.9485317,0.42541394,-0.50031126,-0.99968874,0.85,0.44,0
0.70787823,0.20849876,-0.52661175,0.97338825,0.6,0.6166667,1
0.5070356,0.6576382,-0.530142,-0.969858,0.44,0.44,0
0.55048317,0.51981574,0.5055945,-0.9944055,0.47666666,0.42666668,0
0.1359353,0.93624675,-0.50095224,0.99904776,0.43,0.08,0
0.6519149,0.09090223,-0.5004381,-0.9995619,0.6,0.43,1
0.9252437,0.3269456,0.5049162,0.9950838,0.43,0.7266667,0
0.50257397,0.2970903,-0.5014379,0.9985621,0.43,0.43666667,0
0.9388991,0.2141819,-0.5031289,0.9968711,0.63,0.6166667,1
0.71637934,0.7864115,-0.51843274,0.98156726,0.44,0.65,1
0.7795123,0.12196878,0.50348336,-0.99651664,0.70666665,0.42666668,0
0.5111478,0.38443202,-0.51137877,0.98862123,0.44,0.46,1
0.83693355,0.35933715,0.50464594,-0.99535406,0.76666665,0.42666668,0
0.5672329,0.56754714,-0.525615,-0.974385,0.50666666,0.43,1
0.36809006,0.6006185,0.5017188,-0.9982812,0.28666666,0.42,0
0.7604289,0.58229005,0.7434383,0.7565617,0.42666668,0.68333334,0
0.8421613,0.5948834,0.93278646,-0.56721354,0.65,0.43666667,0
0.9521408,0.36416388,0.50018305,0.99981695,0.44,0.76666665,1
0.32848504,0.28803053,-0.50066376,-0.99933624,0.26,0.43,0
0.84532875,0.14734188,-0.7259763,0.7740237,0.69,0.58666664,1
0.595292,0.04739462,-0.500196,-0.999804,0.53,0.44,1
0.9676715,0.24692369,-0.5218568,-0.9781432,0.85,0.44,0
0.9289338,0.41192472,-0.50045544,-0.99954456,0.85,0.44,0
0.058184884,0.84867245,0.50041205,0.99958795,0.43,0.016666668,0
0.092862815,0.8396023,-0.5045373,-0.9954627,0.30666667,0.25,1
0.1630005,0.7745887,0.50001204,0.99998796,0.42666668,0.086666666,0
0.6406296,0.18716893,0.50095034,0.99904966,0.43,0.56,0
0.6292771,0.6089324,-0.51669365,0.98330635,0.43666667,0.56666666,1
0.44094095,0.37632883,-0.50051993,0.99948007,0.44,0.38666666,1
0.79430723,0.8713873,0.5209307,0.9790693,0.43666667,0.71666664,1
0.4556876,0.061731096,-0.501508,-0.998492,0.38666666,0.43,0
0.20054698,0.20723863,0.5010363,0.9989637,0.19666667,0.26,0
0.83795434,0.5018347,-0.50018305,-0.99981695,0.7866667,0.42666668,1
0.3417961,0.36882636,0.5253551,-0.9746449,0.27,0.44,0
0.9228477,0.7550758,0.5205033,-0.9794967,0.6566667,0.47,0
0.45654315,0.1488617,0.50400573,-0.99599427,0.39,0.43,1
0.75569695,0.92092234,0.52264404,-0.97735596,0.47666666,0.59,0
0.35404497,0.6036848,-0.50210583,0.99789417,0.44,0.29,1
0.5313601,0.36197743,-0.5153504,0.9846496,0.43,0.48,0
0.09808774,0.24312577,-0.50029653,-0.99970347,0.04,0.43,1
0.10832839,0.50462496,-0.5064976,-0.9935024,0.05666667,0.43666667,1
0.34189975,0.10140236,-0.50042564,0.99957436,0.40666667,0.35666665,0
0.7845242,0.3675107,-0.522971,0.977029,0.5,0.7266667,1
0.09567839,0.9134871,0.80257875,-0.69742125,0.36,0.096666664,1
0.5468157,0.8221291,0.5081605,-0.9918395,0.47666666,0.44,0
0.9088435,0.1267211,0.5029461,0.9970539,0.67,0.5366667,1
0.05292576,0.8656038,-0.5092237,-0.9907763,0.32,0.18,1
0.40155557,0.56851256,-0.50705683,-0.99294317,0.34,0.43,1
0.3267979,0.5225643,0.5215902,0.9784098,0.42666668,0.25,0
0.759106,0.3889936,0.511488,0.988512,0.44,0.68666667,1
0.06312614,0.7586671,-0.5041726,0.9958274,0.44,0.016666668,1
0.7389454,0.625,0.58904594,0.5,0.42333335,0.66333336,0
0.70930016,0.24308462,0.50293344,0.99706656,0.43,0.63,0
0.6774885,0.81396633,-0.82344234,0.67655766,0.42666668,0.64,0
0.34356403,0.318724,-0.50309026,0.99690974,0.42666668,0.28,0
0.18966264,0.92810845,0.72333735,0.77666265,0.43,0.10666667,0
0.06649176,0.37986463,-0.5249158,0.9750842,0.42666668,0.07,0
0.7877936,0.8911796,-0.522654,0.977346,0.43,0.73,0
0.23866835,0.574094,0.5028157,0.9971843,0.42666668,0.16,0
0.0259728,0.15397447,0.51030093,-0.98969907,0.016666668,0.43,1
0.4406666,0.34760478,0.5269468,0.9730532,0.43666667,0.36,1
0.14483404,0.6395153,-0.5002999,-0.9997001,0.1,0.42666668,1
0.27526137,0.7390047,-0.65209,0.84791,0.43,0.21666667,0
0.6043783,0.86639553,-0.50705683,-0.99294317,0.54,0.51,1
0.25569516,0.10054009,0.5286869,0.9713131,0.19666667,0.34666666,0
0.3333587,0.39566633,-0.5208131,-0.9791869,0.27,0.44,1
0.9051559,0.3524889,0.501631,-0.998369,0.83666664,0.44,0
0.19723867,0.49980998,0.5045156,-0.9954844,0.12,0.43,0
0.12145712,0.47438258,-0.5003193,0.9996807,0.42666668,0.06666667,0
0.37928897,0.23006913,0.50067157,0.99932843,0.37666667,0.3,0
0.3454146,0.44679588,-0.50077933,-0.99922067,0.28,0.44,1
0.9404101,0.22123091,-0.51623225,0.98376775,0.6066667,0.62666667,1
0.08517848,0.07648301,-0.5294851,0.9705149,0.12,0.39,0
0.31371647,0.5500269,-0.5007274,-0.9992726,0.26,0.43,1
0.87238884,0.55476433,-0.5001033,-0.9998967,0.81666666,0.44,1
0.19061783,0.14721127,-0.6108362,-0.8891638,0.12666667,0.44,1
0.10709918,0.92573726,-0.50400573,-0.99599427,0.39,0.13,1
0.5891985,0.42139134,0.50008374,-0.99991626,0.51666665,0.42666668,0
0.7153309,0.96359324,-0.50241876,-0.99758124,0.44,0.65,0
0.5062078,0.84561807,-0.5143691,-0.9856309,0.45,0.43,1
0.096584834,0.058622826,-0.51050186,0.98949814,0.09,0.4,0
0.09401292,0.27273837,-0.51030093,-0.98969907,0.04,0.43,1
0.94523174,0.16019972,-0.51203626,-0.98796374,0.85,0.43666667,0
0.20802838,0.581231,-0.50203097,-0.99796903,0.15,0.43666667,1
0.7532603,0.42527527,-0.51603305,0.98396695,0.43666667,0.68666667,1
0.95867914,0.73360234,0.7434383,0.7565617,0.42666668,0.85,0
0.670615,0.7597181,0.5000376,0.9999624,0.42666668,0.6,0
0.7514838,0.78067315,0.64381516,0.85618484,0.43666667,0.67,1
0.035634704,0.39661527,-0.51587325,-0.98412675,0.016666668,0.43666667,1
0.348216,0.56148416,-0.5003713,0.9996287,0.44,0.29,1
0.7343402,0.44774762,0.7477914,-0.7522086,0.65,0.43666667,0
0.70126855,0.39625245,0.5001593,0.9998407,0.43666667,0.62333333,1
0.60379004,0.7180097,0.5977547,0.9022453,0.42666668,0.53,0
0.4235815,0.7684352,-0.50000733,0.99999267,0.43,0.36666667,0
0.18233703,0.91669124,0.5001137,-0.9998863,0.36666667,0.13666667,1
0.32809344,0.63045156,-0.8820679,-0.6179321,0.33666667,0.44,1
0.8368731,0.11990275,0.61351997,-0.88648003,0.77,0.43666667,0
0.9515726,0.3616613,-0.51734567,-0.98265433,0.85,0.44,0
0.81728697,0.60622764,0.93278646,-0.56721354,0.63,0.43666667,0
0.08106828,0.9381845,-0.52674025,0.97325975,0.43,0.03,0
0.46800956,0.92930543,-0.50028217,0.99971783,0.42666668,0.40666667,0
0.8374226,0.12423795,0.52512497,-0.97487503,0.76666665,0.43666667,0
0.21020797,0.8465888,0.50856197,-0.99143803,0.31,0.17666666,1
0.1678659,0.5213528,-0.50203097,-0.99796903,0.11,0.43666667,1
0.6836107,0.61333907,-0.52203983,0.97796017,0.43,0.6166667,0
0.6562069,0.29838663,0.50002474,0.99997526,0.44,0.58,1
0.595123,0.8819957,0.52632564,-0.97367436,0.53,0.44,1
0.3245681,0.43028346,-0.723488,-0.776512,0.26666668,0.43,1
0.6713888,0.6688075,-0.5298269,-0.9701731,0.6066667,0.53,1
0.29689863,0.66612417,0.54990953,-0.95009047,0.23,0.33666667,0
0.851942,0.05858513,-0.5024099,0.9975901,0.78,0.47,1
0.55257136,0.26109457,0.50601625,0.99398375,0.43666667,0.47666666,1
0.8879738,0.13336474,0.5012123,-0.9987877,0.8066667,0.43666667,0
0.91528517,0.9431418,-0.8171431,-0.6828569,0.48666668,0.8,0
0.13911404,0.14622542,0.51437384,-0.98562616,0.05666667,0.42666668,0
0.48265946,0.08625863,0.50365555,0.99634445,0.43,0.4,0
0.65255505,0.8670177,-0.51448154,0.98551846,0.44,0.59,1
0.31810075,0.9314709,0.5004153,-0.9995847,0.39666668,0.26666668,1
0.115119636,0.5891496,-0.519708,0.980292,0.42666668,0.05666667,0
0.36820605,0.59016234,-0.65557605,0.84442395,0.44,0.31666666,1
0.22296968,0.3838231,0.5138262,0.9861738,0.37666667,0.15,0
0.63917786,0.6635098,0.5000911,0.9999089,0.42666668,0.56666666,0
0.12586153,0.9030806,-0.51757336,-0.98242664,0.36,0.19,1
0.36188024,0.56737274,0.50194025,-0.99805975,0.29,0.42666668,0
0.69388235,0.29764175,0.50907946,-0.99092054,0.62,0.43666667,0
0.7132119,0.32833555,-0.5010391,0.9989609,0.55,0.64666665,1
0.5011956,0.116868936,0.50090665,-0.99909335,0.43,0.43,0
0.3757525,0.35276714,-0.88104844,0.61895156,0.44,0.36666667,1
0.9281917,0.6769357,-0.526831,-0.973169,0.74666667,0.43666667,0
0.7275573,0.86790466,-0.5209506,0.9790494,0.43,0.66,0
0.22763516,0.8600318,-0.50058436,-0.99941564,0.33,0.34666666,1
0.9771873,0.93847543,-0.5022433,0.9977567,0.42666668,0.85,0
0.8086575,0.5740221,-0.50020695,0.99979305,0.44,0.75666666,1
0.76117146,0.4275726,-0.52238494,0.97761506,0.43666667,0.70666665,1
0.15340324,0.8085104,-0.5177715,-0.9822285,0.26,0.38666666,1
0.88153124,0.77981824,0.5249247,-0.9750753,0.62666667,0.46,0
0.5290445,0.69926983,-0.5007994,-0.9992006,0.46,0.43,0
0.94996816,0.9533621,0.53122944,0.96877056,0.42666668,0.85,0
0.72716475,0.97461855,0.5000279,-0.9999721,0.43666667,0.66,0
0.6716023,0.806988,0.5002674,-0.9997326,0.59,0.44,0
0.13739333,0.5039357,-0.51980156,-0.98019844,0.08,0.43666667,1
0.33255866,0.15575148,0.5172571,-0.9827429,0.25666666,0.44,0
0.5768632,0.5255862,-0.5864834,0.9135166,0.44,0.52666664,1
0.62263626,0.59406894,-0.52815276,0.97184724,0.43,0.5566667,0
0.63835454,0.73821425,0.5088335,-0.9911665,0.57,0.44,0
0.42519724,0.067433394,0.79849994,-0.70150006,0.33666667,0.44,0
0.93208426,0.38815796,-0.5298061,0.9701939,0.43666667,0.7966667,1
0.1852464,0.3589832,0.50213397,-0.99786603,0.10666667,0.43666667,0
0.91752297,0.85003394,-0.51456034,0.98543966,0.42666668,0.85,0
0.35795712,0.18718158,0.5206565,0.9793435,0.32666665,0.27666667,0
0.12172169,0.22904934,0.5065934,-0.9934066,0.046666667,0.43666667,0
0.083048776,0.76626664,0.5186407,-0.9813593,0.23,0.26,1
0.52078193,0.89067245,0.50531006,0.99468994,0.44,0.44,1
0.3765934,0.6811943,-0.50436693,0.99563307,0.44,0.31666666,1
0.1465284,0.14129013,-0.6280255,-0.8719745,0.086666666,0.43,1
0.87874913,0.15625924,-0.5119483,-0.9880517,0.82,0.43,1
0.40152627,0.05747719,0.5172571,-0.9827429,0.33666667,0.44,1
0.68420756,0.12813215,-0.5032337,0.9967663,0.59,0.53,1
0.61371803,0.7625355,-0.51097316,-0.98902684,0.55,0.49,1
0.44895628,0.049119964,-0.5001218,0.9998782,0.41666666,0.41666666,0
0.01978597,0.7586058,0.5041766,0.9958234,0.43666667,0.016666668,1
0.8625058,0.86763006,-0.5005234,0.9994766,0.44,0.81,1
0.73386735,0.33025795,0.5093359,-0.9906641,0.6566667,0.42666668,0
0.15152563,0.4247195,0.50028443,-0.99971557,0.07666667,0.42666668,0
0.79537034,0.34733582,-0.500196,-0.999804,0.73,0.44,1
0.6819926,0.17736915,-0.500196,-0.999804,0.62,0.43,1
0.7386399,0.94271165,-0.50676763,-0.99323237,0.46,0.67,0
0.8656043,0.6084796,-0.5093961,0.9906039,0.43,0.8,0
0.787773,0.085691534,-0.50713813,-0.99286187,0.72,0.44,0
0.24153376,0.95422935,0.5003193,0.9996807,0.42666668,0.16666667,0
0.37966844,0.7122532,0.5000129,0.9999871,0.42333335,0.31,0
0.5827363,0.25144458,-0.501508,-0.998492,0.51666665,0.44,1
0.8354678,0.47189662,0.5218568,-0.9781432,0.77,0.43,1
0.35604468,0.7370379,0.50289893,0.99710107,0.43,0.28,0
0.59494436,0.7952452,-0.5183222,0.9816778,0.43666667,0.52666664,1
0.021783652,0.40902987,0.8487122,-0.6512878,0.05666667,0.43,1
0.24497241,0.844045,-0.7940412,-0.7059588,0.24666667,0.44,1
0.5051521,0.36203095,-0.5080022,-0.9919978,0.43666667,0.43,0
0.051556412,0.58496326,-0.57427037,0.92572963,0.43,0.016666668,0
0.24692906,0.76334786,-0.50210583,0.99789417,0.44,0.19,1
0.9751178,0.58657086,-0.5003337,-0.9996663,0.81666666,0.44,0
0.23759991,0.4400809,0.5045156,-0.9954844,0.16,0.43,0
0.25589544,0.9333013,0.51656884,0.98343116,0.42666668,0.18666667,0
0.09718687,0.19619806,0.52995205,-0.97004795,0.026666667,0.43666667,0
0.13058594,0.64447045,-0.5040922,0.9959078,0.42666668,0.06666667,0
0.89079076,0.037977986,0.5093245,-0.9906755,0.82666665,0.43666667,1
0.89499575,0.9330509,-0.5029898,-0.9970102,0.46666667,0.81,0
0.8720739,0.33662555,0.7459828,-0.7540172,0.79333335,0.43666667,0
0.0806321,0.10579668,0.6629521,0.8370479,0.11666667,0.34,0
0.89773744,0.521753,0.5033819,0.9966181,0.43,0.83,0
0.17763455,0.5747569,-0.5040922,0.9959078,0.43666667,0.11666667,1
0.10626571,0.061921183,-0.5073324,-0.9926676,0.05,0.43,1
0.86930925,0.6968351,-0.5008115,-0.9991885,0.70666665,0.5466667,0
0.5743206,0.9136724,0.50581396,-0.99418604,0.5,0.44,0
0.86520463,0.79495513,-0.5300832,0.9699168,0.44,0.8,1
0.21550432,0.5857471,0.5135666,0.9864334,0.43666667,0.15,1
0.95035344,0.4139428,0.5247919,-0.9752081,0.85,0.44,0
0.8743185,0.7647105,0.502747,0.997253,0.42666668,0.81,0
0.86305666,0.95295155,-0.5112006,-0.9887994,0.44666666,0.8,0
0.5619808,0.5590463,-0.50161076,-0.99838924,0.5,0.44,1
0.16972847,0.12594533,-0.50000775,-0.99999225,0.11,0.44,1
0.59723634,0.49528435,-0.5936679,0.9063321,0.43,0.5366667,0
0.6572991,0.11573193,0.5000442,0.9999558,0.44,0.53,1
0.6311137,0.3590919,-0.6309209,0.8690791,0.47,0.57666665,1
0.3143224,0.78355813,-0.989443,0.510557,0.44,0.39666668,1
0.7742495,0.14617622,-0.5007817,-0.9992183,0.72,0.44,1
0.06993066,0.53009456,-0.51656884,0.98343116,0.43666667,0.016666668,1
0.21270563,0.4710696,0.5080923,0.9919077,0.43,0.14,0
0.18014897,0.18007421,-0.659839,-0.840161,0.12666667,0.43,1
0.41312173,0.2840049,0.50586665,-0.99413335,0.34,0.42666668,0
0.67450124,0.7370027,-0.5004585,-0.9995415,0.62,0.53,1
0.02650431,0.90246344,-0.51616484,-0.98383516,0.36,0.09,1
0.94238466,0.60490054,-0.5025802,-0.9974198,0.8066667,0.44,0
0.20525551,0.6741567,-0.51974744,-0.98025256,0.15,0.43666667,1
0.35562143,0.33143622,-0.6494489,-0.8505511,0.29666665,0.44,1
0.52425593,0.91708827,0.5189616,0.9810384,0.44,0.45,1
0.6751312,0.2778061,-0.512714,0.987286,0.54,0.61,1
0.7223593,0.31791794,0.5005234,0.9994766,0.43,0.64,0
0.14627254,0.6276767,0.50573075,-0.99426925,0.09,0.43,1
0.11297387,0.318444,0.50325346,-0.99674654,0.036666665,0.42666668,0
0.5806444,0.4120662,0.5034344,0.9965656,0.43666667,0.50666666,1
0.86587924,0.3970765,0.55404955,-0.94595045,0.79,0.43666667,0
0.08517848,0.2511757,0.5294851,0.9705149,0.3,0.21,0
0.32158485,0.17447837,-0.5003193,0.9996807,0.42666668,0.28666666,0
0.89310515,0.19381759,0.5174994,0.9825006,0.52666664,0.5966667,1
0.15809007,0.15741439,0.5019426,-0.9980574,0.086666666,0.43666667,0
0.74249417,0.6775241,0.52632564,-0.97367436,0.66,0.43,0
0.9132661,0.7330771,-0.51315355,0.98684645,0.44,0.85,1
0.43570998,0.5869295,0.64768004,-0.85231996,0.36,0.42666668,0
0.53248024,0.3733872,-0.75276834,0.74723166,0.44,0.47666666,1
0.06498973,0.724032,-0.7940412,-0.7059588,0.07666667,0.43,1
0.920274,0.06360986,0.52567285,-0.97432715,0.8466667,0.43666667,0
0.84212977,0.7408749,-0.50829893,0.99170107,0.43,0.79,0
0.58925664,0.06598635,0.52410465,0.97589535,0.44,0.48,1
0.7502747,0.8774144,0.5000079,0.9999921,0.42666668,0.68666667,0
0.76526666,0.6288681,0.52330256,-0.97669744,0.69,0.43,0
0.83315766,0.8798844,-0.7581381,-0.7418619,0.56666666,0.72,0
0.5757791,0.95082265,-0.5008524,0.9991476,0.43666667,0.52,1
0.65192413,0.21251874,-0.5051558,0.9948442,0.53,0.59,1
0.53055334,0.31529826,-0.52674025,0.97325975,0.43,0.47,0
0.6429241,0.6992799,-0.503665,-0.996335,0.58,0.49,1
0.34932914,0.22110786,0.5269468,0.9730532,0.32666665,0.27,0
0.9594534,0.85344386,-0.50365555,0.99634445,0.44,0.85,1
0.08042115,0.23180999,0.50415766,0.99584234,0.25,0.23,0
0.49120778,0.86237335,0.5104048,0.9895952,0.42666668,0.41,0
0.44993457,0.8071473,0.50549847,0.99450153,0.43,0.37,0
0.38860613,0.031432156,-0.50042564,0.99957436,0.33666667,0.42666668,0
0.59681135,0.2469038,-0.50095224,0.99904776,0.46,0.53,1
0.034046624,0.6707971,-0.50200194,0.99799806,0.43666667,0.016666668,1
0.13135989,0.55706453,-0.52701455,0.97298545,0.43666667,0.07666667,1
0.4219039,0.41294882,0.5294719,0.9705281,0.43666667,0.35,1
0.43090817,0.7528267,0.5081575,-0.9918425,0.35666665,0.42666668,0
0.18721539,0.12790383,-0.50053424,-0.99946576,0.13,0.44,1
0.14700964,0.061751194,-0.51277304,-0.98722696,0.093333334,0.44,1
0.19009265,0.81572974,-0.8007053,-0.6992947,0.21666667,0.43,1
0.11288726,0.51548105,-0.5081018,0.9918982,0.43666667,0.046666667,1
0.5545552,0.17628752,0.5001593,0.9998407,0.43666667,0.48333332,1
0.62344843,0.41119614,0.5026198,-0.9973802,0.5566667,0.43666667,0
0.2585695,0.9464218,0.50294715,-0.99705285,0.40666667,0.19666667,1
0.36717746,0.59610146,-0.50003225,0.99996775,0.43,0.31,0
0.7433296,0.14026767,0.50112647,0.99887353,0.49,0.5366667,1
0.07603258,0.1429677,0.5549422,0.9450578,0.13666667,0.32,0
0.42907897,0.57559645,-0.50636905,-0.99363095,0.37,0.44,1
0.12854207,0.52418107,0.53011113,0.96988887,0.43666667,0.05666667,1
0.6401333,0.37931454,-0.50087637,0.99912363,0.46,0.57666665,1
0.7072768,0.04025588,-0.5244499,-0.9755501,0.64,0.44,0
0.6297526,0.49608424,0.50768924,0.99231076,0.42666668,0.5466667,0
0.13603535,0.15954697,0.50314355,-0.99685645,0.06666667,0.43666667,0
0.7651035,0.75949985,-0.58256966,-0.91743034,0.6666667,0.62,0
0.98123926,0.4559339,-0.5007817,-0.9992183,0.85,0.43,0
0.83025295,0.25169122,-0.5179022,-0.9820978,0.77,0.43,1
0.35867205,0.22124,-0.5112006,-0.9887994,0.30666667,0.44,1
0.6982861,0.72752905,0.52985626,0.97014374,0.42666668,0.62666667,0
0.030837843,0.26496685,0.5028157,0.9971843,0.35666665,0.19,0
0.5168496,0.7047685,-0.50636905,-0.99363095,0.46,0.43,1
0.94402474,0.6378172,0.5000479,0.9999521,0.44,0.85,1
0.122570716,0.6964137,0.50073224,-0.99926776,0.15,0.32,1
0.91363484,0.71769387,-0.5000098,0.9999902,0.43,0.85,0
0.029819455,0.8046008,-0.5008056,0.9991944,0.42666668,0.016666668,0
0.24914627,0.1683409,0.5118571,0.9881429,0.21666667,0.28666666,0
0.120622456,0.2873738,0.5008548,0.9991452,0.29,0.17,0
0.3979872,0.73995477,0.5006231,0.9993769,0.43,0.32,0
0.6126342,0.7213296,0.5598256,0.9401744,0.43666667,0.54,1
0.5670135,0.80628866,-0.5034501,-0.9965499,0.51666665,0.45,1
0.8867496,0.94967073,0.50492764,-0.99507236,0.45666668,0.78,0
0.6252869,0.34951475,0.5057325,-0.9942675,0.5566667,0.43666667,0
0.84308785,0.03631682,0.5050806,-0.9949194,0.76666665,0.43666667,0
0.36805752,0.3940149,-0.50032246,-0.99967754,0.3,0.43,0
0.4251369,0.73472315,-0.5006671,0.9993329,0.44,0.35666665,1
0.6743353,0.39316714,-0.51301336,0.98698664,0.48,0.6066667,1
0.7578505,0.97265995,-0.5398302,-0.9601698,0.43,0.71,0
0.36231017,0.7856484,0.5005323,-0.9994677,0.29,0.35666665,0
0.90254766,0.8076615,-0.5005234,0.9994766,0.44,0.85,1
0.11083692,0.11384766,0.5112604,-0.9887396,0.036666665,0.44,0
0.7011021,0.31919816,0.5012455,-0.9987545,0.63666666,0.43666667,1
0.34715948,0.37471202,0.50142974,-0.99857026,0.27,0.43,0
0.9132257,0.29541698,0.51448154,0.98551846,0.44,0.70666665,1
0.49908105,0.5328088,-0.50134796,-0.99865204,0.43,0.43,0
0.43146932,0.23019043,0.521164,-0.978836,0.36,0.42666668,0
0.13861926,0.37589645,-0.5222132,0.9777868,0.43666667,0.086666666,1
0.21447076,0.10137722,0.51587325,-0.98412675,0.14666666,0.43666667,0
0.48135123,0.16083868,-0.5268506,-0.9731494,0.41666666,0.42666668,1
0.8748807,0.07579467,0.5067782,0.9932218,0.71666664,0.47666666,1
0.10013354,0.115,-0.43171299,-0.5,0.043333333,0.42333335,1
0.09838485,0.5264407,-0.50023854,0.99976146,0.42666668,0.036666665,0
0.6494728,0.8332823,0.5247919,-0.9752081,0.58,0.43,0
0.6242638,0.7372884,-0.77740985,-0.72259015,0.56666666,0.52,1
0.91270363,0.13499688,0.5198449,-0.9801551,0.8466667,0.43666667,1
0.6959707,0.6146451,0.55404955,-0.94595045,0.62,0.42666668,0
0.5890091,0.49581784,0.52267265,-0.97732735,0.52,0.43666667,0
0.42333427,0.4258495,-0.5216137,-0.9783863,0.37,0.44,1
0.5592579,0.6815352,-0.52815276,0.97184724,0.44,0.50666666,1
0.39176872,0.5831922,-0.5002205,0.9997795,0.44,0.33,1
0.5384514,0.44181088,0.5206565,0.9793435,0.42666668,0.45666668,0
0.6553515,0.9616742,0.50045544,-0.99954456,0.43666667,0.57,0
0.2605982,0.26386967,-0.52472216,0.97527784,0.43666667,0.20666666,1
0.35423738,0.44070664,-0.7096902,-0.7903098,0.29666665,0.43,1
0.55692106,0.28722852,-0.5316995,-0.9683005,0.50666666,0.43666667,1
0.4086125,0.72799295,0.51794654,-0.98205346,0.32666665,0.40666667,0
0.38611227,0.84815586,0.515859,0.984141,0.44,0.31,1
0.73993665,0.5154878,-0.51314753,-0.98685247,0.6766667,0.42666668,1
0.8013724,0.772125,0.5009595,0.9990405,0.42666668,0.7266667,0
0.5543921,0.20641722,-0.50051993,0.99948007,0.43,0.49666667,0
0.5195935,0.6732688,0.51735455,-0.98264545,0.43666667,0.43666667,0
0.33290496,0.240333,-0.511881,0.988119,0.42666668,0.27666667,0
0.30938378,0.15095556,-0.50600386,-0.99399614,0.25666666,0.44,1
0.44255954,0.15735593,-0.52343625,-0.97656375,0.37666667,0.43,1
0.2155909,0.34461537,0.53790253,0.96209747,0.34666666,0.15,0
0.96895283,0.16831338,-0.50934196,-0.99065804,0.85,0.42666668,0
0.55727315,0.5897245,0.5000376,0.9999624,0.43666667,0.49,1
0.08164491,0.9363807,0.64768004,-0.85231996,0.39,0.05666667,1
0.37537077,0.25798014,0.5003896,-0.9996104,0.31,0.44,1
0.2651199,0.16036962,-0.50025403,0.99974597,0.41666666,0.31,0
0.65586084,0.5990989,0.5293062,0.9706938,0.42666668,0.57666665,0
0.19369407,0.9732093,-0.510453,-0.989547,0.43,0.13666667,1
0.9770906,0.12451194,-0.52238494,0.97761506,0.7266667,0.5366667,1
0.13600257,0.5477357,-0.50593334,-0.99406666,0.07,0.43666667,1
0.44868284,0.635054,0.50022686,-0.99977314,0.36666667,0.43666667,0
0.26217023,0.59744376,0.50289893,0.99710107,0.43,0.18,0
0.22111748,0.8706797,-0.5261287,0.9738713,0.43,0.16666667,0
0.2192516,0.23530942,0.50260365,0.99739635,0.22666667,0.23,0
0.2788219,0.19654334,-0.5092693,0.9907307,0.42666668,0.25666666,0
0.91108525,0.056930855,0.6409517,-0.8590483,0.84,0.42666668,0
0.9330254,0.71290934,-0.50001127,0.99998873,0.43,0.85,0
0.82205147,0.04959537,0.8820679,-0.6179321,0.63666666,0.44,0
0.8363202,0.30895156,-0.5187125,0.9812875,0.5566667,0.7266667,1
0.8129207,0.15649319,0.8603312,-0.6396688,0.64666665,0.42666668,0
0.21830295,0.13214104,0.5166259,-0.9833741,0.14666666,0.43666667,0
0.16828409,0.12750942,0.50034946,0.99965054,0.13666667,0.34,0
0.1670309,0.52779716,0.50001496,-0.99998504,0.1,0.43666667,0
0.6366651,0.73938006,-0.5206211,0.9793789,0.44,0.57666665,1
0.5869488,0.30623546,-0.5008426,0.9991574,0.43,0.53,0
0.5377527,0.6437943,0.527028,-0.972972,0.45666668,0.43666667,0
0.74318516,0.37337232,0.592285,-0.907715,0.67,0.42666668,0
0.28817245,0.49986503,0.5074717,0.9925283,0.42666668,0.22,0
0.7977739,0.8538261,-0.50684124,-0.99315876,0.56,0.7,0
0.60573936,0.50249904,0.7345716,0.7654284,0.43666667,0.52,1
0.22858305,0.9649791,0.50022686,-0.99977314,0.41666666,0.16666667,1
0.5017067,0.8237795,0.5294851,0.9705149,0.43,0.42,0
0.49481428,0.67937565,-0.5002848,-0.9997152,0.42666668,0.43,0
0.17184287,0.1152903,-0.5001841,-0.9998159,0.12,0.44,1
0.14563078,0.5273011,0.50197065,-0.99802935,0.07,0.44,0
0.063119285,0.3017082,-0.5112604,-0.9887396,0.016666668,0.43,1
0.4852916,0.58520377,-0.5001841,-0.9998159,0.43,0.43,1
0.53658783,0.8868892,0.5088335,-0.9911665,0.46,0.43,0
0.96456826,0.94284457,0.6629521,0.8370479,0.43666667,0.85,1
0.49300066,0.5960133,0.50274754,-0.99725246,0.41666666,0.42666668,0
0.6637535,0.45523652,0.50781536,-0.99218464,0.6,0.43666667,1
0.27194825,0.7699366,0.68871564,-0.81128436,0.19,0.26666668,0
0.5931763,0.77015543,0.57368,0.92632,0.43666667,0.51,1
0.35575834,0.46405527,-0.5261188,0.9738812,0.43,0.29,0
0.5809587,0.53662026,-0.6302224,-0.8697776,0.51666665,0.43,1
0.13706821,0.444831,-0.518614,-0.981386,0.07666667,0.43666667,1
0.059917435,0.21430196,0.5095113,0.9904887,0.24,0.25,0
0.261447,0.08792541,0.5004145,0.9995855,0.21666667,0.36666667,0
0.6710363,0.4378486,0.5014426,0.9985574,0.43666667,0.5966667,1
0.040508974,0.96794033,-0.65209,0.84791,0.44,0.016666668,1
0.8440152,0.8878052,-0.5000479,0.9999521,0.43,0.79,0
0.56406504,0.6639596,-0.51277304,-0.98722696,0.50333333,0.43,1
0.1470303,0.93779105,-0.50001496,-0.99998504,0.39,0.14666666,1
0.77361774,0.37233827,0.5010881,0.9989119,0.44,0.70666665,1
0.17441899,0.09253046,-0.5135666,0.9864334,0.23666666,0.37,0
0.08834213,0.93430924,-0.5003032,-0.9996968,0.39,0.09,1
0.14116788,0.11683568,-0.64765453,-0.85234547,0.086666666,0.43,1
0.5420858,0.33547342,0.5004127,0.9995873,0.43666667,0.47666666,1
0.21038751,0.47068864,-0.5025423,0.9974577,0.44,0.14666666,1
0.81865877,0.4308405,0.5206191,-0.9793809,0.74,0.42666668,0
0.71146554,0.2978603,0.6666164,-0.8333836,0.64,0.42666668,0
0.7716422,0.09362577,-0.5067228,0.9932772,0.69,0.5,1
0.07043978,0.12390191,-0.5080923,0.9919077,0.18,0.33,0
0.40526214,0.46522585,-0.5001841,-0.9998159,0.35,0.43,1
0.51457036,0.78673494,0.5215902,0.9784098,0.43666667,0.44,1
0.72967505,0.35082898,0.5211383,0.9788617,0.43,0.64666665,0
0.25031328,0.4186433,0.51556325,-0.98443675,0.17,0.42666668,0
0.5026009,0.30216062,-0.5297975,0.9702025,0.43,0.45,0
0.7406746,0.78573763,0.52985626,0.97014374,0.42666668,0.6666667,0
0.24221145,0.5445867,0.51731277,-0.98268723,0.17,0.43,0
0.326659,0.100843996,0.53122944,0.96877056,0.26666668,0.35666665,0
0.96228015,0.6695839,0.500159,0.999841,0.43,0.85,0
0.7473886,0.782024,0.5179022,-0.9820978,0.63,0.43,0
0.080489516,0.36036295,-0.5249158,0.9750842,0.42666668,0.09,0
0.3923136,0.15102783,0.8171431,-0.6828569,0.29666665,0.44,0
0.07330815,0.90703756,0.52231157,0.97768843,0.43,0.016666668,0
0.046094324,0.37798455,0.5166259,-0.9833741,0.016666668,0.42666668,1
0.739247,0.5481839,0.5047706,-0.9952294,0.66,0.42666668,0
0.071057834,0.9465558,0.93278646,-0.56721354,0.39,0.05666667,1
0.93802047,0.18978328,-0.5253711,-0.9746289,0.85,0.44,0
0.4220018,0.15965542,0.5167617,0.9832383,0.38666666,0.34666666,0
0.8044175,0.06672196,0.51224136,0.98775864,0.66,0.47666666,1
0.25388485,0.10912725,0.50325346,-0.99674654,0.18666667,0.43666667,0
0.9169644,0.8749254,0.67506063,0.82493937,0.42666668,0.85,0
0.1422149,0.50906396,-0.5001218,0.9998782,0.43666667,0.07666667,1
0.7061408,0.4722465,-0.5268506,-0.9731494,0.63666666,0.42666668,0
0.49958262,0.46724698,-0.5107489,-0.9892511,0.44,0.44,1
0.6052003,0.41377258,-0.5376543,-0.9623457,0.5466667,0.43,1
0.27984783,0.38747704,0.5000026,-0.9999974,0.2,0.43666667,0
0.7846015,0.4218493,-0.50018305,-0.99981695,0.7266667,0.42666668,1
0.56934875,0.48313102,-0.53767246,-0.96232754,0.51666665,0.44,1
0.8212641,0.6224326,-0.50990593,-0.99009407,0.76666665,0.47,1
0.5603073,0.8471117,-0.5206211,0.9793789,0.43,0.50666666,0
0.3494921,0.2850057,0.5285682,-0.9714318,0.28,0.42666668,0
0.39206243,0.8381846,0.5168719,-0.9831281,0.32666665,0.35666665,1
0.4462364,0.7612752,0.88104844,0.61895156,0.44,0.31666666,1
0.5922384,0.4399911,-0.50011927,0.99988073,0.43,0.53,0
0.9514474,0.072846726,0.6666164,-0.8333836,0.85,0.43666667,0
0.52875626,0.8258366,-0.8549946,0.6450054,0.43666667,0.51,1
0.80963045,0.54269797,0.52506405,-0.97493595,0.7366667,0.44,0
0.18547267,0.662639,0.5249158,0.9750842,0.43666667,0.11666667,1
0.9622213,0.118270375,0.5273846,0.9726154,0.7266667,0.52666664,1
0.6903346,0.40754265,0.50109154,0.99890846,0.42666668,0.6166667,0
0.7172708,0.2715629,0.5026198,-0.9973802,0.63666666,0.43666667,0
0.4143718,0.24675107,0.50090665,-0.99909335,0.34,0.44,0
0.57471204,0.9293404,-0.5002479,0.9997521,0.44,0.50666666,1
0.6876539,0.65167755,-0.51595175,0.98404825,0.42666668,0.63666666,0
0.66240853,0.4061991,-0.6126458,0.8873542,0.44,0.6066667,1
0.06894729,0.726397,-0.5001157,-0.9998843,0.19,0.42,1
0.22855556,0.73379993,-0.52674025,0.97325975,0.44,0.16,1
0.652552,0.57,0.58904594,0.5,0.43333334,0.5733333,1
0.7757447,0.9575858,-0.50066376,-0.99933624,0.45,0.7,0
0.8009257,0.31717965,-0.52567303,-0.97432697,0.75,0.43,1
0.7404314,0.40350986,-0.5452553,0.9547447,0.46,0.68666667,1
0.34341058,0.46041793,-0.50081944,-0.99918056,0.28333333,0.43,1
0.92905587,0.86903566,0.50010324,-0.99989676,0.5366667,0.69666666,0
0.6438802,0.10812013,-0.5297975,0.9702025,0.57,0.51,1
0.8281196,0.6592733,0.50438976,-0.99561024,0.75,0.44,0
0.5039358,0.50972754,0.5000376,0.9999624,0.43666667,0.43,1
0.67650175,0.74909663,-0.503665,-0.996335,0.61,0.54,1
0.18575583,0.43103775,-0.50316155,-0.99683845,0.12,0.42666668,1
0.2610446,0.6016247,-0.5229062,0.9770938,0.43,0.21,0
0.49090335,0.25797924,0.5167617,0.9832383,0.42666668,0.42666668,0
0.754944,0.07202815,0.50256306,0.99743694,0.6,0.47666666,1
0.86658853,0.16768011,-0.6427055,0.8572945,0.69,0.5966667,1
0.16030686,0.81833273,-0.5177715,-0.9822285,0.27,0.37666667,1
0.1922542,0.9115148,0.50078493,0.99921507,0.44,0.11666667,1
0.36052805,0.11275826,0.5009595,0.9990405,0.32666665,0.34666666,0
0.86540216,0.93013847,0.5030861,-0.9969139,0.47666666,0.7266667,0
0.34431195,0.8025155,0.5178179,0.9821821,0.43666667,0.27,1
0.3070401,0.5400342,-0.5007274,-0.9992726,0.25,0.44,1
0.87090105,0.2598872,-0.5187125,0.9812875,0.6066667,0.6766667,1
0.5167451,0.5653959,-0.51169413,-0.98830587,0.46,0.43,1
0.5486842,0.42140725,-0.5067228,0.9932772,0.44,0.49,1
0.75548226,0.6307064,-0.5298061,0.9701939,0.42666668,0.68666667,0
0.9059946,0.2704193,-0.51623225,0.98376775,0.5566667,0.6766667,1
0.25024566,0.92843395,-0.5000068,-0.9999932,0.39,0.26666668,1
0.8216141,0.8132653,-0.52632076,0.97367924,0.43,0.76,0
0.15892051,0.48504108,0.50058746,0.99941254,0.43666667,0.08,1
0.10157083,0.26409578,-0.5143691,-0.9856309,0.04,0.44,1
0.16878639,0.16884086,0.5111737,0.9888263,0.15666667,0.29,0
0.7744922,0.27372766,0.50013924,0.99986076,0.43,0.69,0
0.77107674,0.91504264,-0.5216137,-0.9783863,0.49,0.7,0
0.6286725,0.62476635,0.6629521,0.8370479,0.43666667,0.56,1
0.62677664,0.399297,-0.50087637,0.99912363,0.44,0.57666665,1
0.14092007,0.3214358,0.50415766,0.99584234,0.34,0.14,0
0.8050188,0.09022178,-0.512714,0.987286,0.73,0.5,1
0.5831534,0.30129787,0.50856197,-0.99143803,0.5,0.42666668,0
0.06312614,0.8781664,0.5041726,0.9958274,0.44,0.016666668,1
0.3486375,0.78502,0.50022686,-0.99977314,0.27666667,0.34666666,0
0.51349187,0.4161428,-0.5008426,0.9991574,0.44,0.46,1
0.22842702,0.52443355,0.5003032,-0.9996968,0.16,0.44,0
0.16387142,0.8269943,-0.5000334,-0.9999666,0.29,0.34666666,1
0.48905286,0.750571,0.5246903,-0.9753097,0.41666666,0.43666667,0
0.72380954,0.5600792,-0.5000264,0.9999736,0.44,0.6566667,1
0.9715383,0.26122385,0.7459828,-0.7540172,0.85,0.43666667,0
0.27849272,0.96535426,-0.5001835,0.9998165,0.44,0.22,1
0.33039805,0.27999568,0.5000173,0.9999827,0.34666666,0.26333332,0
0.23872347,0.51255167,0.5001989,-0.9998011,0.17,0.44,0
0.9160516,0.7667783,-0.5008115,-0.9991885,0.63666666,0.6166667,0
0.3548383,0.5793695,0.50021785,-0.99978215,0.28,0.41666666,0
0.12834959,0.86489373,0.52316904,0.97683096,0.42666668,0.05666667,0
0.9306123,0.17190786,-0.53195244,0.96804756,0.69,0.58666664,1
0.5753772,0.6321766,-0.723488,-0.776512,0.52666664,0.43,1
0.123811595,0.31589234,0.51050186,0.98949814,0.35,0.14,0
0.12327793,0.35210738,0.51044905,0.98955095,0.41666666,0.11,0
0.5457568,0.6003011,0.592285,-0.907715,0.48,0.43666667,1
0.5856062,0.92568785,0.50326645,-0.99673355,0.47666666,0.43,0
0.267171,0.7460966,-0.50003225,0.99996775,0.44,0.2,1
0.503721,0.61484873,-0.5007517,-0.9992483,0.44,0.44,1
0.12571979,0.66087824,0.521164,-0.978836,0.12,0.40666667,1
0.03540796,0.8407196,0.50586665,-0.99413335,0.3,0.16666667,1
0.39787352,0.45330784,-0.5065146,-0.9934854,0.34,0.43,1
0.45350608,0.068207555,0.50197065,-0.99802935,0.39,0.44,1
0.021175327,0.25310445,0.50016946,0.99983054,0.33666667,0.2,0
0.27986193,0.38978282,-0.50705683,-0.99294317,0.22,0.43,1
0.30972824,0.62535524,-0.5170552,-0.9829448,0.24,0.42666668,0
0.6762855,0.33172047,-0.5012191,-0.9987809,0.6166667,0.42666668,1
0.43948027,0.4927811,-0.5083545,0.9916455,0.43,0.38,0
0.51056445,0.60700405,-0.5000399,0.9999601,0.43,0.44666666,0
0.5543538,0.9105105,0.50191456,0.99808544,0.42666668,0.48,0
0.9517525,0.3379832,0.5198499,0.9801501,0.43,0.75666666,0
0.5294533,0.30059445,0.5000379,-0.9999621,0.46,0.42666668,0
0.37904453,0.7655462,0.50274754,-0.99725246,0.30666667,0.37666667,0
0.33718786,0.10067944,-0.5143249,0.9856751,0.41666666,0.34666666,0
0.71189576,0.6783458,-0.5018338,-0.9981662,0.6566667,0.55,1
0.28716758,0.82185906,0.627366,0.872634,0.43,0.21666667,0
0.49015927,0.7684309,0.5138262,0.9861738,0.42666668,0.42,0
0.4993202,0.17959888,-0.5271501,-0.9728499,0.44666666,0.43666667,1
0.49702832,0.5543351,-0.50001544,-0.99998456,0.44,0.43,1
0.8240517,0.7440148,0.8275142,0.6724858,0.43,0.6766667,0
0.4542995,0.40715396,-0.5004585,-0.9995415,0.39,0.44,1
0.043620255,0.7691731,-0.52699023,-0.97300977,0.23,0.35,1
0.83167666,0.15617378,-0.507227,-0.992773,0.77,0.44,1
0.6028983,0.47866452,0.53122944,0.96877056,0.43666667,0.52666664,1
0.31086054,0.365,-0.47978777,-0.5,0.24333334,0.42333335,0
0.75891495,0.23505668,-0.5006671,0.9993329,0.62,0.63666666,1
0.21563406,0.34703392,0.53899324,0.96100676,0.34666666,0.15,0
0.049762867,0.18219505,-0.5081324,0.9918676,0.26,0.28,0
0.53360295,0.4308143,0.50309443,0.99690557,0.43666667,0.46666667,1
0.86628795,0.069197275,0.5251353,0.9748647,0.71666664,0.46666667,1
0.46425018,0.26137495,0.51894695,-0.98105305,0.39,0.44,0
0.2118576,0.17527926,-0.5001841,-0.9998159,0.16,0.44,1
0.34324712,0.20995548,0.50000083,0.99999917,0.33666667,0.26666668,0
0.9569682,0.8111353,0.5012191,-0.9987809,0.5966667,0.62666667,0
0.5600512,0.1262753,-0.5024313,-0.9975687,0.49666667,0.44,1
0.9492684,0.36128485,0.50256306,0.99743694,0.43,0.76666665,0
0.577584,0.5531995,0.5092529,-0.9907471,0.50666666,0.43666667,0
0.4299317,0.09890676,0.50000054,-0.99999946,0.35,0.44,0
0.023730924,0.6893012,0.5000193,0.9999807,0.43666667,0.016666668,1
0.19664897,0.8772824,-0.5136611,0.9863389,0.43,0.13,0
0.51004136,0.46094033,0.5000002,0.9999998,0.42666668,0.43666667,0
0.8631702,0.13588853,-0.5285672,-0.9714328,0.8,0.44,1
0.032453313,0.47792348,-0.50325346,-0.99674654,0.016666668,0.42666668,1
0.88760746,0.86525375,0.5007005,-0.9992995,0.5366667,0.64,0
0.5719695,0.4747982,0.52169174,-0.97830826,0.5,0.42666668,0
0.7132901,0.6353653,0.50078905,0.99921095,0.42666668,0.63666666,0
0.08480607,0.68325734,0.50260484,-0.99739516,0.14,0.38666666,1
0.9412053,0.52369285,0.50013924,0.99986076,0.44,0.85,1
0.10523229,0.67544115,0.5005326,0.9994674,0.42666668,0.026666667,0
0.5910435,0.029956602,-0.50355726,0.99644274,0.53,0.43,1
0.18912801,0.6084939,0.5024032,-0.9975968,0.11,0.41,0
0.7226321,0.60361475,-0.563028,-0.936972,0.6666667,0.46,1
0.32736498,0.33779165,-0.50053424,-0.99946576,0.26,0.43,0
0.24123414,0.66113555,-0.5297975,0.9702025,0.44,0.18,1
0.7679565,0.49623653,0.5001593,0.9998407,0.43666667,0.7033333,1
0.915678,0.47995237,0.507139,0.992861,0.43,0.85,0
0.63799673,0.20020267,-0.50591415,0.99408585,0.52,0.57,1
0.72231734,0.9014521,0.512672,0.987328,0.42666668,0.64,0
0.84218824,0.68180174,0.50045544,-0.99954456,0.71666664,0.43,0
0.3000699,0.5950279,-0.50248986,0.99751014,0.43,0.25,0
0.29392272,0.63106424,0.5010355,0.9989645,0.44,0.22,1
0.35600838,0.63100606,-0.50130165,-0.99869835,0.3,0.44,1
0.44022414,0.80255246,0.5012123,-0.9987877,0.37666667,0.42666668,1
0.5490765,0.72924584,-0.5007994,-0.9992006,0.49,0.44,1
0.768128,0.46594197,-0.50360334,0.99639666,0.43666667,0.71666664,1
0.926047,0.055047423,-0.81279236,0.68720764,0.81,0.46666667,1
0.34509626,0.6545788,-0.6309209,0.8690791,0.43,0.29666665,0
0.7343384,0.40598992,-0.9209126,-0.5790874,0.71,0.43666667,1
0.04353448,0.319503,-0.50000465,0.99999535,0.44,0.14,1
0.87300336,0.26800248,-0.7985971,-0.7014029,0.81,0.42666668,1
0.238104,0.6992557,0.60368,-0.89632,0.16,0.32666665,0
0.4218533,0.52706933,-0.5002034,0.9997966,0.43,0.36,0
0.89834106,0.079788975,0.51217175,-0.98782825,0.82666665,0.42666668,0
0.4985285,0.14548358,0.5003403,-0.9996597,0.43,0.43,0
0.7488742,0.10846998,-0.51440454,-0.98559546,0.69,0.44,1
0.27778783,0.94538885,0.52613693,0.97386307,0.42666668,0.20666666,0
0.3594494,0.19140749,0.5293062,0.9706938,0.32666665,0.27666667,0
0.05774167,0.1217314,0.57368,0.92632,0.11666667,0.33,0
0.965845,0.17970069,0.700556,-0.799444,0.85,0.42666668,0
0.38856003,0.37693018,-0.5216137,-0.9783863,0.32,0.43,0
0.583705,0.22755563,-0.5000159,0.9999841,0.45,0.52,1
0.23083931,0.09984232,-0.525615,-0.974385,0.16666667,0.43,1
0.19197209,0.2607002,-0.50705683,-0.99294317,0.13,0.44,1
0.21220556,0.038194988,-0.5298269,-0.9701731,0.15666667,0.44,1
0.8488643,0.035190094,0.50022686,-0.99977314,0.76666665,0.43666667,0
0.7233675,0.24853137,0.52632076,0.97367924,0.43,0.65,0
0.69383526,0.22796653,-0.52661175,0.97338825,0.58,0.63666666,1
0.17018412,0.5305361,-0.5025423,0.9974577,0.44,0.10666667,1
0.06915928,0.77635515,0.50073224,-0.99926776,0.23,0.24,1
0.53706074,0.7501803,-0.50081944,-0.99918056,0.47333333,0.44,1
0.63486695,0.3144853,-0.5003072,0.9996928,0.47,0.57,1
0.30828926,0.72387004,0.5003798,-0.9996202,0.23,0.32666665,0
0.46169654,0.057830475,-0.51382107,0.98617893,0.43666667,0.40666667,1
0.26114458,0.690198,-0.50240546,-0.99759454,0.19666667,0.42666668,1
0.649248,0.35619715,0.6666164,-0.8333836,0.57,0.43666667,0
0.1632099,0.105232075,-0.5007517,-0.9992483,0.11,0.43,1
0.52353054,0.08324736,0.52488583,0.97511417,0.44,0.44,1
0.4754505,0.07939774,-0.519708,0.980292,0.42666668,0.41666666,0
0.52802885,0.20407839,0.8820679,-0.6179321,0.38666666,0.43,0
0.9464385,0.6004312,0.52672684,0.97327316,0.44,0.85,1
0.7035368,0.2266703,0.5011699,0.9988301,0.44,0.63,1
0.47638938,0.4407494,-0.5153504,0.9846496,0.43,0.42,0
0.7292127,0.088887945,0.5049709,-0.9950291,0.64666665,0.42666668,0
0.7990112,0.41502017,0.5004529,-0.9995471,0.7266667,0.43666667,0
0.46076733,0.7156297,0.5115045,-0.9884955,0.38666666,0.42666668,0
0.21425338,0.041761532,0.50240546,-0.99759454,0.14666666,0.43666667,0
0.39552176,0.56946886,0.63427335,-0.86572665,0.33,0.42666668,1
0.47696242,0.660254,-0.50081944,-0.99918056,0.42333335,0.43,1
0.3143024,0.18736841,0.5393803,0.9606197,0.27666667,0.27,0
0.24688374,0.65662503,-0.52165866,-0.97834134,0.19666667,0.43666667,1
0.58368236,0.1834385,-0.51769716,0.98230284,0.48,0.52,1
0.15220377,0.7480513,0.5007059,0.9992941,0.43666667,0.07666667,1
0.1262035,0.24547894,0.53151906,0.96848094,0.25666666,0.21,0
0.9797612,0.04996792,-0.64768004,-0.85231996,0.85,0.43666667,0
0.14283739,0.5499379,-0.519708,0.980292,0.42666668,0.07666667,0
0.5532572,0.7847889,-0.50360334,0.99639666,0.43666667,0.49666667,1
0.36584577,0.0931652,0.5034344,0.9965656,0.31666666,0.36666667,0
0.2617685,0.21410404,0.5003203,0.9996797,0.25666666,0.23666666,0
0.6734961,0.33039734,-0.5008909,0.9991091,0.51,0.6066667,1
0.5276543,0.21307059,-0.5265712,-0.9734288,0.46666667,0.43666667,1
0.54264015,0.9613343,-0.6306644,0.8693356,0.42666668,0.49,0
0.27873275,0.9544723,0.5141336,0.9858664,0.42666668,0.19666667,0
0.7328238,0.06517937,-0.7459828,-0.7540172,0.67,0.43666667,1
0.49863315,0.48074204,0.5040408,-0.9959592,0.42666668,0.42666668,0
0.5357863,0.5833609,0.5118571,0.9881429,0.43666667,0.46666667,1
0.13220811,0.14339907,0.5014085,-0.9985915,0.06666667,0.42666668,1
0.64074945,0.3022071,0.515356,0.984644,0.43,0.57,0
0.68081194,0.5852293,0.53122944,0.96877056,0.42666668,0.6166667,0
0.36741546,0.13077274,0.5177715,-0.9822285,0.28666666,0.43666667,0
0.55327964,0.61989266,0.5289614,-0.9710386,0.47666666,0.43666667,0
0.72436965,0.45526972,0.7477914,-0.7522086,0.64,0.42666668,0
0.2409816,0.72612923,-0.5289393,-0.9710607,0.17666666,0.43666667,1
0.18339984,0.57478607,-0.5008056,0.9991944,0.43666667,0.12,1
0.66001946,0.7729401,-0.51169413,-0.98830587,0.61,0.54,1
0.31796828,0.17151177,-0.5177943,-0.9822057,0.25666666,0.43,1
0.7104262,0.45539075,0.82344234,0.67655766,0.43666667,0.6,1
0.9678794,0.60368174,-0.50013924,0.99986076,0.44,0.85,1
0.9069467,0.9198186,0.50492764,-0.99507236,0.48666668,0.75,0
0.3204513,0.052815825,0.5009595,0.9990405,0.26666668,0.40666667,0
0.8131543,0.77593267,0.6791726,0.8208274,0.42666668,0.74,0
0.82984996,0.54069203,-0.526831,-0.973169,0.76666665,0.43666667,1
0.06556497,0.27432337,0.515519,0.984481,0.35,0.18,0
0.17857888,0.41935307,0.5173958,-0.9826042,0.10666667,0.43333334,0
0.12482205,0.3096142,0.5002999,-0.9997001,0.05666667,0.43666667,0
0.5515116,0.96981144,0.5247919,-0.9752081,0.44,0.47,0
0.43886852,0.66996366,-0.50011927,0.99988073,0.44,0.38,1
0.9093806,0.30870244,0.50281036,0.99718964,0.43,0.70666665,0
0.4065285,0.4803475,-0.52320176,-0.97679824,0.34,0.44,1
0.89194924,0.7987109,-0.5376543,-0.9623457,0.6066667,0.67,0
0.17976245,0.52138174,0.5014046,0.9985954,0.43,0.11,0
0.2886017,0.7149596,-0.5195257,0.9804743,0.44,0.23,1
0.9424163,0.6255526,0.51954985,0.98045015,0.43,0.85,0
0.3097572,0.96807355,0.5143249,0.9856751,0.43666667,0.22666667,1
0.76172477,0.56922954,0.50601625,0.99398375,0.42666668,0.68666667,0
0.38222888,0.47683147,-0.5014379,0.9985621,0.43,0.31666666,0
0.5890262,0.022077672,-0.5006263,0.9993737,0.52,0.43,1
0.31528,0.8106011,0.50252825,-0.99747175,0.27666667,0.29666665,1
0.8316879,0.12716982,-0.5002674,-0.9997326,0.77,0.44,1
0.26359907,0.22138214,-0.50339705,0.99660295,0.43666667,0.22666667,1
0.22549832,0.16338542,0.5001441,-0.9998559,0.14666666,0.43666667,0
0.105889715,0.12,-0.43171299,-0.5,0.053333335,0.43333334,1
0.24453825,0.700138,-0.50352585,0.99647415,0.44,0.19,1
0.06967566,0.8197988,0.5025423,0.9974577,0.43,0.016666668,0
0.060545795,0.94603246,-0.50051993,0.99948007,0.43,0.016666668,0
0.6675679,0.81825674,-0.5198499,0.9801501,0.44,0.6,1
0.61050296,0.31550342,-0.50990593,-0.99009407,0.5566667,0.44,1
0.2148518,0.08093421,-0.5292979,0.9707021,0.26666668,0.38,0
0.5236012,0.71470475,-0.50636905,-0.99363095,0.47,0.44,1
0.5023183,0.648467,0.80257875,-0.69742125,0.42,0.43666667,0
0.674284,0.85241073,-0.512229,-0.987771,0.56,0.58,0
0.7157966,0.51084197,-0.5000791,0.9999209,0.43,0.6566667,0
0.18563497,0.4484252,-0.5170552,-0.9829448,0.12,0.42666668,1
0.4753024,0.56065065,-0.5141153,0.9858847,0.43,0.41666666,0
0.4161187,0.907419,-0.51603305,0.98396695,0.42666668,0.35666665,0
0.47353172,0.57504654,0.5928132,0.9071868,0.42666668,0.39,0
0.48358238,0.6784358,-0.50000733,0.99999267,0.44,0.41666666,1
0.5230373,0.46507117,-0.5298269,-0.9701731,0.45666668,0.44,1
0.9292306,0.7026578,-0.5242952,-0.9757048,0.71666664,0.47,0
0.21188836,0.86386603,-0.52353114,0.97646886,0.44,0.15,1
0.42592415,0.512614,-0.5083545,0.9916455,0.43,0.36,0
0.097067095,0.57930326,-0.5000193,0.9999807,0.42666668,0.046666667,0
0.8214397,0.23,0.49978203,-0.5,0.75333333,0.43333334,0
0.19138826,0.55610293,-0.5002841,0.9997159,0.42666668,0.13,0
0.2530434,0.09231749,0.5075303,-0.9924697,0.18666667,0.42666668,1
0.71352214,0.15793136,-0.50380784,0.99619216,0.61,0.56,1
0.91260326,0.38932335,-0.5113399,-0.9886601,0.85,0.44,1
0.48704046,0.04780433,0.50001496,-0.99998504,0.42,0.43666667,0
0.98143524,0.10145554,-0.5116801,0.9883199,0.77,0.50666666,1
0.81177473,0.08810033,-0.5198999,0.9801001,0.74,0.49666667,1
0.16152698,0.030059773,-0.5257861,0.9742139,0.11,0.44,0
0.84846944,0.27546063,-0.50031126,-0.99968874,0.79,0.43,1
0.29318124,0.3674771,0.5000026,-0.9999974,0.22,0.43666667,0
0.15723316,0.90979594,0.9209126,-0.5790874,0.32,0.12666667,1
0.9708781,0.89724416,-0.50601625,0.99398375,0.43666667,0.85,1
0.25536206,0.6417315,-0.5297975,0.9702025,0.44,0.2,1
0.06854479,0.44832903,-0.50593334,-0.99406666,0.016666668,0.43666667,1
0.4690904,0.62573355,0.5005323,-0.9994677,0.39,0.43666667,0
0.43247354,0.35353804,0.5000911,0.9999089,0.43666667,0.35666665,1
0.5985995,0.055512026,0.5004131,0.9995869,0.48,0.46,1
0.770214,0.33239558,0.5033819,0.9966181,0.44,0.7,1
0.6255606,0.2440151,-0.5007309,-0.9992691,0.56666666,0.42666668,1
0.6326967,0.8144406,0.52330256,-0.97669744,0.56,0.44,0
0.9360693,0.86765784,-0.50790006,0.99209994,0.43666667,0.85,1
0.09076891,0.19705491,0.53151906,0.96848094,0.20666666,0.26,0
0.3540601,0.37777027,-0.50053424,-0.99946576,0.3,0.43,1
0.5969947,0.6324294,0.83571905,-0.66428095,0.49,0.42666668,0
0.20774104,0.034179606,-0.5001303,0.9998697,0.15666667,0.43,0
0.9318734,0.88725173,0.5167617,0.9832383,0.42666668,0.85,0
0.91603756,0.44623208,0.5022356,-0.9977644,0.85,0.44,1
0.32082105,0.14653714,-0.5004543,-0.9995457,0.26666668,0.44,1
0.21721913,0.9737354,0.52169174,-0.97830826,0.43,0.13666667,1
0.6392633,0.44542286,0.68871564,-0.81128436,0.57,0.42666668,0
0.65147144,0.1916565,0.52672684,0.97327316,0.44,0.57666665,1
0.17944859,0.368657,0.52082604,0.97917396,0.4,0.11,0
0.21554512,0.08669689,0.50052947,0.99947053,0.16666667,0.38,0
0.7008488,0.48475417,-0.522971,0.977029,0.44,0.64666665,1
0.85180026,0.8659642,0.5003444,-0.9996556,0.5366667,0.6,0
0.3657659,0.38930765,-0.5030264,-0.9969736,0.3,0.43,1
0.13261464,0.5354516,-0.5151745,-0.9848255,0.06666667,0.43666667,1
0.9038631,0.62792647,-0.5014654,-0.9985346,0.77666664,0.43666667,0
0.70620406,0.23020265,0.5057325,-0.9942675,0.63666666,0.43666667,0
0.4039039,0.08146339,0.79849994,-0.70150006,0.31666666,0.44,0
0.79376733,0.10020926,0.51160145,-0.98839855,0.7133333,0.43666667,0
0.49825028,0.661583,0.5004153,-0.9995847,0.42666668,0.43666667,0
0.9528949,0.9691811,0.64765453,-0.85234547,0.42666668,0.85,0
0.32742858,0.6881301,-0.65209,0.84791,0.43,0.27666667,0
0.95875084,0.6917042,-0.5001917,-0.9998083,0.72,0.46666667,0
0.5914651,0.38584676,0.61351997,-0.88648003,0.51,0.43666667,0
0.7301541,0.34534085,-0.51575714,-0.98424286,0.6766667,0.42666668,1
0.52540636,0.8996963,0.51050186,0.98949814,0.44,0.45,1
0.81337947,0.08342307,0.5045361,0.9954639,0.64,0.48666668,1
0.5751221,0.53123105,-0.5004831,-0.9995169,0.51,0.44,1
0.14308278,0.16066375,-0.50081944,-0.99918056,0.083333336,0.43,1
0.2738781,0.49712554,-0.50063753,-0.99936247,0.22,0.43,1
0.8100901,0.74446696,0.50231403,0.99768597,0.43666667,0.7366667,1
0.97406614,0.75080603,0.51109695,0.98890305,0.43,0.85,0
0.28104982,0.6057342,-0.8820679,-0.6179321,0.29666665,0.44,1
0.18106742,0.0741744,-0.5001303,0.9998697,0.19666667,0.39,0
0.16790429,0.49451396,0.5004821,-0.9995179,0.09,0.43,0
0.65406185,0.94555086,0.5007817,-0.9992183,0.46666667,0.54,0
0.15508258,0.6171894,-0.5144287,-0.9855713,0.096666664,0.42666668,1
0.3806805,0.17116468,-0.511881,0.988119,0.43666667,0.32666665,1
0.6342655,0.2819233,-0.50010556,0.99989444,0.48,0.57,1
0.88463813,0.57182187,-0.50018305,-0.99981695,0.81666666,0.43666667,0
0.77961123,0.18195635,0.61351997,-0.88648003,0.7,0.42666668,0
0.3353123,0.42490047,-0.7096902,-0.7903098,0.27666667,0.43,1
0.13622648,0.74144524,0.5092693,0.9907307,0.43666667,0.06666667,1
0.16506909,0.73022485,0.50025403,0.99974597,0.42666668,0.096666664,0
0.6502331,0.5767654,-0.50000626,-0.99999374,0.5966667,0.45,1
0.3502719,0.30875492,-0.50309026,0.99690974,0.43666667,0.29,1
0.040086158,0.36099178,-0.50240546,-0.99759454,0.016666668,0.43666667,1
0.17317306,0.23031554,0.5928132,0.9071868,0.24666667,0.21,0
0.69543105,0.6692251,0.6791726,0.8208274,0.43666667,0.61,1
0.64662457,0.38935795,0.50091505,0.99908495,0.43666667,0.56666666,1
0.26052448,0.44533643,-0.50062895,-0.99937105,0.21,0.44,1
0.9319714,0.414632,0.52632564,-0.97367436,0.85,0.44,0
0.3103974,0.24999619,0.5000173,0.9999827,0.31666666,0.23333333,0
0.6679511,0.41436765,0.52567285,-0.97432715,0.58666664,0.43666667,0
0.9387081,0.34684727,0.5049162,0.9950838,0.43,0.74666667,0
0.49499157,0.34156582,-0.5003713,0.9996287,0.44,0.43,1
0.47994187,0.14048384,-0.51314753,-0.98685247,0.41666666,0.42666668,1
0.074702315,0.75217134,0.5037549,0.9962451,0.42666668,0.016666668,0
0.309671,0.20292258,-0.5008655,-0.9991345,0.24666667,0.43,1
0.29956844,0.29775432,0.50197065,-0.99802935,0.22,0.43,0
0.17701843,0.07434254,-0.50001544,-0.99998456,0.12,0.43,1
0.7687881,0.17203403,-0.50045544,-0.99954456,0.71,0.44,1
0.38634616,0.29291382,0.50001204,-0.99998796,0.31,0.44,0
0.6213345,0.83374727,0.50260365,0.99739635,0.42666668,0.55,0
0.66151553,0.7164324,0.5218568,-0.9781432,0.58,0.44,0
0.8987173,0.9663853,0.5001858,-0.9998142,0.44666666,0.81666666,0
0.21066396,0.10049357,0.7534691,-0.7465309,0.13666667,0.44,0
0.3955174,0.7479278,0.51044905,0.98955095,0.43666667,0.33,1
0.542608,0.59701025,0.5115045,-0.9884955,0.46666667,0.42666668,0
0.055334304,0.14863086,0.53151906,0.96848094,0.15666667,0.31,0
0.44329435,0.13123703,-0.5041766,0.9958234,0.42666668,0.38333333,0
0.9490378,0.29865956,-0.5206211,0.9793789,0.45,0.70666665,1
0.62952346,0.35134414,-0.501134,-0.998866,0.57666665,0.42666668,1
0.7831254,0.24131308,0.5209506,0.9790494,0.43,0.66,0
0.5400109,0.6647445,-0.7581381,-0.7418619,0.47666666,0.43,1
0.73865753,0.9405299,0.5004381,-0.9995619,0.45666668,0.62,0
0.15769768,0.43328148,-0.50753427,0.99246573,0.42666668,0.10666667,0
0.76024234,0.41689318,-0.5187125,0.9812875,0.44666666,0.69666666,1
0.6307297,0.6913097,0.93278646,-0.56721354,0.48,0.42666668,0
0.8212911,0.8378939,0.5194161,0.9805839,0.43666667,0.74666667,1
0.2051652,0.83012617,0.504712,0.995288,0.43666667,0.13666667,1
0.10483241,0.4946996,0.50028443,-0.99971557,0.026666667,0.43666667,0
0.7056727,0.9028022,0.51375127,-0.98624873,0.49666667,0.51,0
0.21078973,0.50860447,-0.81279236,0.68720764,0.43,0.18666667,0
0.2108584,0.43311507,0.50531006,0.99468994,0.44,0.14,1
0.9705435,0.67932284,0.5000301,0.9999699,0.44,0.85,1
0.04682777,0.5508317,0.88104844,0.61895156,0.44,0.046666667,1
0.43239245,0.9641403,-0.50360334,0.99639666,0.43666667,0.37666667,1
0.50229,0.54136354,-0.5010024,0.9989976,0.44,0.43666667,1
0.30739754,0.43831375,0.5176718,-0.9823282,0.23,0.44,0
0.84541255,0.1811911,-0.50742054,-0.99257946,0.79,0.44,1
0.36128378,0.7831928,0.50907946,-0.99092054,0.29,0.34666666,0
0.1292404,0.6054664,0.5017771,-0.9982229,0.06,0.43,0
0.6365431,0.5273627,0.5293931,0.9706069,0.42666668,0.5566667,0
0.70107627,0.67017657,0.5285672,-0.9714328,0.62666667,0.43,0
0.2988922,0.21483307,0.5001475,0.9998525,0.29666665,0.24,0
0.46668094,0.83280206,0.52473897,0.97526103,0.43,0.39,0
0.682498,0.16197388,-0.5007414,-0.9992586,0.62,0.43,1
0.34988743,0.23210962,-0.56000763,-0.93999237,0.29666665,0.44,1
0.18054792,0.93652886,0.52701455,0.97298545,0.42666668,0.10666667,0
0.981579,0.7728195,-0.51403546,-0.98596454,0.62666667,0.56666666,0
0.9468966,0.42933598,0.50742054,-0.99257946,0.85,0.43,0
0.105801985,0.29836863,0.80934626,-0.69065374,0.036666665,0.43,0
0.043657377,0.5912571,0.504712,0.995288,0.43666667,0.016666668,1
0.582997,0.9620591,0.5006331,0.9993669,0.44,0.5,1
0.8617088,0.7565141,0.5003337,-0.9996663,0.64666665,0.43,0
0.6338914,0.8362019,-0.5073324,-0.9926676,0.57,0.53,1
0.49943307,0.26259312,0.5324936,-0.9675064,0.42,0.42666668,0
0.7199756,0.50993764,-0.5316995,-0.9683005,0.6566667,0.42666668,1
0.028348174,0.20756422,-0.50550735,0.99449265,0.27,0.25,0
0.97968143,0.42857572,-0.5096581,-0.9903419,0.85,0.44,0
0.7869801,0.39231652,0.5010881,0.9989119,0.44,0.70666665,1
0.48544052,0.50029635,0.5294719,0.9705281,0.42666668,0.42,0
0.38754615,0.9265751,0.627366,0.872634,0.43,0.31666666,0
0.66935194,0.33783504,0.52169174,-0.97830826,0.6,0.42666668,0
0.5803194,0.05451636,-0.5042906,0.9957094,0.51,0.46,1
0.49975944,0.036494117,-0.5024313,-0.9975687,0.44666666,0.43,1
0.3103396,0.6834109,-0.5021835,0.9978165,0.43,0.25,0
0.68237066,0.1811884,0.5065621,0.9934379,0.44,0.6,1
0.6368516,0.39124855,0.5026198,-0.9973802,0.5566667,0.43666667,0
0.68738496,0.2571024,0.50095034,0.99904966,0.44,0.61,1
0.37209037,0.9072086,0.51074183,0.98925817,0.43666667,0.29666665,1
0.30083293,0.41659695,0.50090665,-0.99909335,0.23,0.43,0
0.8479814,0.28307784,-0.52815276,0.97184724,0.59,0.69666666,1
0.14664906,0.47751197,-0.52995205,-0.97004795,0.096666664,0.42666668,1
0.43765053,0.8324632,-0.51739687,-0.98260313,0.37666667,0.44,1
0.094376065,0.30166078,0.51974744,-0.98025256,0.026666667,0.43666667,0
0.34071255,0.35778096,-0.50053424,-0.99946576,0.28,0.43,1
0.1455612,0.9584903,0.51884925,0.98115075,0.43,0.07666667,0
0.1758614,0.14696409,0.5064976,-0.9935024,0.10666667,0.43666667,0
0.22505572,0.04117518,-0.5002906,0.9997094,0.17666666,0.42,0
0.26230872,0.73219514,-0.8603312,-0.6396688,0.25,0.42666668,1
0.74549717,0.67540306,0.51298004,0.98701996,0.43666667,0.6666667,1
0.12843618,0.831871,0.5037549,0.9962451,0.42666668,0.05666667,0
0.26513103,0.27650034,-0.50023854,0.99976146,0.43666667,0.20666666,1
0.93509114,0.64655083,0.5003337,-0.9996663,0.75666666,0.44,0
0.7500414,0.82094026,0.5000002,0.9999998,0.42666668,0.6766667,0
0.6573293,0.3955348,0.989443,0.510557,0.44,0.45666668,1
0.956271,0.7039886,-0.51954985,0.98045015,0.43,0.85,0
0.3811977,0.24485469,0.51757336,-0.98242664,0.31,0.44,0
0.7373062,0.9556948,-0.5000442,0.9999558,0.44,0.67,1
0.5718059,0.20433418,-0.95777416,0.54222584,0.53,0.5466667,1
0.13838056,0.4288338,0.50213397,-0.99786603,0.05666667,0.42666668,0
0.48599988,0.9709376,0.50005,-0.99995,0.44,0.42,1
0.5261182,0.038545094,0.51757336,-0.98242664,0.46,0.43,1
0.2015156,0.07910442,0.50755155,-0.99244845,0.12666667,0.42666668,0
0.7549407,0.1345406,-0.5003072,0.9996928,0.65,0.55,1
0.61911756,0.24874131,-0.526831,-0.973169,0.56666666,0.43666667,1
0.93592566,0.6406362,-0.522316,0.977684,0.43,0.85,0
0.4186546,0.77220803,-0.5038997,0.9961003,0.44,0.35,1
0.29210848,0.25834358,-0.50468653,0.99531347,0.43666667,0.23,1
0.84524316,0.06856103,-0.5024099,0.9975901,0.77,0.48,1
0.23003903,0.6445532,-0.50078654,0.99921346,0.44,0.18,1
0.86205345,0.68939644,-0.52020115,-0.97979885,0.71666664,0.52666664,0
0.30788392,0.31584388,0.5244904,0.9755096,0.31666666,0.23,0
0.50415206,0.39986393,0.5013624,0.9986376,0.43666667,0.42666668,1
0.084661,0.89600635,0.5002841,0.9997159,0.42666668,0.016666668,0
0.7584248,0.49523053,0.50934196,-0.99065804,0.68666667,0.43666667,0
0.75148606,0.08667129,0.8820679,-0.6179321,0.57666665,0.44,0
0.11408274,0.83577204,-0.5297975,0.9702025,0.44,0.06,1
0.3652204,0.3298488,-0.52435404,0.97564596,0.44,0.31,1
0.41624066,0.70537305,0.52680165,0.97319835,0.43,0.34,0
0.5003627,0.3193911,-0.5007974,0.9992026,0.44,0.45,1
0.5930415,0.7411754,-0.50199664,0.99800336,0.43666667,0.52666664,1
0.7605442,0.08819791,-0.50380784,0.99619216,0.68,0.49,1
0.78090864,0.7053979,0.5300703,-0.9699297,0.71,0.44,0
0.8913769,0.057541467,0.6112826,-0.8887174,0.82,0.42666668,0
0.42169258,0.9372471,0.5278627,0.9721373,0.43,0.35666665,0
0.9433562,0.42369488,0.5247919,-0.9752081,0.85,0.43,0
0.042656578,0.6615486,0.50753427,0.99246573,0.43666667,0.016666668,1
0.7296001,0.377133,0.5289614,-0.9710386,0.64666665,0.42666668,0
0.9406595,0.63413197,-0.5122008,-0.9877992,0.77666664,0.43333334,0
0.47301492,0.1629154,0.50001204,-0.99998796,0.4,0.43,0
0.15897968,0.09269374,0.5009389,-0.9990611,0.086666666,0.43666667,0
0.8821801,0.48692933,0.5001796,0.9998204,0.43,0.8,0
0.23036043,0.7575472,-0.5000159,0.9999841,0.44,0.17,1
0.33192474,0.18102923,-0.5009924,-0.9990076,0.27666667,0.44,1
0.6988867,0.44421563,-0.50990593,-0.99009407,0.64666665,0.43,1
0.1781724,0.7978905,0.6666164,-0.8333836,0.22,0.22666667,1
0.33506724,0.37742203,0.50034946,0.99965054,0.38666666,0.27,0
0.04178312,0.46550223,0.50022525,-0.99977475,0.016666668,0.42666668,1
0.032992855,0.19225992,0.5000129,0.9999871,0.22333333,0.27,0
0.7769208,0.06961914,0.50212336,-0.99787664,0.70666665,0.42666668,0
0.16372563,0.25,-0.47978777,-0.5,0.11333334,0.43333334,1
0.1868675,0.33565816,-0.7363632,-0.7636368,0.13666667,0.44,1
0.7561119,0.43784818,-0.5009681,-0.9990319,0.69666666,0.42666668,1
0.6003046,0.28625232,-0.5008426,0.9991574,0.45,0.55,1
0.036488734,0.82373387,0.5040922,0.9959078,0.42666668,0.016666668,0
0.96337396,0.68482125,0.50331265,-0.99668735,0.7266667,0.42666668,0
0.5128328,0.8730774,-0.5076937,0.9923063,0.42666668,0.44666666,0
0.2987716,0.1257341,-0.5005326,0.9994674,0.39666668,0.32666665,0
0.6117086,0.17286082,0.9607204,-0.5392796,0.43,0.42666668,0
0.31307882,0.70960474,-0.5136611,0.9863389,0.44,0.26,1
0.36179498,0.7040034,-0.50023746,-0.99976254,0.31,0.42666668,1
0.81721133,0.5027839,0.5011229,0.9988771,0.42666668,0.75,0
0.5394995,0.5224353,0.5006483,0.9993517,0.43666667,0.46666667,1
0.30916768,0.700623,-0.52995205,-0.97004795,0.24666667,0.43666667,1
0.8109094,0.28047505,0.5209506,0.9790494,0.43,0.7,0
0.70418024,0.21247481,-0.50290704,0.99709296,0.58,0.62,1
0.72079504,0.22048615,0.5236314,0.9763686,0.44,0.64,1
0.33181545,0.821051,-0.5151745,-0.9848255,0.27666667,0.42666668,1
0.44912553,0.43651158,0.50052947,0.99947053,0.43666667,0.37,1
0.57273436,0.9612292,0.5000404,-0.9999596,0.44666666,0.49,0
0.38198665,0.2602274,-0.93278646,-0.56721354,0.42,0.42666668,1
0.3428221,0.44506073,-0.50522786,-0.99477214,0.28,0.43,1
0.54345804,0.830586,-0.50758266,0.99241734,0.43666667,0.48666668,1
0.4436308,0.52491635,-0.5007517,-0.9992483,0.39,0.43,1
0.34085777,0.23329988,0.504439,0.995561,0.33666667,0.26666668,0
0.2497669,0.43917003,0.5253224,0.9746776,0.43,0.18,0
0.9542239,0.067880586,-0.50253737,-0.99746263,0.85,0.43666667,0
0.19333935,0.35837615,-0.5,1.0,0.43666667,0.14,1
0.9028317,0.7447283,-0.5268506,-0.9731494,0.6766667,0.56666666,0
0.23990534,0.7231694,-0.51974744,-0.98025256,0.18,0.42666668,1
0.17686905,0.5795018,0.50000465,0.99999535,0.44,0.10666667,1
0.53191435,0.1765321,-0.5001858,-0.9998142,0.47666666,0.42666668,1
0.18877564,0.58659184,0.5201077,-0.9798923,0.12,0.44,0
0.8338374,0.814623,0.5000279,-0.9999721,0.5966667,0.5,0
0.9620116,0.6077493,0.522654,0.977346,0.44,0.85,1
0.537877,0.31333596,-0.9209126,-0.5790874,0.55,0.43666667,1
0.19548558,0.46313205,0.5309067,0.9690933,0.44,0.13,1
0.11650999,0.47053224,-0.5009277,-0.9990723,0.05,0.42666668,1
0.6669737,0.5940674,-0.5029898,-0.9970102,0.6066667,0.47,1
0.8012815,0.69752395,0.5044477,-0.9955523,0.70666665,0.44,0
0.07289083,0.6259129,0.504134,-0.995866,0.09,0.43,1
0.33473164,0.24463446,0.5004821,-0.9995179,0.26,0.44,0
0.33118734,0.8324807,-0.5064976,-0.9935024,0.28666666,0.42666668,1
0.05371898,0.78626144,0.50090665,-0.99909335,0.24,0.24,1
0.48176232,0.9186553,-0.500537,0.999463,0.43666667,0.42666668,1
0.73714614,0.14353731,0.60368,-0.89632,0.66,0.42666668,0
0.12058586,0.9654159,-0.5032337,0.9967663,0.43,0.07,0
0.23441465,0.63410145,0.5001303,0.9998697,0.43666667,0.17,1
0.3160381,0.8566572,-0.5024099,0.9975901,0.44,0.25,1
0.73661155,0.8114343,0.71200377,-0.78799623,0.64,0.43666667,0
0.22085512,0.7069753,-0.52285075,-0.97714925,0.16,0.42666668,1
0.32795984,0.39010203,0.51241416,-0.98758584,0.25,0.43,0
0.41153947,0.64161044,0.5004454,-0.9995546,0.34666666,0.43666667,1
0.11906736,0.0524563,0.5244904,0.9755096,0.046666667,0.4,0
0.5795361,0.30316046,-0.5195257,0.9804743,0.44,0.51,1
0.08286502,0.1,-0.43171299,-0.5,0.016666668,0.43333334,1
0.22332731,0.87914014,0.50339705,0.99660295,0.43666667,0.15666667,1
0.48485374,0.87485677,0.515519,0.984481,0.44,0.41,1
0.8956796,0.064976804,-0.5038997,0.9961003,0.81,0.48,1
0.05473015,0.14213112,0.5240723,0.9759277,0.13666667,0.31,0
0.7086365,0.097156785,-0.5002034,0.9997966,0.62,0.51,1
0.21150447,0.1600037,-0.5030264,-0.9969736,0.15,0.44,1
0.87905586,0.78241944,-0.51315355,0.98684645,0.43,0.82,0
0.019578308,0.817163,0.5253551,-0.9746449,0.27,0.24,1
0.17271861,0.15555245,-0.50241876,-0.99758124,0.11,0.44,1
0.2965904,0.7861575,-0.5229135,-0.9770865,0.24,0.42666668,1
0.64577323,0.8706622,0.5549422,0.9450578,0.42666668,0.57,0
0.5423446,0.9379878,0.5309067,0.9690933,0.43,0.46,0
0.5375275,0.10274965,0.52488583,0.97511417,0.44,0.46,1
0.7587256,0.69179404,0.53122944,0.96877056,0.43666667,0.68666667,1
0.0314851,0.83449453,-0.5108536,-0.9891464,0.29,0.21,1
0.88884914,0.7568808,-0.5001796,0.9998204,0.44,0.83,1
0.20654254,0.20527905,-0.659839,-0.840161,0.15666667,0.44,1
0.5682646,0.25943923,0.50021785,-0.99978215,0.5,0.43666667,0
0.8651069,0.32383773,-0.5031289,0.9968711,0.52,0.7266667,1
0.06814238,0.27213717,-0.5178179,0.9821821,0.43666667,0.19,1
0.1870384,0.62478936,0.5258268,0.9741732,0.43666667,0.11666667,1
0.6988654,0.6078977,0.5047706,-0.9952294,0.62,0.42666668,0
0.84534806,0.9223603,0.50030553,0.99969447,0.43666667,0.76666665,1
0.657897,0.63019955,0.51026183,0.98973817,0.43666667,0.57666665,1
0.14493684,0.8196778,-0.50586885,-0.99413115,0.28,0.33666667,1
0.68570983,0.1057879,-0.5006744,0.9993256,0.59,0.51,1
0.061394684,0.2021974,0.52082604,0.97917396,0.23,0.26,0
0.46625793,0.12074679,-0.51314753,-0.98685247,0.39666668,0.42666668,0
0.16559501,0.055293687,-0.50058746,0.99941254,0.14666666,0.41,0
0.5170744,0.6348337,-0.5007517,-0.9992483,0.46,0.44,1
0.7485319,0.22474425,-0.7259763,0.7740237,0.59,0.68666667,1
0.59715587,0.34853262,0.8549946,0.6450054,0.43666667,0.48,1
0.43635333,0.8073008,0.51044905,0.98955095,0.43666667,0.37,1
0.7781452,0.12435455,0.5010192,-0.9989808,0.70666665,0.43666667,0
0.8099649,0.10600799,0.515526,-0.984474,0.7366667,0.42666668,0
0.3619964,0.5488806,-0.52674025,0.97325975,0.43,0.31,0
0.27051544,0.5213534,0.5095113,0.9904887,0.43,0.2,0
0.7323599,0.34478602,-0.5001033,-0.9998967,0.6666667,0.43,1
0.1721597,0.62650466,0.5026144,-0.9973856,0.09,0.4,0
0.33516657,0.23968183,-0.5051061,0.9948939,0.42666668,0.28,0
0.49051696,0.16823812,0.5014426,0.9985574,0.42666668,0.42666668,0
0.20964532,0.16095614,0.512672,0.987328,0.17666666,0.29,0
0.031820837,0.52552104,-0.5005326,0.9994674,0.43666667,0.016666668,1
0.2461086,0.55518776,-0.50296223,0.99703777,0.43,0.19,0
0.94284546,0.78387517,0.52192074,-0.97807926,0.62666667,0.54,0
0.76062447,0.6109435,0.52506405,-0.97493595,0.68666667,0.43,0
0.79771155,0.32360062,0.700556,-0.799444,0.73,0.42666668,0
0.4453621,0.22403167,0.5201077,-0.9798923,0.37,0.43,0
0.6638146,0.55319095,-0.51603305,0.98396695,0.42666668,0.5966667,0
0.18476617,0.39358285,-0.50753427,0.99246573,0.42666668,0.12666667,0
0.9302365,0.85108656,0.5012191,-0.9987809,0.5566667,0.6666667,0
0.73052967,0.23514515,0.61351997,-0.88648003,0.66,0.42666668,0
0.77224225,0.9541018,-0.7345716,0.7654284,0.42666668,0.71,0
0.62758607,0.42906114,0.5012455,-0.9987545,0.5466667,0.42666668,0
0.76142836,0.677249,0.5247919,-0.9752081,0.68,0.43,0
0.2030367,0.47121957,0.515519,0.984481,0.43,0.12,0
0.7081976,0.47203285,0.7652515,-0.7347485,0.63,0.43666667,0
0.81290424,0.4412695,-0.52357435,0.97642565,0.43666667,0.75666666,1
0.15897968,0.5122994,-0.5009389,-0.9990611,0.10666667,0.43666667,1
0.83781385,0.67599106,-0.50271815,-0.99728185,0.7366667,0.5466667,0
0.8063559,0.9029072,-0.50001127,0.99998873,0.44,0.75,1
0.96561515,0.3575862,0.5198499,0.9801501,0.43,0.77666664,0
0.91201216,0.7176449,-0.5065621,0.9934379,0.44,0.85,1
0.85420865,0.7347929,0.502747,0.997253,0.43666667,0.78,1
0.4142341,0.37869388,0.5324936,-0.9675064,0.34,0.42666668,0
0.93246526,0.21511072,0.5004529,-0.9995471,0.85,0.43666667,0
0.91596234,0.7942835,-0.511488,0.988512,0.43,0.85,0
0.14294511,0.932865,-0.5021835,0.9978165,0.44,0.08,1
0.81659263,0.8812072,-0.50293344,0.99706656,0.43,0.75,0
0.091258794,0.6715691,0.5003829,0.9996171,0.43666667,0.026666667,1
0.1302886,0.48813537,0.5173958,-0.9826042,0.05666667,0.42333335,0
0.6795762,0.20963192,-0.52353114,0.97646886,0.57,0.62,1
0.5904163,0.5574318,-0.5112006,-0.9887994,0.52666664,0.44,1
0.8538398,0.07233328,0.5055945,-0.9944055,0.7866667,0.43666667,0
0.124997616,0.49104443,0.5002906,0.9997094,0.42666668,0.05,0
0.95186913,0.7160158,0.5003444,-0.9996556,0.68666667,0.45,0
0.82351065,0.91735625,-0.50834703,0.99165297,0.43,0.76,0
0.7785328,0.09185547,0.5004454,-0.9995546,0.69666666,0.42666668,0
0.8752362,0.43352178,-0.5002575,-0.9997425,0.81,0.43,1
0.37332958,0.48426136,-0.5027762,0.9972238,0.44,0.32,1
0.285751,0.7507676,0.50009644,0.99990356,0.42666668,0.21666667,0
0.17823106,0.16082342,0.5003786,0.9996214,0.15666667,0.3,0
0.9340942,0.19607961,-0.5273846,0.9726154,0.64666665,0.6066667,1
0.93477255,0.2500635,0.51305026,0.98694974,0.47,0.6666667,1
0.31229594,0.22848415,-0.50468653,0.99531347,0.42666668,0.26,0
0.9012346,0.81555605,0.5315452,0.9684548,0.43666667,0.83666664,1
0.3383666,0.8898081,0.51217175,-0.98782825,0.34666666,0.28666666,1
0.7432478,0.809955,0.50000083,0.99999917,0.43666667,0.6666667,1
0.40968257,0.1810282,-0.5041766,0.9958234,0.43666667,0.35333332,1
0.09401292,0.05500456,0.51030093,-0.98969907,0.026666667,0.43,0
0.33182055,0.15762162,0.5003485,0.9996515,0.30666667,0.29666665,0
0.3878812,0.7756163,0.5243661,-0.9756339,0.31666666,0.36666667,0
0.23265353,0.043646444,0.51814,-0.98186,0.16666667,0.43666667,1
0.38700968,0.8309463,0.5014046,0.9985954,0.44,0.32,1
0.5196021,0.86315435,-0.5076937,0.9923063,0.43666667,0.45666668,1
0.914407,0.2379417,-0.50326645,-0.99673355,0.85,0.44,1
0.4882737,0.1592291,-0.51849216,-0.98150784,0.42666668,0.42666668,1
0.06921835,0.9232841,-0.5186407,-0.9813593,0.39,0.1,1
0.39040896,0.46059346,-0.5024042,-0.9975958,0.34,0.44,1
0.930022,0.89272755,-0.50000006,0.99999994,0.42666668,0.85,0
0.81079084,0.6526086,0.5069154,-0.9930846,0.74666667,0.44,1
0.5598321,0.8434996,-0.5235439,0.9764561,0.43,0.49666667,0
0.12851304,0.62519777,0.7940412,-0.7059588,0.05666667,0.43,0
0.5813829,0.6353924,0.5268914,0.9731086,0.42666668,0.50666666,0
0.33944207,0.36970443,0.64381516,0.85618484,0.41666666,0.27,0
0.43468276,0.2276957,0.50017214,-0.99982786,0.36,0.43,0
0.2141933,0.09372535,0.51621485,-0.98378515,0.14666666,0.43666667,0
0.040247753,0.055581704,0.50062895,-0.99937105,0.016666668,0.43,1
0.2884634,0.43446082,0.5003032,-0.9996968,0.21,0.43,0
0.69261855,0.5753873,-0.51623225,0.98376775,0.42666668,0.62666667,0
0.6680082,0.41308287,-0.5271501,-0.9728499,0.6066667,0.43666667,1
0.26233068,0.59688365,-0.50374675,-0.99625325,0.2,0.43666667,1
0.4275322,0.83085716,0.5010355,0.9989645,0.44,0.36,1
0.60746944,0.28798917,0.5253485,0.9746515,0.42666668,0.5366667,0
0.37316248,0.45651284,-0.7096902,-0.7903098,0.31666666,0.43,1
0.27383757,0.6521206,-0.52995205,-0.97004795,0.21666667,0.42666668,1
0.05923836,0.9591977,-0.5324936,-0.9675064,0.42,0.026666667,1
0.4854701,0.4292249,-0.58256966,-0.91743034,0.42666668,0.44,1
0.3193269,0.77888787,-0.6126458,0.8873542,0.44,0.26666668,1
0.40483943,0.8015249,0.5004153,-0.9995847,0.32666665,0.39666668,0
0.8563421,0.44255233,0.5218568,-0.9781432,0.78,0.44,0
0.22749852,0.061687566,0.5286869,0.9713131,0.15666667,0.38666666,0
0.591098,0.4040692,0.5010192,-0.9989808,0.52666664,0.43666667,1
0.7589172,0.08779873,-0.50595146,0.99404854,0.68,0.48666668,1
0.083530016,0.057538446,0.92613584,0.57386416,0.06666667,0.38,0
0.025616977,0.12100946,-0.5001206,0.9998794,0.11,0.35,0
0.02650431,0.88278675,0.51616484,-0.98383516,0.34,0.11,1
0.38585815,0.06527958,0.77740985,-0.72259015,0.30666667,0.43,0
0.8486831,0.7952426,-0.50037354,0.99962646,0.43,0.79,0
0.06528659,0.4842948,-0.5188051,0.9811949,0.42666668,0.016666668,0
0.52615094,0.30947173,-0.52886987,0.97113013,0.43,0.46,0
0.74705935,0.66117835,0.5197719,0.9802281,0.42666668,0.6766667,0
0.16367573,0.20363551,0.51974744,-0.98025256,0.086666666,0.43666667,0
0.7202395,0.14796944,-0.50380784,0.99619216,0.62,0.55,1
0.22864577,0.90023357,-0.50436693,0.99563307,0.44,0.17666666,1
0.7679533,0.03597725,-0.5004684,0.9995316,0.7,0.44,1
0.89134073,0.29983127,-0.5096581,-0.9903419,0.84,0.43,1
0.60421675,0.26357755,0.5078712,0.9921288,0.42666668,0.5366667,0
0.5317589,0.85717523,0.5074717,0.9925283,0.42666668,0.46,0
0.47218972,0.6858263,0.53078526,-0.96921474,0.39666668,0.43666667,0
0.14649962,0.44508585,0.5177715,-0.9822285,0.06666667,0.43666667,0
0.6196462,0.77338904,-0.512229,-0.987771,0.56,0.5,1
0.67339134,0.6322958,-0.6302224,-0.8697776,0.6066667,0.46,0
0.8242605,0.6354216,-0.5049162,0.9950838,0.44,0.76,1
0.79581976,0.50449383,-0.5007285,0.9992715,0.42666668,0.7366667,0
0.350204,0.8395006,0.50000465,0.99999535,0.44,0.28666666,1
0.66508615,0.614738,-0.51623225,0.98376775,0.42666668,0.6066667,0
0.96372235,0.75453275,0.52192074,-0.97807926,0.6566667,0.51,0
0.16364549,0.56717205,0.52745646,-0.97254354,0.08,0.42666668,0
0.76222736,0.7454851,0.5096581,-0.9903419,0.66,0.44,0
0.8440434,0.8406708,-0.5033819,0.9966181,0.43,0.79,0
0.61831987,0.13546549,0.6306644,0.8693356,0.43666667,0.55,1
0.59581995,0.7089873,0.5977547,0.9022453,0.43666667,0.52,1
0.4005241,0.068814084,-0.52472216,0.97527784,0.41666666,0.38666666,0
0.2598756,0.28134498,-0.5067918,0.9932082,0.43666667,0.20666666,1
0.38372895,0.8420607,-0.5008734,-0.9991266,0.32666665,0.43666667,1
0.7015746,0.21451601,-0.5003072,0.9996928,0.57,0.63,1
0.18797293,0.21950667,-0.5002848,-0.9997152,0.12666667,0.43,1
0.94635904,0.59291065,0.50001127,0.99998873,0.43,0.85,0
0.69057125,0.6035595,-0.52203983,0.97796017,0.44,0.62666667,1
0.5708799,0.56801736,0.5093359,-0.9906641,0.49666667,0.42666668,0
0.6458158,0.5241395,0.5255892,0.9744108,0.43666667,0.56666666,1
0.535364,0.25219968,-0.51769716,0.98230284,0.43,0.47,0
0.72893006,0.5926346,-0.51595175,0.98404825,0.42666668,0.6766667,0
0.9302816,0.8944967,0.5159636,-0.9840364,0.50666666,0.71666664,0
0.55902106,0.38705555,-0.50380784,0.99619216,0.44,0.49,1
0.61478573,0.85402125,0.50581396,-0.99418604,0.54,0.44,0
0.78373855,0.04859008,0.5298061,0.9701939,0.6666667,0.44666666,1
0.16405167,0.928026,0.50553745,-0.99446255,0.39,0.10666667,1
0.92272913,0.9366404,0.5008115,-0.9991885,0.46666667,0.7866667,0
0.14342368,0.9378231,-0.5045156,-0.9954844,0.4,0.15,1
0.23097031,0.76515234,-0.5005491,-0.9994509,0.22666667,0.43666667,1
0.5564936,0.45151126,0.50252825,-0.99747175,0.47666666,0.43666667,0
0.41292244,0.2607896,0.5108536,-0.9891464,0.33,0.43,0
0.75901484,0.83122516,-0.77740985,-0.72259015,0.63666666,0.65,0
0.65748405,0.7104451,-0.5204562,0.9795438,0.43,0.5966667,0
0.19579832,0.05112307,-0.525615,-0.974385,0.13666667,0.44,1
0.5690167,0.1986336,-0.5191621,0.9808379,0.46,0.5,1
0.7152648,0.11410172,0.5003798,-0.9996202,0.64,0.43666667,0
0.27370074,0.36779955,0.50001496,-0.99998504,0.2,0.43666667,0
0.8887761,0.78443605,0.5025802,-0.9974198,0.62666667,0.5,0
0.93568957,0.70436484,-0.5019888,0.9980112,0.43,0.85,0
0.668767,0.59940094,0.51130503,0.98869497,0.43666667,0.58666664,1
0.88592106,0.4211489,0.5301206,-0.9698794,0.81666666,0.43,0
0.67254055,0.22085468,0.52672684,0.97327316,0.43,0.6066667,0
0.79620457,0.1611834,-0.5096581,-0.9903419,0.74,0.43,1
0.5610574,0.2618695,0.50119513,-0.99880487,0.49,0.42666668,0
0.021025728,0.31414312,0.5001303,0.9998697,0.43666667,0.15,1
0.17833045,0.025642632,-0.5028157,0.9971843,0.11666667,0.43,0
0.7636083,0.8974142,0.5000079,0.9999921,0.42666668,0.68666667,0
0.042179395,0.155,-0.47978777,-0.5,0.016666668,0.42333335,1
0.33916074,0.42082477,0.5928132,0.9071868,0.43666667,0.26,1
0.4639862,0.82278955,0.5104048,0.9895952,0.42666668,0.39,0
0.20300145,0.834588,0.50001204,0.99998796,0.42666668,0.12666667,0
0.040826205,0.6304443,0.50208867,0.99791133,0.43666667,0.016666668,1
0.62442577,0.17717275,-0.5205033,-0.9794967,0.56666666,0.44,1
0.72646534,0.8653463,0.5928132,0.9071868,0.42666668,0.65,0
0.2982943,0.87489176,0.52512497,-0.97487503,0.33666667,0.24666667,1
0.96919703,0.21645595,0.5029461,0.9970539,0.58,0.62666667,1
0.22618417,0.65047944,-0.5229062,0.9770938,0.44,0.16,1
0.953854,0.07553752,0.64768004,-0.85231996,0.85,0.42666668,0
0.12523603,0.8929358,0.6112826,-0.8887174,0.34,0.10666667,1
0.910173,0.32654488,-0.5149216,0.9850784,0.46333334,0.7266667,1
0.1050779,0.50401956,0.5177715,-0.9822285,0.026666667,0.43666667,0
0.6386469,0.8107534,0.58237284,0.91762716,0.42666668,0.57,0
0.49101964,0.8776258,0.5257861,0.9742139,0.44,0.41,1
0.4020895,0.6912132,-0.5010024,0.9989976,0.43,0.34666666,0
0.8371372,0.067047484,0.5052869,0.9947131,0.69666666,0.46666667,1
0.072544895,0.6499909,-0.52316904,0.97683096,0.42666668,0.016666668,0
0.9648502,0.83722466,-0.5175913,-0.9824087,0.56666666,0.6766667,0
0.56579804,0.34561148,-0.72333735,0.77666265,0.44,0.51666665,1
0.30217496,0.9412768,0.5081575,-0.9918425,0.40666667,0.23666666,1
0.44490725,0.121578455,-0.5025423,0.9974577,0.43,0.37666667,0
0.6370326,0.7643319,-0.50001544,-0.99998456,0.57,0.5,0
0.39685485,0.2061773,0.5017771,-0.9982229,0.32,0.43,0
0.05686794,0.2995031,-0.50000465,0.99999535,0.44,0.16,1
0.49536994,0.13728958,-0.5008115,-0.9991885,0.42666668,0.42666668,0
0.6875116,0.89505166,-0.5208131,-0.9791869,0.52,0.61,0
0.8563056,0.94735444,0.5009681,-0.9990319,0.46666667,0.7366667,0
0.09647792,0.85969716,0.5025423,0.9974577,0.43,0.026666667,0
0.443186,0.4766848,-0.50095224,0.99904776,0.43,0.38,0
0.8695163,0.3401089,-0.5185752,0.9814248,0.47,0.75666666,1
0.80873466,0.28202015,0.5198449,-0.9801551,0.7366667,0.42666668,0
0.3424367,0.47742152,-0.78016704,0.71983296,0.43,0.30666667,0
0.27528766,0.78903586,0.7459828,-0.7540172,0.19333333,0.25666666,0
0.09012365,0.929327,-0.50352585,0.99647415,0.43,0.04,0
0.6947713,0.925542,-0.5073324,-0.9926676,0.48,0.62,0
0.6827383,0.7986178,0.5387067,0.9612933,0.44,0.6066667,1
0.07872453,0.2232864,0.5014085,-0.9985915,0.016666668,0.42666668,1
0.46550998,0.9411498,0.5081605,-0.9918395,0.39666668,0.4,0
0.92017275,0.3529697,0.5000033,-0.9999967,0.8466667,0.44,0
0.89785355,0.36007422,-0.83571905,-0.66428095,0.84,0.43666667,1
0.5430263,0.42127758,-0.65557605,0.84442395,0.44,0.47666666,1
0.2270514,0.33725336,-0.5000173,0.9999827,0.43666667,0.17666666,1
0.845645,0.9717187,0.88104844,0.61895156,0.44,0.6566667,1
0.61523885,0.7187627,-0.500537,0.999463,0.43666667,0.5466667,1
0.35429496,0.07695159,-0.5376543,-0.9623457,0.29666665,0.44,1
0.45394543,0.23460238,0.52278644,0.97721356,0.43666667,0.38666666,1
0.8827552,0.4758624,0.52410465,0.97589535,0.44,0.8,1
0.72191095,0.15157288,0.52196765,-0.97803235,0.6566667,0.43666667,1
0.8727586,0.5112474,0.5000404,-0.9999596,0.7966667,0.44,0
0.62152684,0.38,0.49978203,-0.5,0.55333334,0.43333334,0
0.08138632,0.8849854,0.6514517,-0.8485483,0.33,0.11666667,1
0.7836837,0.7614172,-0.5123331,-0.9876669,0.64666665,0.64,0
0.43024826,0.75843525,-0.50000733,0.99999267,0.44,0.37666667,1
0.15343647,0.9035347,-0.5153504,0.9846496,0.44,0.09,1
0.54316103,0.91064155,-0.50130165,-0.99869835,0.48,0.46,1
0.33658043,0.1999555,0.50000083,0.99999917,0.32666665,0.25666666,0
0.05479071,0.35140574,-0.52995205,-0.97004795,0.016666668,0.43666667,1
0.51079404,0.5831523,-0.51462954,-0.98537046,0.45,0.43,1
0.48546195,0.69965947,0.512821,-0.987179,0.40666667,0.43666667,0
0.519135,0.56276834,-0.50134796,-0.99865204,0.46,0.44,1
0.40060169,0.9271627,-0.5187125,0.9812875,0.42666668,0.33666667,0
0.20142183,0.5829729,0.5078778,0.9921222,0.43666667,0.13,1
0.68421483,0.43435848,0.5165039,-0.9834961,0.6166667,0.43666667,0
0.48193923,0.35740778,0.5194161,0.9805839,0.42666668,0.41666666,0
0.39480883,0.72232705,-0.5174796,-0.9825204,0.33,0.44,1
0.23360094,0.54999655,-0.50000834,-0.99999166,0.17666666,0.42666668,1
0.3174752,0.6712773,-0.5083545,0.9916455,0.43,0.26,0
0.418091,0.029957602,-0.52613693,0.97386307,0.36666667,0.43666667,0
0.019966388,0.048418567,0.65530384,0.84469616,0.046666667,0.41,0
0.8992935,0.89354,0.5007309,-0.9992691,0.51666665,0.69666666,0
0.91749614,0.7471715,0.50109154,0.99890846,0.42666668,0.83666664,0
0.69630945,0.8129732,0.5076533,0.9923467,0.43666667,0.6166667,1
0.21124656,0.36169666,0.53151906,0.96848094,0.37666667,0.13,0
0.4675263,0.8497099,-0.50316155,-0.99683845,0.4,0.42666668,0
0.8640728,0.95057344,0.5309307,-0.9690693,0.45666668,0.74666667,0
0.20036532,0.9377911,-0.50001675,0.99998325,0.43,0.14666666,0
0.30047193,0.78391933,0.5290303,-0.9709697,0.23,0.27666667,0
0.23880735,0.2791539,0.50213397,-0.99786603,0.16666667,0.43666667,0
0.506223,0.8519381,-0.503059,0.996941,0.42666668,0.44666666,0
0.16307138,0.54538083,0.52699023,-0.97300977,0.08,0.44,0
0.4279253,0.7899466,0.5257861,0.9742139,0.43,0.36,0
0.9011142,0.33602768,-0.5007817,-0.9992183,0.85,0.43,1
0.62215185,0.4554239,0.5004127,0.9995873,0.43666667,0.5566667,1
0.81328326,0.5527704,-0.52518547,-0.97481453,0.75666666,0.43666667,1
0.16326323,0.5404673,-0.5009277,-0.9990723,0.1,0.43666667,1
0.16554567,0.87154627,0.50078493,0.99921507,0.44,0.096666664,1
0.76239806,0.8279541,-0.7581381,-0.7418619,0.63666666,0.65,0
0.602467,0.4351843,0.50231403,0.99768597,0.42666668,0.52666664,0
0.7724547,0.07583716,-0.50009394,-0.99990606,0.72,0.44,1
0.42882073,0.90199465,-0.5116801,0.9883199,0.44,0.37666667,1
0.73570454,0.56498027,0.50225157,-0.99774843,0.6666667,0.44,0
0.6685721,0.18858013,0.58991283,-0.91008717,0.59,0.43666667,0
0.72820085,0.27522,0.5019888,0.9980112,0.44,0.65,1
0.56526464,0.5354332,-0.5001835,0.9998165,0.43,0.51,0
0.65110254,0.6842421,0.5291681,-0.9708319,0.57666665,0.43666667,0
0.7884513,0.52037543,-0.5183222,0.9816778,0.43666667,0.7266667,1
0.06739315,0.29977363,0.50216186,-0.99783814,0.016666668,0.42666668,1
0.1422976,0.83638424,-0.5001157,-0.9998843,0.3,0.31,1
0.7830877,0.94910115,-0.51954985,0.98045015,0.44,0.72,1
0.22892366,0.5519066,0.52855855,0.97144145,0.43,0.16,0
0.5709097,0.75224835,0.5111737,0.9888263,0.42666668,0.5,0
0.6248643,0.809752,-0.5024042,-0.9975958,0.57,0.51,1
0.64374226,0.74998754,0.5000173,0.9999827,0.43666667,0.5733333,1
0.725328,0.34177133,-0.5001917,-0.9998083,0.67,0.43666667,1
0.45171016,0.919706,-0.51623225,0.98376775,0.43666667,0.39666668,1
0.7722661,0.21507002,-0.5006671,0.9993329,0.64,0.6166667,1
0.39529812,0.1155642,0.5004127,0.9995873,0.35666665,0.33666667,0
0.6017105,0.4529025,0.50683254,0.99316746,0.42666668,0.53,0
0.7088324,0.47627097,-0.5112292,-0.9887708,0.64666665,0.43666667,1
0.82721233,0.09588903,-0.95777416,0.54222584,0.73,0.5466667,1
0.45572788,0.5163942,0.512672,0.987328,0.43666667,0.39,1
0.020235028,0.1624466,0.50202596,-0.99797404,0.016666668,0.43,1
0.7784692,0.092945665,0.5198499,0.9801501,0.58,0.50666666,1
0.101417616,0.14578508,0.51363385,-0.98636615,0.036666665,0.43666667,1
0.9266027,0.36559287,-0.51209176,0.98790824,0.42666668,0.76666665,0
0.84690976,0.18932006,0.5168719,-0.9831281,0.76666665,0.43666667,0
0.71310955,0.34988636,0.5115045,-0.9884955,0.63666666,0.43666667,0
0.60245335,0.7814587,0.5004492,0.9995508,0.42666668,0.53,0
0.17130452,0.51479375,0.50755,0.99245,0.43666667,0.1,1
0.70147455,0.5794042,-0.50028217,0.99971783,0.43666667,0.63666666,1
0.18740033,0.69778675,-0.5261188,0.9738812,0.43,0.13,0
0.16587685,0.87197775,0.7459828,-0.7540172,0.30333334,0.14666666,1
0.16319619,0.6238281,-0.5166259,-0.9833741,0.096666664,0.43666667,1
0.06123499,0.04810574,0.8581845,0.6418155,0.046666667,0.41,0
0.22966361,0.25114566,0.65530384,0.84469616,0.28666666,0.17,0
0.5589907,0.08481289,-0.5001033,-0.9998967,0.50666666,0.43,1
0.18706062,0.7895566,0.6666164,-0.8333836,0.21,0.23666666,1
0.18960536,0.84494275,-0.6427055,0.8572945,0.44,0.12666667,1
0.8827105,0.09012606,0.5149216,0.9850784,0.7033333,0.48666668,1
0.5537879,0.5779111,0.7459828,-0.7540172,0.47333333,0.43666667,0
0.07476066,0.5443602,-0.5003193,0.9996807,0.43666667,0.016666668,1
0.31055576,0.54117924,-0.5044998,0.9955002,0.44,0.25,1
0.19117115,0.40764058,-0.50468653,0.99531347,0.42666668,0.14,0
0.17423949,0.78007853,-0.50058436,-0.99941564,0.25,0.42666668,1
0.17204677,0.5529457,-0.51980156,-0.98019844,0.11,0.42666668,1
0.825241,0.45486787,-0.51595175,0.98404825,0.42666668,0.75666666,0
0.03883265,0.9074422,0.5557901,-0.9442099,0.36,0.086666666,1
0.4032881,0.8011895,-0.50383914,-0.99616086,0.35,0.42666668,1
0.35121822,0.6763326,0.5309067,0.9690933,0.44,0.27,1
0.094725005,0.96928453,0.50021785,-0.99978215,0.43,0.026666667,1
0.4039183,0.40470994,0.67506063,0.82493937,0.43666667,0.32,1
0.8880747,0.3329024,0.5206191,-0.9793809,0.82,0.42666668,0
0.75936055,0.5609581,0.50005,-0.99995,0.69,0.43,0
0.17799182,0.3416955,-0.5003829,0.9996171,0.42666668,0.12666667,0
0.41971144,0.7465623,0.5056852,0.9943148,0.43,0.35,0
0.8672499,0.04888194,-0.5206191,-0.9793809,0.8,0.43666667,0
0.8120551,0.3307971,-0.5004381,-0.9995619,0.76,0.43,1
0.71081734,0.2310924,0.6306644,0.8693356,0.42666668,0.64,0
0.93752325,0.5848032,-0.5249247,-0.9750753,0.82666665,0.44,0
0.11692817,0.527372,0.5258268,0.9741732,0.43666667,0.036666665,1
0.5815284,0.7139117,-0.50032246,-0.99967754,0.52,0.43,1
0.6383733,0.79389256,-0.5054786,-0.9945214,0.57,0.52,0
0.7727758,0.8790016,-0.5029875,0.9970125,0.44,0.72,1
0.40566048,0.5052429,-0.5034312,-0.9965688,0.34,0.43,1
0.035276327,0.4263222,-0.9607204,-0.5392796,0.16,0.43666667,1
0.16473621,0.6642828,-0.5003575,-0.9996425,0.11666667,0.43666667,1
0.26840538,0.19809027,-0.50066376,-0.99933624,0.21,0.44,1
0.50730973,0.17995794,-0.51314753,-0.98685247,0.45666668,0.42666668,1
0.395439,0.9551643,0.5249158,0.9750842,0.43666667,0.31666666,1
0.3346483,0.3776699,0.50017214,-0.99982786,0.27,0.44,1
0.188479,0.8771872,0.5002255,0.9997745,0.42666668,0.10666667,0
0.7554514,0.71918994,-0.51448154,0.98551846,0.43,0.7,0
0.5704869,0.27237147,-0.5000277,0.9999723,0.44,0.51,1
0.8818404,0.29365122,-0.503059,0.996941,0.5466667,0.70666665,1
0.9567756,0.48607543,0.5209506,0.9790494,0.44,0.85,1
0.8412935,0.9261828,-0.5004543,-0.9995457,0.48666668,0.76,0
0.14977846,0.18798612,-0.5040754,0.9959246,0.35666665,0.28,0
0.85527223,0.9775565,0.5160354,-0.9839646,0.42666668,0.77666664,0
0.4306433,0.18783952,0.50004303,-0.99995697,0.35,0.42666668,0
0.66864306,0.35116702,0.50023955,0.99976045,0.43,0.58666664,0
0.8631996,0.6250144,0.52317315,0.97682685,0.42666668,0.79,0
0.121731274,0.7040044,0.5250949,-0.9749051,0.16,0.35,1
0.7014,0.91463536,-0.5208131,-0.9791869,0.5,0.63,0
0.17818737,0.6895003,-0.5002999,-0.9997001,0.15,0.43666667,1
0.16790429,0.93430185,-0.5004821,-0.9995179,0.39,0.17,1
0.86392623,0.3170169,0.50003546,-0.99996454,0.7966667,0.43666667,0
0.7842196,0.43743056,-0.5006546,-0.9993454,0.7266667,0.42666668,1
0.9758377,0.120872825,-0.5000791,0.9999209,0.76,0.52666664,1
0.9708988,0.5326177,0.50829893,0.99170107,0.44,0.85,1
0.5670438,0.48777747,0.50294715,-0.99705285,0.48666668,0.43666667,0
0.5034807,0.756353,-0.50342226,-0.99657774,0.44,0.43,1
0.21435772,0.46129712,-0.51032966,0.98967034,0.43666667,0.16,1
0.87821734,0.06019659,0.51794654,-0.98205346,0.8066667,0.42666668,0
0.43051478,0.62715536,-0.5198999,0.9801001,0.43,0.36666667,0
0.8647059,0.052139267,0.5026198,-0.9973802,0.7966667,0.43666667,0
0.70013046,0.8483441,0.5199944,-0.9800056,0.57,0.44,0
0.23520356,0.17556755,0.50022525,-0.99977475,0.15666667,0.43666667,0
0.29921478,0.78065705,0.5258268,0.9741732,0.43666667,0.21666667,1
0.6555301,0.42156285,0.82344234,0.67655766,0.42666668,0.55,0
0.3510703,0.8311754,-0.5298584,-0.9701416,0.29333332,0.43666667,1
0.027072683,0.9562333,-0.6666164,-0.8333836,0.41,0.036666665,1
0.17460352,0.6203237,0.51074183,0.98925817,0.42666668,0.10666667,0
0.7786727,0.5464634,-0.5001858,-0.9998142,0.7266667,0.43666667,1
0.9477215,0.04130327,-0.81279236,0.68720764,0.83,0.44666666,1
0.9251324,0.9334959,0.5219326,-0.9780674,0.46666667,0.77666664,0
0.08118903,0.54653883,-0.5241404,-0.9758596,0.026666667,0.43666667,1
0.37430337,0.11634877,0.51787394,-0.98212606,0.29666665,0.42666668,0
0.5671192,0.56872445,-0.52574813,-0.97425187,0.50666666,0.43,1
0.38098866,0.7672751,0.51794654,-0.98205346,0.30666667,0.36666667,0
0.77787507,0.4138951,-0.5033929,0.9966071,0.45666668,0.7266667,1
0.38545948,0.494578,-0.5181309,-0.9818691,0.33,0.44,1
0.61284316,0.4590418,0.50067776,0.99932224,0.42666668,0.5366667,0
0.600544,0.9596516,0.5294851,0.9705149,0.43,0.52,0
0.25317413,0.46552402,0.5136162,0.9863838,0.43,0.17,0
0.9402585,0.3458347,-0.51209176,0.98790824,0.42666668,0.74666667,0
0.8933084,0.41402894,0.62496537,0.87503463,0.42666668,0.82,0
0.044597685,0.74310106,0.50260484,-0.99739516,0.2,0.32666665,1
0.4466698,0.78125656,0.50531006,0.99468994,0.43,0.37,0
0.95212656,0.58674073,-0.50505555,-0.99494445,0.81666666,0.44,0
0.5126665,0.33900148,0.5255892,0.9744108,0.42666668,0.43666667,0
0.15441161,0.8767712,0.50194025,-0.99805975,0.34,0.11666667,1
0.8346005,0.8391922,-0.53767246,-0.96232754,0.56666666,0.71,0
0.64588,0.6505628,-0.5009924,-0.9990076,0.58666664,0.47,1
0.2777941,0.6661049,-0.50512946,-0.99487054,0.21,0.43666667,0
0.72048306,0.89139456,0.5244904,0.9755096,0.42666668,0.64,0
0.72147655,0.5679538,0.5206191,-0.9793809,0.64,0.42666668,0
0.9322952,0.57256776,0.5001479,0.9998521,0.43,0.85,0
0.59231645,0.91572046,0.50326645,-0.99673355,0.48666668,0.44,0
0.18590814,0.10205435,0.51980156,-0.98019844,0.11666667,0.42666668,0
0.3310434,0.28691804,0.5118571,0.9881429,0.33666667,0.26666668,0
0.72382873,0.042377837,-0.5000277,0.9999723,0.65,0.46,1
0.9127829,0.1131609,0.51735455,-0.98264545,0.8466667,0.42666668,1
0.62537324,0.52033097,0.50037146,-0.99962854,0.5566667,0.42666668,0
0.92924225,0.76768243,-0.5005234,0.9994766,0.44,0.85,1
0.37714288,0.56236345,-0.5000277,0.9999723,0.43,0.32,0
0.5845762,0.67607063,0.95777416,0.54222584,0.44,0.39666668,1
0.1553031,0.47322273,-0.5037549,0.9962451,0.42666668,0.096666664,0
0.57284915,0.77772343,-0.517794,0.982206,0.42666668,0.51666665,0
0.4936053,0.9399933,-0.50000834,-0.99999166,0.42666668,0.43666667,0
0.7985035,0.8890942,-0.525615,-0.974385,0.51666665,0.72,0
0.6657638,0.25307208,-0.50436693,0.99563307,0.53,0.6066667,1
0.29707578,0.8169807,-0.5141153,0.9858847,0.43,0.23666666,0
0.15423924,0.5550391,-0.514103,-0.985897,0.096666664,0.42666668,1
0.4291864,0.6410309,0.50252825,-0.99747175,0.34666666,0.42666668,0
0.91562337,0.5803564,0.52038777,0.97961223,0.43,0.84,0
0.8791737,0.9278874,-0.5018338,-0.9981662,0.48666668,0.8,0
0.915561,0.08910096,0.500537,0.999463,0.74666667,0.49666667,1
0.46652368,0.33112374,0.50309443,0.99690557,0.43666667,0.38666666,1
0.4221923,0.64310193,-0.512714,0.987286,0.43,0.36,0
0.77775645,0.6774809,0.50742054,-0.99257946,0.7,0.44,0
0.6070456,0.32780132,-0.50001675,0.99998325,0.44,0.5566667,1
0.9545495,0.42846885,-0.5179022,-0.9820978,0.85,0.43,0
0.08087227,0.35292196,-0.51363385,-0.98636615,0.026666667,0.42666668,1
0.084334955,0.2621505,0.5020201,-0.9979799,0.016666668,0.42666668,0
0.043657377,0.5315398,-0.504712,0.995288,0.43666667,0.016666668,1
0.031647544,0.41486466,-0.5229135,-0.9770865,0.016666668,0.42666668,1
0.1434794,0.27260536,-0.5249158,0.9750842,0.43666667,0.18,1
0.34986097,0.55225426,-0.52886987,0.97113013,0.44,0.29,1
0.097481,0.49075732,-0.51656884,0.98343116,0.43666667,0.046666667,1
0.72363067,0.12487403,0.58991283,-0.91008717,0.64,0.42666668,0
0.94521827,0.08406072,0.64768004,-0.85231996,0.85,0.43666667,0
0.9682404,0.29949662,0.5002479,0.9997521,0.45,0.69666666,1
0.33539695,0.30443433,0.5285682,-0.9714318,0.26,0.42666668,0
0.7976688,0.41382232,0.52038777,0.97961223,0.44,0.73,1
0.793198,0.053559154,0.5045361,0.9954639,0.67,0.45666668,1
0.40579167,0.60015905,0.95777416,0.54222584,0.44,0.25666666,1
0.339611,0.64372545,-0.5174796,-0.9825204,0.27,0.44,0
0.29042557,0.5134132,-0.78016704,0.71983296,0.44,0.25666666,1
0.4188926,0.37640598,-0.5261188,0.9738812,0.44,0.36,1
0.33024675,0.12843941,0.5000068,-0.9999932,0.26666668,0.42666668,1
0.28002614,0.34956685,-0.50000006,0.99999994,0.42666668,0.22,0
0.33161268,0.91943127,-0.5002999,-0.9997001,0.38,0.34666666,1
0.8355249,0.055185556,0.50022686,-0.99977314,0.76666665,0.43666667,0
0.10875585,0.8398293,-0.5044998,0.9955002,0.44,0.05,1
0.49522665,0.09122931,0.50023955,0.99976045,0.43,0.42666668,0
0.17513424,0.8843791,-0.5009107,0.9990893,0.44,0.12,1
0.57576877,0.5996464,-0.503665,-0.996335,0.52,0.43,1
0.9264559,0.44380832,0.502485,-0.997515,0.85,0.43,0
0.28097722,0.4352446,-0.75348204,-0.74651796,0.22666667,0.43,1
0.6688748,0.35680312,0.64768004,-0.85231996,0.59,0.43666667,0
0.5836254,0.47318745,0.50286645,-0.99713355,0.51666665,0.43666667,0
0.3199043,0.55032945,0.5537972,-0.9462028,0.24,0.42666668,0
0.49548626,0.87100816,-0.50202596,-0.99797404,0.43666667,0.44,1
0.29149345,0.05450089,0.5003575,-0.9996425,0.22666667,0.42666668,1
0.03931373,0.9477346,-0.5537972,-0.9462028,0.4,0.046666667,1
0.118643634,0.45018047,-0.50067097,-0.99932903,0.05666667,0.43666667,1
0.35411945,0.71837336,0.50006485,0.99993515,0.43,0.28,0
0.5433553,0.17272758,0.50000006,0.99999994,0.42666668,0.47666666,0
0.47924256,0.8803553,-0.51623225,0.98376775,0.43666667,0.41666666,1
0.6911164,0.34745973,0.51456034,0.98543966,0.43666667,0.6166667,1
0.44897246,0.07148356,-0.82827103,-0.67172897,0.43,0.43666667,1
0.2450247,0.46394438,0.52053964,0.97946036,0.43,0.17,0
0.92384785,0.42749992,0.82827103,-0.67172897,0.79,0.42666668,0
0.58699507,0.6140277,0.5246903,-0.9753097,0.51666665,0.43666667,0
0.81413686,0.5711375,0.5078712,0.9921288,0.43666667,0.74666667,1
0.72933406,0.896987,-0.5016449,-0.9983551,0.51,0.64,0
0.58929676,0.25861144,-0.5014512,0.9985488,0.45,0.52,1
0.93348825,0.33138394,0.77555716,-0.72444284,0.83,0.42666668,0
0.046251588,0.655343,-0.511881,0.988119,0.42666668,0.016666668,0
0.73418224,0.14379787,0.7287714,0.7712286,0.42666668,0.59,0
0.40447602,0.1443158,-0.5376543,-0.9623457,0.34666666,0.43,1
0.3362815,0.7996786,-0.51814,-0.98186,0.27666667,0.42666668,1
0.74224967,0.6323281,-0.51209176,0.98790824,0.43666667,0.6766667,1
0.8640464,0.66725886,0.50109154,0.99890846,0.42666668,0.7966667,0
0.2475539,0.47439414,0.5294851,0.9705149,0.43,0.18,0
0.26330772,0.10568158,0.50429994,0.99570006,0.21666667,0.35666665,0
0.9405174,0.338925,0.5284136,-0.9715864,0.85,0.43,0
0.093676075,0.22132854,0.50240546,-0.99759454,0.026666667,0.43666667,0
0.12531924,0.46017376,-0.50067097,-0.99932903,0.06666667,0.42666668,1
0.75799596,0.69725376,0.5017937,-0.9982063,0.69,0.44,0
0.23432288,0.2485307,-0.5143249,0.9856751,0.42666668,0.19666667,0
0.43908972,0.36102924,0.5051402,0.9948598,0.43666667,0.35666665,1
0.6155942,0.6037874,-0.52815276,0.97184724,0.44,0.5466667,1
0.5570117,0.38768545,0.51511097,-0.98488903,0.48,0.42666668,0
0.4678813,0.19339027,0.5253551,-0.9746449,0.39,0.44,0
0.8216141,0.38484645,0.52632076,0.97367924,0.43,0.75,0
0.3373401,0.7197722,0.5040408,-0.9959592,0.26666668,0.34666666,0
0.121685654,0.20658806,0.52165866,-0.97834134,0.046666667,0.43666667,0
0.5204181,0.68269795,0.5012123,-0.9987877,0.45666668,0.42666668,1
0.31911972,0.20207214,-0.50078493,0.99921507,0.43,0.25666666,0
0.69733876,0.63191915,-0.5149216,0.9850784,0.43333334,0.63666666,1
0.6222339,0.7643044,-0.5007285,0.9992715,0.42666668,0.5566667,0
0.5186372,0.63519454,-0.5001841,-0.9998159,0.46,0.44,1
0.44579667,0.11525459,0.5006407,0.9993593,0.40666667,0.37666667,0
0.019042306,0.93151826,0.5261188,0.9738812,0.43,0.016666668,0
0.2159502,0.65413177,0.54529023,-0.95470977,0.14,0.34666666,0
0.11509228,0.20310375,0.51825434,-0.98174566,0.036666665,0.42666668,0
0.8320969,0.18419683,0.50018305,0.99981695,0.5,0.58666664,1
0.7646284,0.56874627,0.5097392,-0.9902608,0.69666666,0.44,0
0.9604845,0.6782931,-0.52672684,0.97327316,0.44,0.85,1
0.41133714,0.7599423,0.5006231,0.9993769,0.43,0.34,0
0.7720072,0.47541738,0.50934196,-0.99065804,0.70666665,0.43666667,1
0.3775627,0.28394574,0.5209307,0.9790693,0.37666667,0.29666665,0
0.39922214,0.48427513,-0.52886987,0.97113013,0.43,0.34,0
0.95037717,0.9386018,-0.7096902,-0.7903098,0.48666668,0.8,0
0.20752254,0.58962196,0.5186407,-0.9813593,0.13,0.44,0
0.10685909,0.85674393,-0.52699023,-0.97300977,0.32,0.26,1
0.6222943,0.22127162,0.5017188,-0.9982812,0.5466667,0.44,0
0.960968,0.13110514,-0.5116801,0.9883199,0.74,0.5366667,1
0.8921252,0.22996196,-0.77555716,-0.72444284,0.83,0.42666668,1
0.47488704,0.8118571,-0.5152549,0.9847451,0.43,0.41666666,0
0.22563986,0.34196225,-0.50078493,0.99921507,0.43,0.15666667,0
0.691868,0.26328695,0.8007053,-0.6992947,0.57666665,0.44,0
0.18626784,0.02177207,-0.5000179,0.9999821,0.12,0.43,0
0.445591,0.4410747,0.507403,0.992597,0.42666668,0.36666667,0
0.27019578,0.60090923,-0.5044998,0.9955002,0.44,0.21,1
0.48754874,0.37173802,0.50119513,-0.99880487,0.42,0.43666667,0
0.7299144,0.789955,0.50000083,0.99999917,0.43666667,0.64666665,1
0.33647668,0.7751543,-0.50116175,-0.99883825,0.28,0.42666668,1
0.27371877,0.49511555,0.5136162,0.9863838,0.44,0.2,1
0.6755486,0.19696543,-0.5049829,0.9950171,0.56,0.61,1
0.6112929,0.14414638,-0.51769716,0.98230284,0.52,0.56,1
0.7201798,0.05251814,-0.52674025,0.97325975,0.66,0.46,1
0.27932277,0.72056323,-0.51137877,0.98862123,0.44,0.22,1
0.7350679,0.8816537,-0.51169413,-0.98830587,0.52,0.65,0
0.45769623,0.94011855,0.5206191,-0.9793809,0.4,0.38666666,1
0.56295604,0.8064864,-0.8549946,0.6450054,0.42666668,0.54,0
0.41044506,0.42812106,-0.53019345,0.96980655,0.44,0.36,1
0.5605569,0.898509,-0.8603312,-0.6396688,0.51,0.56666666,1
0.6120163,0.9540559,-0.50018305,0.99981695,0.43,0.56,0
0.6986088,0.6479935,-0.5183222,0.9816778,0.42666668,0.63666666,0
0.2801117,0.0526187,0.5075303,-0.9924697,0.20666666,0.42666668,0
0.2765558,0.032353148,0.5293931,0.9706069,0.19666667,0.42666668,0
0.1728961,0.15275246,0.51621485,-0.98378515,0.10666667,0.43666667,1
0.673194,0.22003514,0.52196765,-0.97803235,0.6066667,0.42666668,1
0.051418647,0.40715453,-0.514103,-0.985897,0.016666668,0.43666667,1
0.62073994,0.78115803,-0.5065146,-0.9934854,0.57,0.5,1
0.7039018,0.40685704,-0.5160354,-0.9839646,0.64666665,0.43666667,1
0.35764116,0.3120371,0.507403,0.992597,0.37666667,0.27666667,0
0.05859372,0.7672106,0.52316904,0.97683096,0.42666668,0.016666668,0
0.17017777,0.79098177,0.5092693,0.9907307,0.42666668,0.096666664,0
0.3981289,0.67348045,0.51160145,-0.98839855,0.33333334,0.41666666,1
0.54803216,0.96933055,-0.50316155,-0.99683845,0.44,0.48666668,0
0.3980385,0.12795314,0.5315452,0.9684548,0.34666666,0.32666665,0
0.1586973,0.09042203,0.50067097,-0.99932903,0.086666666,0.43666667,0
0.45263588,0.45572835,0.5076533,0.9923467,0.43666667,0.37666667,1
0.8507551,0.8307046,-0.5033819,0.9966181,0.44,0.8,1
0.8671973,0.039612498,-0.50087637,0.99912363,0.8,0.43666667,1
0.8479949,0.62074393,0.5078712,0.9921288,0.42666668,0.77666664,0
0.5060287,0.8709159,-0.50199664,0.99800336,0.42666668,0.43666667,0
0.27738458,0.23437092,0.5172571,-0.9827429,0.19666667,0.44,0
0.7929039,0.8263183,0.51625144,0.98374856,0.42666668,0.7266667,0
0.09940159,0.47616732,-0.514103,-0.985897,0.036666665,0.42666668,1
0.79687876,0.585591,0.50581396,-0.99418604,0.73,0.43,0
0.064997055,0.13198623,0.50316155,-0.99683845,0.016666668,0.42666668,1
0.78801143,0.15994626,-0.50041336,0.99958664,0.68,0.56333333,1
0.42906678,0.054194238,-0.50197285,0.99802715,0.41666666,0.4,0
0.69061655,0.78971696,0.5000376,0.9999624,0.43666667,0.61,1
0.49822265,0.5075194,-0.6280255,-0.8719745,0.44666666,0.43,1
0.04736977,0.74183184,0.5216453,0.9783547,0.43666667,0.016666668,1
0.9522248,0.66526,-0.5004131,0.9995869,0.43,0.85,0
0.4412622,0.3047028,0.5206565,0.9793435,0.42666668,0.37666667,0
0.49591056,0.72182655,0.53899324,0.96100676,0.43666667,0.42,1
0.76246893,0.046790205,0.5001137,-0.9998863,0.69666666,0.42666668,1
0.67729527,0.43539283,0.50781536,-0.99218464,0.6,0.43666667,0
0.48976356,0.5601956,-0.62816745,0.87183255,0.44,0.42666668,1
0.7741782,0.6083837,0.50007355,-0.99992645,0.7,0.43,0
0.8686729,0.49518433,-0.5025802,-0.9974198,0.81,0.43,1
0.7573932,0.72793126,0.51130503,0.98869497,0.42666668,0.6766667,0
0.7728898,0.27820656,-0.52567303,-0.97432697,0.71,0.43,1
0.41691008,0.5755243,-0.53060794,0.96939206,0.44,0.36,1
0.28104982,0.33384413,0.8820679,-0.6179321,0.17666666,0.44,0
0.54058933,0.59666693,-0.50065464,-0.99934536,0.48,0.43,1
0.8492421,0.03142402,0.50008374,-0.99991626,0.76666665,0.43666667,0
0.8017046,0.43743727,-0.50034666,0.99965334,0.43666667,0.74666667,1
0.9399332,0.9565147,-0.6791726,0.8208274,0.42666668,0.85,0
0.96632415,0.9757432,-0.77740985,-0.72259015,0.43666667,0.85,0
0.81616807,0.3965864,-0.5148197,0.9851803,0.42666668,0.74666667,0
0.39721185,0.8383887,0.527028,-0.972972,0.31666666,0.35666665,0
0.9101562,0.787906,0.50601625,0.99398375,0.42666668,0.8466667,0
0.8045761,0.8258347,-0.5236314,0.9763686,0.44,0.75,1
0.14726599,0.14152099,0.50240546,-0.99759454,0.06666667,0.43666667,0
0.7497566,0.5257702,-0.5076937,0.9923063,0.43666667,0.69666666,1
0.48008987,0.1265984,-0.5040922,0.9959078,0.42666668,0.42666668,0
0.15346543,0.5690555,0.51757336,-0.98242664,0.08,0.43,0
0.9259963,0.08132868,0.5148197,0.9851803,0.74666667,0.48666668,1
0.5832603,0.5290407,0.5026333,0.9973667,0.43666667,0.51666665,1
0.63800323,0.6360909,0.5041908,-0.9958092,0.5566667,0.43666667,0
0.38141638,0.5094241,-0.5002848,-0.9997152,0.31666666,0.44,1
0.5327347,0.33912313,0.50067776,0.99932224,0.42666668,0.45666668,0
0.039214585,0.37747884,-0.51814,-0.98186,0.016666668,0.43666667,1
0.75006676,0.7535382,0.5000005,0.9999995,0.42666668,0.6766667,0
0.7833296,0.7307434,0.5199944,-0.9800056,0.69,0.44,0
0.6789719,0.3239566,-0.5007309,-0.9992691,0.62666667,0.42666668,1
0.8185684,0.031882197,0.5004454,-0.9995546,0.7366667,0.42666668,0
0.3327715,0.78249764,-0.5014085,-0.9985915,0.27666667,0.42666668,1
0.5157053,0.8459339,0.52053964,0.97946036,0.44,0.44,1
0.8374495,0.23983169,-0.5300703,-0.9699297,0.78,0.44,1
0.46018654,0.1916502,0.5034597,-0.9965403,0.39,0.43,0
0.04914395,0.26574677,0.50116175,-0.99883825,0.016666668,0.43666667,1
0.7107823,0.4166967,-0.5160354,-0.9839646,0.6566667,0.42666668,1
0.96939594,0.027559118,-0.81279236,0.68720764,0.85,0.42666668,1
0.24951233,0.07623176,-0.51074183,0.98925817,0.27666667,0.39,0
0.38991386,0.27995542,0.50000083,0.99999917,0.40666667,0.31666666,0
0.74669284,0.10956686,0.50000006,-0.99999994,0.6666667,0.42666668,0
0.55676466,0.57260233,-0.5008655,-0.9991345,0.49666667,0.44,1
0.4153561,0.6529748,-0.512714,0.987286,0.44,0.35,1
0.26719618,0.70149267,-0.51814,-0.98186,0.21666667,0.42666668,1
0.099163346,0.49542427,-0.531707,-0.968293,0.036666665,0.42666668,1
0.52310896,0.8806806,-0.50130165,-0.99869835,0.47,0.43,1
0.13659838,0.20059833,0.5082483,-0.9917517,0.06666667,0.43666667,0
0.8686823,0.4840407,-0.50020695,0.99979305,0.43,0.8066667,0
0.383265,0.16890673,0.50000054,-0.99999946,0.3,0.43,0
0.46159297,0.74612767,0.5289614,-0.9710386,0.38666666,0.42666668,0
0.9201993,0.7054839,-0.522654,0.977346,0.44,0.85,1
0.9476915,0.67538685,-0.5007005,-0.9992995,0.7266667,0.45,0
0.58190674,0.7106817,-0.51876336,0.98123664,0.42666668,0.52666664,0
0.76564765,0.4649975,0.5004529,-0.9995471,0.69666666,0.42666668,0
0.9585335,0.05980175,0.5452553,0.9547447,0.82,0.46666667,1
0.3266727,0.15837613,-0.5,1.0,0.43666667,0.3,1
0.4869113,0.39697307,-0.50684124,-0.99315876,0.42,0.44,0
0.022963034,0.4297572,0.5075303,-0.9924697,0.016666668,0.42666668,1
0.06823558,0.6342128,-0.5216453,0.9783547,0.42666668,0.016666668,0
0.24785241,0.6511766,-0.53019345,0.96980655,0.43,0.19,0
0.3240067,0.13168788,-0.50339705,0.99660295,0.42666668,0.31666666,0
0.9532765,0.28143662,0.5298061,0.9701939,0.42666668,0.68666667,0
0.33968505,0.6237218,0.5026418,0.9973582,0.43,0.27,0
0.7789496,0.16002446,-0.50011927,0.99988073,0.67,0.57,1
0.97878516,0.36784565,-0.5017937,-0.9982063,0.85,0.43,0
0.15807118,0.6968987,-0.7259763,0.7740237,0.44,0.096666664,1
0.36852852,0.25721198,-0.5007498,-0.9992502,0.30666667,0.44,1
0.409223,0.4557553,-0.5054786,-0.9945214,0.35,0.44,1
0.941338,0.31127846,0.5097392,-0.9902608,0.85,0.44,0
0.97348875,0.6531056,-0.5033707,-0.9966293,0.75666666,0.44,0
0.12506424,0.48645025,-0.50023854,0.99976146,0.42666668,0.05666667,0
0.20313028,0.28933573,-0.5000045,-0.9999955,0.14,0.43,1
0.20357828,0.22493666,-0.5320281,-0.9679719,0.15,0.43,1
0.6254474,0.20399973,0.5211383,0.9788617,0.44,0.5566667,1
0.6550407,0.87381095,-0.50241876,-0.99758124,0.53,0.56,0
0.94109315,0.7373708,-0.5126755,0.9873245,0.44,0.85,1
0.85823363,0.80138624,0.52278644,0.97721356,0.43666667,0.7866667,1
0.4997951,0.29671738,-0.5191621,0.9808379,0.44,0.44,1
0.2953512,0.85445213,-0.5864834,0.9135166,0.44,0.22666667,1
0.7467786,0.5253563,-0.51314753,-0.98685247,0.68666667,0.43666667,1
0.2723798,0.2720172,-0.50078493,0.99921507,0.44,0.20666666,1
0.338568,0.37438545,0.50750417,-0.99249583,0.26,0.43,0
0.9813699,0.11,-0.49978203,-0.5,0.85,0.43333334,0
0.74192923,0.7056508,0.5022356,-0.9977644,0.67,0.44,0
0.491105,0.4732785,-0.52353114,0.97646886,0.44,0.43,1
0.8420358,0.79697454,0.5255892,0.9744108,0.43666667,0.76666665,1
0.5035617,0.95640016,0.50289893,0.99710107,0.43,0.44,0
0.5421466,0.039684087,0.500159,0.999841,0.46,0.44,1
0.6693356,0.37810126,0.5197696,-0.9802304,0.58666664,0.43666667,0
0.29569682,0.6472988,0.50289893,0.99710107,0.44,0.23,1
0.4219143,0.9296207,-0.50240546,-0.99759454,0.39666668,0.42666668,1
0.30163127,0.5452505,-0.75276834,0.74723166,0.43,0.24666667,0
0.0928786,0.5222065,-0.5289393,-0.9710607,0.026666667,0.42666668,1
0.84082687,0.4173087,0.52410465,0.97589535,0.44,0.76,1
0.32034734,0.87014544,0.5093245,-0.9906755,0.32666665,0.27666667,1
0.38271078,0.7566471,0.82827103,-0.67172897,0.3,0.33666667,0
0.2718797,0.2652627,-0.5001841,-0.9998159,0.21,0.43,1
0.5112192,0.91615146,0.51044905,0.98955095,0.42666668,0.44,0
0.21031192,0.85176784,-0.50092846,-0.99907154,0.31,0.34666666,1
0.75588155,0.6305241,0.5119483,-0.9880517,0.68,0.43,0
0.15442042,0.830033,0.5021709,0.9978291,0.43666667,0.07666667,1
0.018565495,0.9279319,0.65557605,0.84442395,0.44,0.016666668,1
0.13880667,0.6533148,-0.5001441,-0.9998559,0.12,0.42666668,1
0.046337985,0.88290673,-0.50001204,-0.99998796,0.34,0.13,1
0.6336926,0.7041073,0.5294719,0.9705281,0.43666667,0.55,1
0.6347464,0.24494007,-0.51398766,0.98601234,0.51,0.57,1
0.6046707,0.22911382,-0.50021917,0.99978083,0.47,0.55,1
0.8042574,0.8730506,0.52985626,0.97014374,0.43666667,0.7366667,1
0.83014745,0.17726053,0.66124076,-0.83875924,0.76,0.42666668,0
0.8253218,0.09215157,0.51305026,0.98694974,0.63,0.50666666,1
0.7309369,0.06637355,-0.5083545,0.9916455,0.66,0.47,1
0.6433222,0.15151854,0.62496537,0.87503463,0.42666668,0.56,0
0.8379052,0.11521754,0.5174994,0.9825006,0.6066667,0.51666665,1
0.051121447,0.80058247,-0.52745646,-0.97254354,0.26,0.30666667,1
0.10290614,0.3304718,-0.5170552,-0.9829448,0.04,0.42666668,1
0.0710867,0.28716186,0.5019426,-0.9980574,0.016666668,0.42666668,1
0.13188186,0.9376845,-0.5178842,0.9821158,0.43,0.07,0
0.5429497,0.503127,0.51352096,-0.98647904,0.47666666,0.43666667,1
0.040745463,0.18840775,-0.50006485,0.99993515,0.24,0.27,0
0.45020747,0.14661203,0.51757336,-0.98242664,0.37,0.44,0
0.43925166,0.44182202,-0.52674025,0.97325975,0.44,0.38,1
0.5131881,0.69406796,-0.54862225,0.95137775,0.43,0.44666666,0
0.1868124,0.12756325,-0.5054786,-0.9945214,0.12,0.43,0
0.08653362,0.41038,-0.95777416,0.54222584,0.43,0.16666667,0
0.54326415,0.09324429,0.5011229,0.9988771,0.43666667,0.46,1
0.09676813,0.68192565,-0.50092846,-0.99907154,0.14,0.43666667,1
0.34978223,0.7049268,-0.52661175,0.97338825,0.43,0.28666666,0
0.5790228,0.608444,-0.54862225,0.95137775,0.44,0.51666665,1
0.9082988,0.32266212,-0.5251353,0.9748647,0.45666668,0.7266667,1
0.87335086,0.24070495,-0.5152549,0.9847451,0.63,0.6566667,1
0.76716703,0.9146202,0.5000279,-0.9999721,0.49666667,0.6,0
0.9015643,0.9219811,0.5009595,0.9990405,0.43666667,0.83666664,1
0.19112465,0.20970769,0.5090285,-0.9909715,0.12666667,0.42666668,1
0.2725686,0.14009906,0.503302,0.996698,0.23666666,0.32666665,0
0.43563697,0.531571,0.5004492,0.9995508,0.43666667,0.36,1
0.12503134,0.45142007,-0.51656884,0.98343116,0.43666667,0.06666667,1
0.73126626,0.5006394,-0.5271501,-0.9728499,0.6766667,0.42666668,1
0.071882054,0.78191864,0.5001899,0.9998101,0.42666668,0.016666668,0
0.53681386,0.34931555,-0.50591415,0.99408585,0.43,0.48,0
0.63843286,0.1944808,-0.5021835,0.9978165,0.52,0.58,1
0.18686551,0.36016512,-0.5007274,-0.9992726,0.13,0.44,1
0.85991734,0.09281279,-0.8347108,0.6652892,0.75,0.52666664,1
0.6679622,0.18539901,0.5019888,0.9980112,0.43,0.6,0
0.6289939,0.2790966,-0.50010324,-0.99989676,0.56666666,0.42666668,1
0.6513236,0.32449734,-0.698525,0.801475,0.48,0.5966667,1
0.08718256,0.06776537,-0.6494489,-0.8505511,0.026666667,0.43,1
0.5121988,0.8999109,0.50014836,-0.99985164,0.43666667,0.43,0
0.09183234,0.29148036,-0.50316155,-0.99683845,0.04,0.42666668,1
0.035246123,0.19934459,0.5104048,0.9895952,0.23666666,0.26,0
0.059726235,0.35067338,0.51974744,-0.98025256,0.016666668,0.42666668,1
0.51312387,0.4449826,0.52196765,-0.97803235,0.43666667,0.43666667,0
0.6915252,0.40494737,0.5253485,0.9746515,0.42666668,0.6166667,0
0.0429227,0.22124167,-0.5174796,-0.9825204,0.016666668,0.43,1
0.2785749,0.27,-0.43171299,-0.5,0.21333334,0.43333334,1
0.8605082,0.37514222,-0.5199303,0.9800697,0.42666668,0.7866667,0
0.7127112,0.3677252,-0.51854765,-0.98145235,0.6566667,0.43,1
0.14631377,0.56026417,-0.51032966,0.98967034,0.43666667,0.08,1
0.59232986,0.8967591,0.5133742,-0.9866258,0.52,0.44,0
0.8951703,0.090922005,0.5199303,0.9800697,0.69666666,0.49666667,1
0.9549155,0.83331615,0.95777416,0.54222584,0.43,0.68666667,0
0.8654136,0.14371017,0.66124076,-0.83875924,0.78,0.42666668,0
0.3348307,0.7999334,-0.50240546,-0.99759454,0.26666668,0.43666667,0
0.073631935,0.4190878,-0.51825434,-0.98174566,0.016666668,0.42666668,1
0.544256,0.4010337,-0.53060794,0.96939206,0.44,0.48,1
0.24176845,0.5044396,0.5003032,-0.9996968,0.16,0.44,0
0.18444794,0.38421762,0.52680165,0.97319835,0.44,0.11,1
0.6463523,0.14291574,0.50001127,0.99998873,0.44,0.55,1
0.95591515,0.8792065,0.5007018,-0.9992982,0.52666664,0.7366667,0
0.7225472,0.52854735,0.50464594,-0.99535406,0.6566667,0.43666667,1
0.7302776,0.50314623,-0.5219326,-0.9780674,0.6666667,0.43666667,1
0.7993933,0.48221204,0.55404955,-0.94595045,0.72,0.42666668,0
0.147885,0.9043163,-0.5004821,-0.9995179,0.36,0.2,1
0.4351648,0.4398314,-0.50055695,-0.99944305,0.38,0.43,1
0.52387923,0.04768584,-0.5006546,-0.9993454,0.45666668,0.43666667,0
0.16274218,0.91598946,0.50856197,-0.99143803,0.38,0.10666667,1
0.031398095,0.14498986,-0.5026418,0.9973582,0.17,0.31,0
0.7357694,0.5677423,0.5291681,-0.9708319,0.6566667,0.43666667,0
0.59335357,0.4502904,-0.5008909,0.9991091,0.43,0.52666664,0
0.3143224,0.26279,0.989443,0.510557,0.44,0.19666667,1
0.66760993,0.618559,-0.5042508,0.9957492,0.42666668,0.6066667,0
0.60958654,0.5346113,0.50781536,-0.99218464,0.54,0.43666667,0
0.6856931,0.7143589,-0.5001011,0.9998989,0.43666667,0.6166667,1
0.889571,0.41361356,0.50829893,0.99170107,0.44,0.81,1
0.66291964,0.31174484,-0.5012191,-0.9987809,0.5966667,0.42666668,1
0.69538796,0.90170157,0.50045544,-0.99954456,0.49666667,0.51,0
0.72175163,0.67992663,0.5119483,-0.9880517,0.65,0.44,0
0.4525985,0.9247826,0.50058746,0.99941254,0.43666667,0.38,1
0.93175423,0.05474149,-0.7145351,0.7854649,0.82,0.45666668,1
0.8574669,0.46195593,0.5033819,0.9966181,0.43,0.79,0
0.955879,0.23046865,0.5204562,0.9795438,0.52,0.64666665,1
0.41589582,0.42732304,0.5537972,-0.9462028,0.35,0.43666667,1
0.7509415,0.7373331,-0.51843274,0.98156726,0.43,0.7,0
0.6621849,0.5153991,0.5004127,0.9995873,0.43666667,0.5966667,1
0.9703427,0.3736215,0.50713813,-0.99286187,0.85,0.43,0
0.68733376,0.31581336,-0.5024313,-0.9975687,0.62666667,0.43,1
0.9703382,0.7353258,-0.526831,-0.973169,0.68666667,0.47666666,0
0.38728294,0.40578562,-0.51462954,-0.98537046,0.33,0.43,1
0.19697338,0.029387737,0.5209307,0.9790693,0.11666667,0.43666667,0
0.8862052,0.43944272,-0.5174994,0.9825006,0.43666667,0.82666665,1
0.40996566,0.67852014,0.5074717,0.9925283,0.42666668,0.34,0
0.6797142,0.24728826,0.52038777,0.97961223,0.43,0.6,0
0.6047917,0.67299724,-0.52283937,0.97716063,0.43666667,0.5466667,1
0.49889928,0.7027482,0.51735455,-0.98264545,0.42666668,0.42666668,0
0.023854775,0.83940136,0.5034597,-0.9965403,0.3,0.18,1
0.3635821,0.44471052,-0.50078654,0.99921346,0.44,0.3,1
0.49110395,0.51696104,-0.5043574,-0.9956426,0.43,0.44,1
0.87437755,0.93237925,-0.515356,0.984644,0.43,0.81,0
0.9136057,0.9351286,0.50078905,0.99921095,0.42666668,0.83666664,0
0.060687143,0.4406905,-0.5067811,-0.9932189,0.016666668,0.42666668,1
0.30002272,0.66855913,-0.51363385,-0.98636615,0.24666667,0.42666668,1
0.68634015,0.39769387,-0.5864834,0.9135166,0.44,0.62666667,1
0.9121917,0.52531785,0.5004131,0.9995869,0.43,0.83,0
0.735031,0.64127624,0.5034344,0.9965656,0.42666668,0.6566667,0
0.72814703,0.3,0.49978203,-0.5,0.6533333,0.43333334,0
0.9533563,0.3585106,0.5170289,0.9829711,0.44,0.76666665,1
0.37385544,0.18104587,-0.511881,0.988119,0.42666668,0.31666666,0
0.77940786,0.22926131,0.5243661,-0.9756339,0.69666666,0.42666668,0
0.50192165,0.79005396,0.5253224,0.9746776,0.43,0.42,0
0.24917647,0.90921694,0.50348336,-0.99651664,0.37666667,0.19666667,1
0.42198682,0.1555477,0.5004127,0.9995873,0.39666668,0.35666665,0
0.3785901,0.8737931,0.5002336,-0.9997664,0.33,0.34666666,1
0.95334405,0.22702533,0.5081605,-0.9918395,0.85,0.44,0
0.72654516,0.7663348,0.52985626,0.97014374,0.42666668,0.64666665,0
0.7153763,0.33394796,-0.51301336,0.98698664,0.54,0.64666665,1
0.105955586,0.62537503,0.51556325,-0.98443675,0.08,0.43666667,1
0.59937876,0.1186553,-0.5107209,-0.9892791,0.5466667,0.44,1
0.82913756,0.4778342,0.5005234,0.9994766,0.43,0.76,0
0.948482,0.6442432,-0.5061452,0.9938548,0.43,0.85,0
0.23196414,0.56412214,0.5028157,0.9971843,0.43666667,0.15,1
0.14759791,0.5275011,0.8603312,-0.6396688,0.06666667,0.42666668,0
0.78727037,0.5729279,-0.50990593,-0.99009407,0.7366667,0.44,1
0.36716595,0.37268022,-0.5027061,0.9972939,0.43,0.31,0
0.8100668,0.84353817,0.5000005,0.9999995,0.43666667,0.74666667,1
0.76960206,0.7170002,0.51902854,-0.98097146,0.69,0.43,0
0.24889207,0.46657437,0.52082604,0.97917396,0.44,0.17,1
0.8546728,0.6939147,-0.5316995,-0.9683005,0.7266667,0.51666665,0
0.45962092,0.48957032,0.64381516,0.85618484,0.43666667,0.39,1
0.018226927,0.5850595,0.52613693,0.97386307,0.43666667,0.016666668,1
0.42489725,0.40888292,-0.5297975,0.9702025,0.44,0.36,1
0.43937424,0.6757935,0.50274754,-0.99725246,0.35666665,0.42666668,0
0.37852335,0.8901936,0.50037146,-0.99962854,0.34666666,0.33666667,1
0.8621339,0.32644644,-0.50360334,0.99639666,0.51666665,0.7366667,1
0.37253892,0.107825205,-0.52472216,0.97527784,0.43666667,0.34666666,1
0.6125228,0.279806,-0.5010967,-0.9989033,0.5566667,0.42666668,1
0.6995091,0.15011162,-0.95777416,0.54222584,0.63,0.64666665,1
0.76320744,0.6746289,0.50231403,0.99768597,0.42666668,0.68666667,0
0.5069388,0.9599931,-0.50000834,-0.99999166,0.44666666,0.43666667,1
0.88558394,0.6840653,0.50365555,0.99634445,0.43,0.82,0
0.16013964,0.4014372,0.5172571,-0.9827429,0.086666666,0.43,0
0.13296469,0.111957595,-0.5014046,0.9985954,0.22,0.34,0
0.7515521,0.8332699,-0.5107489,-0.9892511,0.57,0.65,0
0.025700824,0.34080717,-0.50009644,0.99990356,0.43666667,0.12,1
0.44913656,0.24978054,0.51731277,-0.98268723,0.37,0.43,0
0.8359817,0.9301315,0.5209307,0.9790693,0.43666667,0.75666666,1
0.046003684,0.7454168,-0.504134,-0.995866,0.21,0.37,1
0.06011535,0.5930556,-0.51798415,0.98201585,0.42666668,0.016666668,0
0.6303246,0.6419951,-0.51876336,0.98123664,0.43666667,0.57666665,1
0.9037637,0.3103359,-0.5167464,0.9832536,0.48666668,0.71666664,1
0.33036688,0.7867876,-0.5122189,0.9877811,0.43,0.27,0
0.3129543,0.27779374,0.50197065,-0.99802935,0.24,0.43,0
0.8055117,0.89883804,-0.525615,-0.974385,0.50666666,0.73,0
0.6041773,0.80175495,0.501631,-0.998369,0.52666664,0.43,0
0.40276462,0.67762303,0.5057325,-0.9942675,0.32666665,0.42666668,0
0.91914123,0.21967289,0.700556,-0.799444,0.84,0.43666667,0
0.6102005,0.61176795,-0.522971,0.977029,0.43,0.5566667,0
0.58736557,0.39563262,0.5167617,0.9832383,0.42666668,0.50666666,0
0.59825456,0.91627175,-0.5198499,0.9801501,0.44,0.54,1
0.9352161,0.80344766,0.526831,-0.973169,0.6166667,0.5466667,0
0.8688052,0.9370184,0.51026183,0.98973817,0.42666668,0.7866667,0
0.5056199,0.5247873,0.5001475,0.9998525,0.42666668,0.43,0
0.18937783,0.19339377,0.5144287,-0.9855713,0.10666667,0.43666667,0
0.4927726,0.45735446,-0.5107489,-0.9892511,0.43,0.43,1
0.64370745,0.4551141,0.501015,-0.998985,0.56666666,0.42666668,0
0.4767897,0.37745082,-0.52886987,0.97113013,0.44,0.41,1
0.08346251,0.60377204,-0.500767,0.999233,0.42666668,0.02,0
0.19644257,0.5332192,-0.51138496,-0.98861504,0.13666667,0.43666667,1
0.62111896,0.65703934,-0.5004585,-0.9995415,0.56,0.45,1
0.34053153,0.59147507,0.50119513,-0.99880487,0.26,0.39666668,0
0.546049,0.67570716,-0.52320176,-0.97679824,0.48,0.44,1
0.184388,0.42015412,0.5006231,0.9993769,0.43,0.12,0
0.7895903,0.5413986,0.5253485,0.9746515,0.42666668,0.71666664,0
0.8887761,0.52510697,-0.5025802,-0.9974198,0.82,0.44,0
0.67101836,0.8270206,0.5017937,-0.9982063,0.58,0.43,0
0.9009595,0.6054359,-0.5007005,-0.9992995,0.7966667,0.44,0
0.04995671,0.68504125,0.5164681,-0.9835319,0.15,0.43,1
0.438488,0.7147365,-0.5006671,0.9993329,0.44,0.37666667,1
0.3206271,0.8567644,0.627366,0.872634,0.43,0.23666666,0
0.583668,0.57039833,-0.6625102,-0.8374898,0.52666664,0.43,1
0.7801261,0.12365997,0.5290303,-0.9709697,0.71,0.43666667,0
0.95351046,0.44864297,-0.5113399,-0.9886601,0.85,0.44,0
0.5591637,0.5437896,0.50429994,0.99570006,0.43666667,0.47666666,1
0.49184665,0.4866748,-0.50380784,0.99619216,0.44,0.43,1
0.31726167,0.257259,0.5076533,0.9923467,0.31666666,0.23666666,0
0.14459978,0.38224658,-0.504712,0.995288,0.42666668,0.07666667,0
0.39402375,0.43,-0.47978777,-0.5,0.33333334,0.43333334,1
0.9559488,0.2678987,-0.51595175,0.98404825,0.49666667,0.68666667,1
0.87883085,0.47533852,0.5004131,0.9995869,0.44,0.8,1
0.5198896,0.5601924,-0.5008909,0.9991091,0.44,0.45666668,1
0.85902005,0.12668075,-0.51301336,0.98698664,0.75,0.5366667,1
0.29031757,0.43883595,0.5108536,-0.9891464,0.21,0.43,0
0.8871762,0.70907414,-0.522316,0.977684,0.44,0.83,1
0.6942662,0.5755456,-0.50360334,0.99639666,0.42666668,0.62666667,0
0.84671074,0.366445,0.50934196,-0.99065804,0.77666664,0.42666668,0
0.71989703,0.6852198,-0.53767246,-0.96232754,0.6666667,0.55,1
0.4668832,0.11016679,-0.50101805,0.99898195,0.43666667,0.41,1
0.8848504,0.54586405,-0.5049162,0.9950838,0.43,0.83,0
0.091164395,0.25722015,0.5019426,-0.9980574,0.026666667,0.43666667,1
0.24628301,0.6342223,-0.5000159,-0.9999841,0.18,0.42666668,1
0.5500558,0.31683716,-0.50095224,0.99904776,0.43,0.5,0
0.88198084,0.111812964,-0.5253711,-0.9746289,0.83,0.44,1
0.6245491,0.08768449,0.5061452,0.9938548,0.45,0.49,1
0.67544544,0.7235581,-0.5052869,0.9947131,0.43666667,0.6066667,1
0.5873382,0.66221505,-0.5187125,0.9812875,0.43666667,0.52666664,1
0.15413971,0.59705913,0.50400573,-0.99599427,0.08,0.44,0
0.2112407,0.52496153,-0.5040922,0.9959078,0.42666668,0.14666666,0
0.33511567,0.6640129,-0.50023746,-0.99976254,0.27,0.42666668,1
0.8160898,0.1469523,0.5093245,-0.9906755,0.7366667,0.42666668,0
0.3615631,0.47623333,-0.50636905,-0.99363095,0.31,0.44,1
0.047464937,0.06620486,0.7345716,0.7654284,0.06666667,0.39,0
0.6152628,0.17184828,0.5537972,-0.9462028,0.54,0.42666668,0
0.4673312,0.9505707,0.51203626,-0.98796374,0.41666666,0.39666668,1
0.5657212,0.5306819,-0.5009924,-0.9990076,0.50666666,0.43,1
0.7030806,0.81453663,-0.5049162,0.9950838,0.44,0.64,1
0.082622185,0.77113026,0.50586665,-0.99413335,0.23,0.23666666,1
0.06730033,0.6234514,-0.8603312,-0.6396688,0.08,0.43666667,1
0.6735192,0.3273694,0.50907946,-0.99092054,0.61,0.42666668,1
0.12960841,0.78315693,-0.5105616,0.9894384,0.43,0.07666667,0
0.5864235,0.44551525,0.50078905,0.99921095,0.43666667,0.50666666,1
0.117252015,0.11810887,-0.5398302,-0.9601698,0.06,0.44,1
0.4536126,0.23293297,0.50751734,0.99248266,0.42666668,0.38666666,0
0.75843024,0.71541685,0.51734567,-0.98265433,0.68,0.44,0
0.47648877,0.7891873,0.5268211,0.9731789,0.44,0.4,1
0.93714374,0.8276653,0.50601625,0.99398375,0.42666668,0.85,0
0.5870802,0.64132065,0.52311164,0.97688836,0.43666667,0.51,1
0.2676252,0.056597624,0.51974744,-0.98025256,0.19666667,0.42666668,0
0.15150471,0.26962623,0.5002999,-0.9997001,0.07666667,0.43666667,0
0.23054254,0.926991,-0.5000334,-0.9999666,0.39,0.24666667,1
0.92398936,0.5157142,0.5000442,0.9999558,0.44,0.85,1
0.6411977,0.7130991,-0.50473696,0.99526304,0.42666668,0.57666665,0
0.54608613,0.35910958,0.50067776,0.99932224,0.42666668,0.47666666,0
0.22383112,0.09009847,-0.525615,-0.974385,0.15666667,0.44,0
0.472034,0.02206302,-0.5001899,0.9998101,0.40666667,0.43,0
0.7396813,0.46089688,0.50790006,0.99209994,0.42666668,0.6566667,0
0.15300722,0.6429096,0.50001204,-0.99998796,0.1,0.37,1
0.9132163,0.6523464,-0.51854765,-0.98145235,0.76666665,0.44,0
0.82198364,0.14276971,-0.50458866,-0.99541134,0.77,0.43,1
0.4744226,0.10764747,-0.83571905,-0.66428095,0.46,0.43666667,1
0.06808646,0.4059159,-0.51980156,-0.98019844,0.016666668,0.43666667,1
0.25211564,0.54065955,0.5309067,0.9690933,0.44,0.17,1
0.24306192,0.22922845,-0.5222132,0.9777868,0.42666668,0.21666667,0
0.29535282,0.704543,-0.5009107,0.9990893,0.44,0.24,1
0.49819085,0.9326801,-0.5183222,0.9816778,0.43666667,0.44666666,1
0.62684053,0.8174185,-0.51224136,0.98775864,0.44,0.57666665,1
0.15333936,0.8183761,0.5,1.0,0.43666667,0.07666667,1
0.71392024,0.82706887,0.51985055,-0.98014945,0.58,0.44,0
0.47690386,0.19935186,-0.50355726,0.99644274,0.44,0.42,1
0.16348356,0.9594429,0.5025423,0.9974577,0.43,0.086666666,0
0.5879416,0.6679308,-0.51669365,0.98330635,0.43666667,0.52666664,1
0.41266707,0.28003556,0.50067157,0.99932843,0.42666668,0.33,0
0.37067643,0.31879625,0.7345716,0.7654284,0.39666668,0.3,0
0.48018855,0.0947942,0.50260484,-0.99739516,0.41,0.43666667,0
0.64826494,0.6673575,-0.50034666,0.99965334,0.42666668,0.5966667,0
0.5258196,0.57275486,-0.50134796,-0.99865204,0.47,0.43,1
0.95906985,0.7190257,-0.50834703,0.99165297,0.43,0.85,0
0.30390596,0.9429837,0.5115045,-0.9884955,0.39666668,0.23666666,1
0.38037133,0.6677956,-0.50001675,0.99998325,0.44,0.31666666,1
0.8934758,0.7561585,-0.5300832,0.9699168,0.44,0.84,1
0.82223046,0.19172707,0.5115045,-0.9884955,0.75666666,0.43666667,1
0.783977,0.88569784,-0.5000442,0.9999558,0.43,0.72,0
0.22599067,0.43230286,-0.519708,0.980292,0.42666668,0.15666667,0
0.10203547,0.14866872,0.5928132,0.9071868,0.15666667,0.3,0
0.9316604,0.26717913,-0.50029564,0.99970436,0.5566667,0.6666667,1
0.21997054,0.36039683,0.5173958,-0.9826042,0.14666666,0.43333334,0
0.9319511,0.29797122,-0.5017937,-0.9982063,0.85,0.44,0
0.34889245,0.4016294,0.5004492,0.9995508,0.40666667,0.27,0
0.17005761,0.1855705,0.531707,-0.968293,0.096666664,0.42666668,0
0.6323664,0.34152275,0.61351997,-0.88648003,0.56,0.42666668,0
0.19659334,0.15519449,-0.5007517,-0.9992483,0.14,0.44,1
0.2050441,0.61100954,0.5002906,0.9997094,0.42666668,0.13,0
0.89735365,0.80780905,-0.5000479,0.9999521,0.43,0.83,0
0.24123779,0.9008121,0.51160145,-0.98839855,0.36333334,0.18666667,1
0.3897511,0.5566086,-0.50095224,0.99904776,0.43,0.32,0
0.044840563,0.82868063,0.50041205,0.99958795,0.43,0.016666668,0
0.934966,0.9739181,-0.53767246,-0.96232754,0.42666668,0.85,0
0.83715314,0.788608,0.5197719,0.9802281,0.43666667,0.76666665,1
0.6181021,0.7273252,0.5047706,-0.9952294,0.54,0.42666668,0
0.19054854,0.32533833,-0.5092693,0.9907307,0.43666667,0.12666667,1
0.8112474,0.5507237,-0.51224136,0.98775864,0.43,0.74666667,0
0.32625085,0.84890264,-0.50087637,0.99912363,0.43,0.26666668,0
0.5175217,0.4198367,0.5013624,0.9986376,0.43666667,0.44666666,1
0.40493694,0.08966499,-0.50691986,0.99308014,0.42666668,0.37666667,0
0.8217654,0.88417804,0.5025802,-0.9974198,0.52666664,0.6,0
0.22594608,0.40753755,0.50197065,-0.99802935,0.15,0.44,0
0.61940455,0.71256614,-0.50134796,-0.99865204,0.55,0.47,0
0.12558375,0.46234637,-0.5009389,-0.9990611,0.05666667,0.42666668,0
0.8409394,0.2927963,-0.52815276,0.97184724,0.58,0.70666665,1
0.51523626,0.12122212,0.50023955,0.99976045,0.44,0.43666667,1
0.63728637,0.7937268,-0.50676763,-0.99323237,0.57,0.52,0
0.93865967,0.12419545,0.5185752,0.9814248,0.69,0.5366667,1
0.48686635,0.655847,0.56180507,0.93819493,0.42666668,0.42,0
0.48311496,0.32684377,-0.5123331,-0.9876669,0.42666668,0.44,1
0.30993158,0.27890667,0.50000054,-0.99999946,0.23,0.44,0
0.03739963,0.15001112,-0.5071794,-0.9928206,0.016666668,0.43,1
0.52073187,0.84196085,0.50934196,-0.99065804,0.45666668,0.42666668,1
0.6593478,0.33542556,0.51352096,-0.98647904,0.58666664,0.42666668,0
0.8599604,0.74939,-0.5029875,0.9970125,0.43,0.81,0
0.5149903,0.4677679,0.5004145,0.9995855,0.43666667,0.44666666,1
0.12975878,0.08408042,0.8549946,0.6450054,0.10666667,0.35,0
0.7100996,0.63039106,-0.989443,0.510557,0.44,0.69666666,1
0.5271009,0.67271006,0.5012123,-0.9987877,0.44666666,0.43666667,0
0.6085604,0.15663025,-0.5297975,0.9702025,0.52,0.54,1
0.06984575,0.58262867,0.5069252,-0.9930748,0.05,0.43,1
0.21430168,0.57471126,0.5094341,0.9905659,0.44,0.14,1
0.62288713,0.18264516,-0.95777416,0.54222584,0.57,0.58666664,1
0.33799726,0.3695957,0.5108536,-0.9891464,0.26,0.44,0
0.8154973,0.7217835,0.50045544,-0.99954456,0.6766667,0.43,0
0.23569687,0.8869571,0.52613693,0.97386307,0.42666668,0.16666667,0
0.16867888,0.35620373,0.52053964,0.97946036,0.4,0.1,0
0.9694458,0.08147034,0.8007053,-0.6992947,0.83666664,0.44,0
0.16532803,0.27976346,0.53899324,0.96100676,0.27666667,0.18,0
0.38407263,0.7095466,0.5009648,-0.9990352,0.31666666,0.40666667,0
0.81208956,0.6541108,-0.50018305,0.99981695,0.43,0.76,0
0.7972428,0.35790348,-0.50505555,-0.99494445,0.74,0.43,1
0.3882457,0.5015064,-0.5003713,0.9996287,0.44,0.33,1
0.73986983,0.91681117,-0.507139,0.992861,0.43,0.67,0
0.15630785,0.61399436,-0.5166259,-0.9833741,0.086666666,0.42666668,0
0.10922935,0.3467932,0.50550735,0.99449265,0.41,0.11,0
0.34379116,0.26565322,-0.519708,0.980292,0.43666667,0.28666666,1
0.58766264,0.43572587,0.5197719,0.9802281,0.43666667,0.50666666,1
0.32754317,0.44139618,0.8275142,0.6724858,0.44,0.22666667,1
0.80550694,0.25043127,0.50037146,-0.99962854,0.7266667,0.43666667,0
0.6446751,0.60691327,0.50143194,0.99856806,0.42666668,0.57666665,0
0.38153687,0.7917118,0.5002334,0.9997666,0.43666667,0.3,1
0.3313998,0.05563551,0.50683254,0.99316746,0.26666668,0.41,0
0.48813492,0.57395685,-0.50032246,-0.99967754,0.42,0.43,0
0.9334118,0.19837557,0.52347344,0.97652656,0.5466667,0.6066667,1
0.44002616,0.10956686,-0.50000006,0.99999994,0.42666668,0.38,0
0.2790569,0.26202506,-0.50078493,0.99921507,0.43,0.21666667,0
0.45593104,0.8486597,-0.5187125,0.9812875,0.42666668,0.39666668,0
0.060773697,0.490248,0.50058436,-0.99941564,0.016666668,0.43666667,1
0.76268166,0.7268099,0.51902854,-0.98097146,0.68,0.44,0
0.24713838,0.26803958,0.65530384,0.84469616,0.30666667,0.17,0
0.6313491,0.18912259,-0.50021917,0.99978083,0.51,0.57,1
0.9468076,0.7112499,0.51109695,0.98890305,0.43,0.85,0
0.17155935,0.1508272,0.5003786,0.9996214,0.14666666,0.31,0
0.97991514,0.5218074,-0.9209126,-0.5790874,0.77,0.43666667,0
0.7293276,0.061546635,0.5017188,-0.9982812,0.64666665,0.44,0
0.5076534,0.91124,-0.52347344,0.97652656,0.43666667,0.45666668,1
0.1452724,0.08623166,0.92613584,0.57386416,0.11666667,0.33,0
0.6687868,0.16504751,-0.5153504,0.9846496,0.57,0.58,1
0.05467229,0.8838949,-0.51241416,-0.98758584,0.35,0.15,1
0.13083303,0.5461609,-0.5216453,0.9783547,0.43666667,0.07666667,1
0.2975025,0.53511655,0.52082604,0.97917396,0.43,0.22,0
0.9292017,0.49980956,0.507139,0.992861,0.43,0.85,0
0.21238603,0.3623775,0.50586885,-0.99413115,0.14666666,0.43666667,1
0.8924471,0.8583762,-0.64765453,-0.85234547,0.5566667,0.72,0
0.7209086,0.31342018,-0.6427055,0.8572945,0.52,0.6666667,1
0.14568074,0.912523,0.93278646,-0.56721354,0.33,0.11666667,1
0.3055608,0.7299926,-0.50067097,-0.99932903,0.23666666,0.43666667,0
0.7016653,0.2452499,0.5050806,-0.9949194,0.63666666,0.42666668,1
0.3481593,0.37193373,-0.5035814,-0.9964186,0.29,0.43,1
0.12791051,0.6876165,0.50017214,-0.99982786,0.14,0.33,1
0.6524986,0.43540713,0.51217175,-0.98782825,0.58666664,0.42666668,1
0.49314693,0.6894742,0.82827103,-0.67172897,0.4,0.43666667,0
0.06650506,0.88541937,-0.5092237,-0.9907763,0.34,0.16,1
0.79203755,0.8605649,0.5004381,-0.9995619,0.5366667,0.54,0
0.081678405,0.49123636,-0.50042564,0.99957436,0.43666667,0.026666667,1
0.04215285,0.8904262,-0.50586665,-0.99413335,0.35,0.11666667,1
0.9644879,0.696306,0.5205033,-0.9794967,0.71666664,0.43,0
0.039752956,0.24993153,0.5309067,0.9690933,0.34,0.21,0
0.10916931,0.8949511,-0.5017771,-0.9982229,0.35,0.18,1
0.35635862,0.09779248,0.52278644,0.97721356,0.29666665,0.36666667,0
0.31447986,0.5665366,-0.51769716,0.98230284,0.43,0.25,0
0.5988542,0.43637064,0.50907946,-0.99092054,0.52,0.43666667,0
0.754202,0.9164574,-0.50065464,-0.99934536,0.5,0.67,0
0.15351096,0.84900284,0.7061623,-0.7938377,0.28,0.17666666,1
0.17897746,0.11185634,0.51980156,-0.98019844,0.10666667,0.43666667,0
0.58230543,0.4066128,0.51160145,-0.98839855,0.50333333,0.42666668,0
0.23037617,0.1736681,0.77740985,-0.72259015,0.15666667,0.44,0
0.8777343,0.5405281,0.50834703,0.99165297,0.43,0.8066667,0
0.80569845,0.9221955,0.5033707,-0.9966293,0.48666668,0.65,0
0.27281037,0.9394927,0.5093245,-0.9906755,0.39666668,0.20666666,1
0.68124956,0.5363163,-0.5116801,0.9883199,0.43,0.62666667,0
0.09749332,0.45191675,-0.504712,0.995288,0.43666667,0.046666667,1
0.6958705,0.9213958,0.5004492,0.9995508,0.42666668,0.63,0
0.7950722,0.102953255,-0.50458866,-0.99541134,0.73,0.43,1
0.47416988,0.604464,-0.50241876,-0.99758124,0.42,0.43,1
0.7267365,0.7551917,-0.5112006,-0.9887994,0.64666665,0.6,0
0.40235275,0.72568035,0.5005323,-0.9994677,0.33,0.41666666,0
0.083129026,0.06903489,-0.5268211,0.9731789,0.1,0.4,0
0.8611699,0.6548854,-0.5150639,-0.9849361,0.75666666,0.47666666,0
0.044534385,0.57260233,0.5188051,0.9811949,0.43666667,0.016666668,1
0.70979947,0.37028837,-0.5864834,0.9135166,0.47,0.6566667,1
0.76724505,0.25326958,-0.5229992,0.9770008,0.6166667,0.6566667,1
0.79685754,0.40554622,-0.5107209,-0.9892791,0.7366667,0.43,1
0.57756156,0.48230127,0.5032929,-0.9967071,0.50666666,0.42666668,0
0.23015219,0.19057599,0.512672,0.987328,0.20666666,0.26,0
0.7344811,0.21373603,0.50013924,0.99986076,0.43,0.63,0
0.4904769,0.6638411,0.592285,-0.907715,0.41,0.42666668,0
0.75335324,0.695318,0.50078905,0.99921095,0.42666668,0.6766667,0
0.94717705,0.5446306,-0.5000279,-0.9999721,0.85,0.43,0
0.6549054,0.9193073,-0.5002848,-0.9997152,0.48666668,0.57,0
0.4678508,0.058692615,-0.5242952,-0.9757048,0.41666666,0.43,1
0.1700907,0.7578553,-0.53019345,0.96980655,0.44,0.12,1
0.9237617,0.7606755,-0.501508,-0.998492,0.64666665,0.61,0
0.40035477,0.76863766,0.5012455,-0.9987545,0.32666665,0.40666667,0
0.29149345,0.85421485,-0.5003575,-0.9996425,0.30666667,0.42666668,1
0.08512352,0.281512,-0.50316155,-0.99683845,0.03,0.43666667,1
0.6281213,0.7031083,0.5081605,-0.9918395,0.5566667,0.44,0
0.9716866,0.2478614,0.5235439,0.9764561,0.5,0.6666667,1
0.28279996,0.33894792,-0.5398302,-0.9601698,0.23,0.43,1
0.03665848,0.9321438,0.66124076,-0.83875924,0.38,0.06666667,1
0.4061094,0.7008498,0.77555716,-0.72444284,0.32,0.39666668,0
0.8026315,0.21240732,-0.5179022,-0.9820978,0.75,0.43,1
0.39580974,0.6782023,0.5294851,0.9705149,0.44,0.33,1
0.15888855,0.751225,0.5143249,0.9856751,0.43666667,0.086666666,1
0.9289825,0.5849521,-0.5025802,-0.9974198,0.82666665,0.44,0
0.25494844,0.38937658,0.510453,-0.989547,0.18,0.42666668,0
0.600033,0.4761243,0.5197696,-0.9802304,0.52666664,0.43666667,0
0.028491294,0.14164387,-0.50130165,-0.99869835,0.016666668,0.43,1
0.5123557,0.24252917,-0.5044998,0.9955002,0.44,0.45,1
0.4153035,0.4715756,-0.5035814,-0.9964186,0.35,0.43,1
0.92519027,0.706134,0.50505555,-0.99494445,0.69666666,0.44,0
0.4204886,0.45664197,-0.51277304,-0.98722696,0.35333332,0.44,0
0.8404839,0.079577446,-0.50087637,0.99912363,0.76,0.47666666,1
0.5643638,0.3418485,-0.5051558,0.9948442,0.44,0.5,1
0.5352502,0.47456557,0.5305884,0.9694116,0.42666668,0.47,0
0.04995591,0.27435684,0.51437384,-0.98562616,0.016666668,0.43666667,1
0.18773583,0.5641106,0.5001303,0.9998697,0.42666668,0.12,0
0.43696287,0.85590947,-0.50374675,-0.99625325,0.38,0.43666667,1
0.42413852,0.85335,-0.52563053,-0.97436947,0.35666665,0.43666667,0
0.47949708,0.6148654,-0.5034312,-0.9965688,0.41,0.44,0
0.80610865,0.9479346,-0.5211383,0.9788617,0.44,0.74,1
0.7901279,0.8536477,0.52985626,0.97014374,0.43666667,0.71666664,1
0.694458,0.04155498,-0.7477914,-0.7522086,0.63,0.43666667,1
0.9660758,0.12350547,-0.53195244,0.96804756,0.74,0.5366667,1
0.25172552,0.88391614,-0.5045667,0.9954333,0.43,0.19,0
0.20617443,0.13877755,-0.8275142,0.6724858,0.43,0.27666667,0
0.0985963,0.79746467,0.51382107,0.98617893,0.42666668,0.016666668,0
0.7623057,0.37063554,0.51954985,0.98045015,0.43,0.68666667,0
0.75517446,0.2535681,-0.5002575,-0.9997425,0.69,0.43,1
0.312505,0.41088906,0.5034597,-0.9965403,0.23,0.43,0
0.2063734,0.45958266,-0.5184461,0.9815539,0.43666667,0.13666667,1
0.23801512,0.7356221,0.5002106,0.9997894,0.42666668,0.16666667,0
0.35033506,0.3249875,-0.5008056,0.9991944,0.42666668,0.29,0
0.40312248,0.7269705,-0.5024099,0.9975901,0.43,0.34,0
0.961654,0.3097774,0.5284136,-0.9715864,0.85,0.44,0
0.83068055,0.90780425,-0.5000479,0.9999521,0.43,0.77,0
0.96085197,0.07337772,-0.6427055,0.8572945,0.8,0.48666668,1
0.6587439,0.3225923,0.515526,-0.984474,0.57666665,0.42666668,0
0.49560854,0.048225746,-0.5009681,-0.9990319,0.42666668,0.43666667,0
0.5867065,0.45924443,-0.50087637,0.99912363,0.44,0.5366667,1
0.16482334,0.25637463,0.5549422,0.9450578,0.25666666,0.2,0
0.052372634,0.30081102,-0.50009644,0.99990356,0.43666667,0.16,1
0.18882644,0.16640887,-0.5084799,-0.9915201,0.13,0.43,1
0.08724019,0.9060533,-0.50051993,0.99948007,0.43,0.036666665,0
0.3737789,0.40395182,0.64381516,0.85618484,0.43666667,0.29,1
0.07048398,0.5484842,0.51787394,-0.98212606,0.016666668,0.42666668,1
0.742994,0.28068334,0.52410465,0.97589535,0.44,0.66,1
0.60077804,0.77796733,-0.5286864,0.9713136,0.42666668,0.5366667,0
0.75963837,0.04823714,-0.5195257,0.9804743,0.7,0.45,1
0.11039977,0.7812436,-0.5069252,-0.9930748,0.25,0.37,1
0.31201154,0.86527145,0.50274754,-0.99725246,0.32666665,0.27666667,1
0.37918127,0.91784877,0.627366,0.872634,0.44,0.30666667,1
0.8566723,0.6250484,-0.5200169,-0.9799831,0.7966667,0.43666667,1
0.8823665,0.84526294,0.5004127,0.9995873,0.42666668,0.8066667,0
0.09386386,0.44138998,-0.52165866,-0.97834134,0.036666665,0.43666667,1
0.7214514,0.709395,-0.5002479,0.9997521,0.44,0.6666667,1
0.88478327,0.9065552,-0.53767246,-0.96232754,0.49666667,0.78,0
0.6729516,0.6917598,0.5000169,-0.9999831,0.59,0.44,0
0.6553538,0.8039151,0.5003203,0.9996797,0.42666668,0.58666664,0
0.13730685,0.114757925,-0.52855855,0.97144145,0.24,0.35,0
0.15023144,0.50384873,-0.500767,0.999233,0.42666668,0.1,0
0.7228158,0.7154359,0.5230616,0.9769384,0.43666667,0.64666665,1
0.43163565,0.1154499,-0.5118726,0.9881274,0.42666668,0.37,0
0.18704334,0.7186003,0.5557901,-0.9442099,0.16,0.28666666,1
0.6122078,0.2240297,-0.5007309,-0.9992691,0.5466667,0.42666668,1
0.36213708,0.15399696,-0.50197285,0.99802715,0.43666667,0.3,1
0.7264828,0.21387456,-0.5122189,0.9877811,0.61,0.63,1
0.46678576,0.1147421,0.50260484,-0.99739516,0.39,0.43666667,0
0.30416045,0.15186766,-0.5177943,-0.9822057,0.23666666,0.43,0
0.20029183,0.14745368,-0.5054786,-0.9945214,0.14,0.43,1
0.7878729,0.23215309,-0.51375127,-0.98624873,0.73,0.43,1
0.82389295,0.9722561,-0.5008655,-0.9991345,0.43666667,0.76,0
0.16217174,0.34138352,-0.50130165,-0.99869835,0.11,0.43,1
0.75917184,0.19720638,0.63427335,-0.86572665,0.68,0.43666667,0
0.37484702,0.549376,0.50021785,-0.99978215,0.31,0.42666668,1
0.2376443,0.13549829,0.5005491,-0.9994509,0.16666667,0.42666668,0
0.6973038,0.58438975,0.50934196,-0.99065804,0.6166667,0.42666668,0
0.28477463,0.4161427,-0.5002841,0.9997159,0.42666668,0.23,0
0.2676819,0.18042915,0.50058436,-0.99941564,0.18666667,0.42666668,0
0.31878036,0.36561626,-0.5040922,0.9959078,0.42666668,0.26666668,0
0.8331871,0.116503656,0.5298061,0.9701939,0.5966667,0.51666665,1
0.092238285,0.06677786,-0.5294851,0.9705149,0.11,0.4,0
0.06485811,0.2503598,-0.5135666,0.9864334,0.39666668,0.21,0
0.13384205,0.17834927,0.50755155,-0.99244845,0.06666667,0.42666668,0
0.6522531,0.1242629,0.5003757,-0.9996243,0.58,0.42666668,0
0.39480057,0.747634,0.51794654,-0.98205346,0.32666665,0.38666666,0
0.75975204,0.15268882,-0.8347108,0.6652892,0.66,0.6166667,1
0.58563244,0.18713129,0.51109695,0.98890305,0.44,0.51,1
0.036400612,0.63656265,-0.50468653,0.99531347,0.43666667,0.016666668,1
0.8921921,0.80125785,0.5107209,-0.9892791,0.5966667,0.53,0
0.16853747,0.42948747,0.5257861,0.9742139,0.44,0.09,1
0.9185209,0.55076176,0.9209126,-0.5790874,0.72,0.42666668,0
0.052307166,0.6575373,-0.5051061,0.9948939,0.42666668,0.016666668,0
0.18276328,0.5256086,0.5017771,-0.9982229,0.1,0.43,0
0.44381356,0.6975656,0.5243661,-0.9756339,0.37666667,0.42666668,0
0.2729376,0.6517608,0.5000179,0.9999821,0.43,0.2,0
0.9714331,0.70732045,0.52488583,0.97511417,0.44,0.85,1
0.73580486,0.7347868,0.50010365,0.99989635,0.42666668,0.6566667,0
0.07524923,0.71748793,-0.50309026,0.99690974,0.42666668,0.02,0
0.62760943,0.6364107,0.5209307,0.9790693,0.43666667,0.5566667,1
0.117644586,0.6807127,0.5253551,-0.9746449,0.13,0.38,1
0.150828,0.16002831,-0.6625102,-0.8374898,0.096666664,0.44,1
0.11304431,0.5907366,0.5045373,-0.9954627,0.05666667,0.44,1
0.33981118,0.5341226,-0.5027762,0.9972238,0.43,0.27,0
0.24762921,0.20945273,-0.6108362,-0.8891638,0.19666667,0.43,1
0.685775,0.14237963,0.507139,0.992861,0.43,0.55,0
0.032601427,0.7146301,0.511881,0.988119,0.42666668,0.016666668,0
0.95385134,0.53004724,0.5029875,0.9970125,0.43,0.85,0
0.51179475,0.5972863,0.5138402,0.9861598,0.43666667,0.44,1
0.11282976,0.61553067,0.51556325,-0.98443675,0.07,0.42666668,1
0.7968712,0.32143477,0.5246903,-0.9753097,0.71666664,0.43666667,0
0.8040528,0.3584187,-0.5116801,0.9883199,0.51,0.74666667,1
0.62253195,0.612229,-0.51603305,0.98396695,0.42666668,0.5566667,0
0.043372244,0.086820625,-0.5011535,0.9988465,0.08,0.37,0
0.83893424,0.85252637,-0.5001479,0.9998521,0.43,0.78,0
0.281757,0.58403194,-0.50023746,-0.99976254,0.23,0.42666668,1
0.55859095,0.21652468,-0.5001858,-0.9998142,0.49666667,0.42666668,1
0.2899048,0.7528614,-0.51621485,-0.98378515,0.22666667,0.42666668,1
0.48307037,0.55588734,0.512672,0.987328,0.43666667,0.41,1
0.7641934,0.4074502,-0.5006546,-0.9993454,0.69666666,0.43666667,0
0.17383164,0.8860921,-0.50003225,0.99996775,0.44,0.12,1
0.28395593,0.73052555,-0.65209,0.84791,0.44,0.22666667,1
0.8926169,0.012519446,0.8820679,-0.6179321,0.69666666,0.44,0
0.6988304,0.80223745,-0.50984675,0.99015325,0.43,0.63,0
0.8687324,0.77725154,0.500196,-0.999804,0.62666667,0.47,0
0.17328687,0.8731162,-0.50210583,0.99789417,0.43,0.12,0
0.8228846,0.066164404,0.5050806,-0.9949194,0.75666666,0.42666668,1
0.7890146,0.56942403,-0.5007018,-0.9992982,0.7366667,0.42666668,1
0.8536617,0.3789949,0.5047706,-0.9952294,0.79,0.43666667,1
0.39173767,0.24256809,0.50030553,0.99969447,0.39666668,0.32666665,0
0.97363347,0.26721758,0.7477914,-0.7522086,0.85,0.43666667,0
0.67066526,0.22783683,0.5000479,0.9999521,0.43,0.6066667,0
0.0540331,0.94181687,-0.51616484,-0.98383516,0.4,0.05,1
0.019025726,0.3752088,0.5298584,-0.9701416,0.016666668,0.42666668,1
0.56758016,0.37119317,0.5178344,0.9821656,0.43666667,0.49666667,1
0.38030446,0.36169216,-0.500011,-0.999989,0.33,0.43,1
0.6154379,0.30960646,-0.5007018,-0.9992982,0.5566667,0.42666668,1
0.08217187,0.6251735,-0.52701455,0.97298545,0.42666668,0.026666667,0
0.63826174,0.8297039,-0.5024042,-0.9975958,0.57,0.53,0
0.21032347,0.9734883,0.5010192,-0.9989808,0.43666667,0.14666666,1
0.18786874,0.3815228,0.51787394,-0.98212606,0.10666667,0.43666667,0
0.40522254,0.55337983,0.56357956,0.93642044,0.43666667,0.34,1
0.57019794,0.10555697,0.51616484,-0.98383516,0.49,0.44,0
0.9362203,0.725604,0.515356,0.984644,0.44,0.85,1
0.7425812,0.9511878,-0.512229,-0.987771,0.46,0.68,0
0.213089,0.5192309,-0.5112604,-0.9887396,0.14666666,0.43,1
0.19801298,0.595802,-0.51825434,-0.98174566,0.14666666,0.42666668,1
0.2972536,0.19973917,0.5000376,0.9999624,0.28666666,0.26,0
0.2500907,0.67034674,-0.5009277,-0.9990723,0.19,0.42666668,1
0.15346543,0.9423776,-0.51757336,-0.98242664,0.4,0.15,1
0.8099547,0.44136286,0.50834703,0.99165297,0.43,0.7266667,0
0.4574448,0.1157277,-0.5265712,-0.9734288,0.40666667,0.43666667,1
0.65027314,0.72741556,0.5000079,0.9999921,0.43666667,0.57666665,1
0.84117746,0.37371373,0.50013924,0.99986076,0.43,0.77,0
0.7651732,0.5205629,-0.5159636,-0.9840364,0.70666665,0.43666667,1
0.8718417,0.2743701,-0.5033929,0.9966071,0.5966667,0.68666667,1
0.2964961,0.26280257,-0.6108362,-0.8891638,0.23666666,0.43,1
0.5473022,0.027007619,-0.5040922,0.9959078,0.48666668,0.42666668,1
0.5567217,0.31751776,-0.5032337,0.9967663,0.44,0.5,1
0.22191155,0.092280135,0.5151745,-0.9848255,0.15666667,0.42666668,1
0.5085168,0.45885274,0.5242813,-0.9757187,0.43666667,0.42666668,0
0.508725,0.28549403,0.5004127,0.9995873,0.42666668,0.42666668,0
0.63048285,0.081959374,-0.5231163,0.9768837,0.56,0.5,1
0.36287326,0.44804037,0.5928132,0.9071868,0.42666668,0.29,0
0.10074288,0.15840638,-0.50342226,-0.99657774,0.04,0.43,1
0.3621222,0.25179794,0.5024799,0.9975201,0.36666667,0.28666666,0
0.4994624,0.02763293,-0.5216453,0.9783547,0.44666666,0.42666668,1
0.59101987,0.20981456,-0.526831,-0.973169,0.52666664,0.43666667,1
0.8320726,0.8005912,0.5004381,-0.9995619,0.5966667,0.48,0
0.37191653,0.41523507,-0.5001841,-0.9998159,0.32,0.44,1
0.82828325,0.17221709,-0.698525,0.801475,0.67,0.6066667,1
0.8977013,0.6073193,-0.5006546,-0.9993454,0.7966667,0.43666667,0
0.56787986,0.60448366,0.51735455,-0.98264545,0.48666668,0.42666668,0
0.033433024,0.35690597,-0.51980156,-0.98019844,0.016666668,0.42666668,1
0.37029958,0.11733675,0.52278644,0.97721356,0.31666666,0.34666666,0
0.3292704,0.85108286,0.5032929,-0.9967071,0.31666666,0.29666665,1
0.8387451,0.37077957,-0.5004381,-0.9995619,0.78,0.43,1
0.24502468,0.6964742,-0.5082483,-0.9917517,0.18666667,0.43666667,1
0.9690641,0.78904396,-0.50010324,-0.99989676,0.6166667,0.6166667,0
0.13675664,0.14110513,-0.5181309,-0.9818691,0.07,0.44,0
0.13034916,0.6590844,-0.5041726,0.9958274,0.44,0.07,1
0.9341772,0.92583996,0.5197719,0.9802281,0.43666667,0.85,1
0.34002614,0.7195668,0.50000006,-0.99999994,0.27666667,0.35666665,1
0.071698226,0.5271947,-0.52472216,0.97527784,0.42666668,0.016666668,0
0.13254781,0.27158353,0.5074717,0.9925283,0.27666667,0.19,0
0.14269415,0.4854912,-0.50116175,-0.99883825,0.09,0.43666667,1
0.7940803,0.2016598,0.5197696,-0.9802304,0.7266667,0.43666667,0
0.17717107,0.3833806,0.50531006,0.99468994,0.41,0.11,0
0.69288075,0.741317,-0.75348204,-0.74651796,0.63666666,0.54,1
0.8759255,0.7089924,-0.52020115,-0.97979885,0.69666666,0.5466667,0
0.5330825,0.93607867,0.5257861,0.9742139,0.44,0.45,1
0.46690014,0.7413201,0.5253224,0.9746776,0.44,0.39,1
0.9140257,0.9392334,-0.7581381,-0.7418619,0.48666668,0.8,0
0.9018632,0.6763718,0.515356,0.984644,0.43,0.83,0
0.74124944,0.023320347,-0.52674025,0.97325975,0.69,0.43,1
0.5399762,0.11425892,-0.5042906,0.9957094,0.45,0.48,1
0.4149299,0.22542666,-0.562912,-0.937088,0.34666666,0.43,0
0.37117192,0.33188903,0.507403,0.992597,0.39666668,0.29666665,0
0.9003348,0.6814434,-0.51607466,-0.98392534,0.74,0.46666667,0
0.25398985,0.5785553,-0.5112604,-0.9887396,0.18666667,0.43,0
0.65880114,0.19911206,-0.82827103,-0.67172897,0.62,0.42666668,1
0.2584078,0.36331043,-0.71105266,-0.78894734,0.20666666,0.43,1
0.761254,0.4754008,-0.5148197,0.9851803,0.42666668,0.70666665,0
0.91060555,0.9539421,0.52020115,-0.97979885,0.44666666,0.7966667,0
0.036239274,0.29406935,0.51437384,-0.98562616,0.016666668,0.43666667,1
0.70116633,0.7162782,-0.5004543,-0.9995457,0.63666666,0.55,1
0.2784494,0.73120105,-0.5020201,-0.9979799,0.22666667,0.43666667,1
0.65467554,0.1864776,-0.50331265,-0.99668735,0.58666664,0.42666668,0
0.4297325,0.5159423,-0.50000775,-0.99999225,0.36,0.43,0
0.860392,0.36904263,0.5047706,-0.9952294,0.78,0.42666668,0
0.5398256,0.5414028,0.51794654,-0.98205346,0.45666668,0.43666667,0
0.6102402,0.69214046,-0.5148197,0.9851803,0.42666668,0.5466667,0
0.34773716,0.683268,0.5242813,-0.9757187,0.26666668,0.35666665,0
0.2974547,0.8186525,0.5249158,0.9750842,0.43666667,0.21666667,1
0.53446865,0.5397892,-0.50041336,0.99958664,0.44,0.48333332,1
0.5519741,0.33243793,-0.5153504,0.9846496,0.44,0.49,1
0.083988905,0.10406376,-0.5080923,0.9919077,0.16,0.35,0
0.80166876,0.3266576,-0.5003337,-0.9996663,0.74,0.44,1
0.15661274,0.5768975,0.52745646,-0.97254354,0.09,0.43666667,1
0.31256482,0.7900032,0.5000694,-0.9999306,0.25666666,0.30666667,1
0.6092896,0.58113754,0.5269468,0.9730532,0.43666667,0.54,1
0.70998806,0.31504968,-0.65209,0.84791,0.51,0.6566667,1
0.6303914,0.8206451,-0.52377355,-0.97622645,0.58,0.53,1
0.031305894,0.831245,0.5176718,-0.9823282,0.29,0.2,1
0.5451611,0.20110735,-0.5261188,0.9738812,0.44,0.48,1
0.6561717,0.4227906,-0.5316995,-0.9683005,0.58666664,0.43666667,0
0.2906451,0.16400623,0.5093287,-0.9906713,0.21666667,0.42666668,0
0.13193104,0.21947244,0.51587325,-0.98412675,0.06666667,0.43666667,1
0.48268893,0.05880431,-0.50004643,0.99995357,0.42666668,0.42666668,0
0.6321482,0.41198406,-0.62816745,0.87183255,0.43,0.57666665,0
0.26963508,0.3837705,0.56180507,0.93819493,0.39666668,0.19,0
0.28546855,0.8405591,-0.512714,0.987286,0.43,0.22,0
0.6893797,0.796321,0.50052947,0.99947053,0.43666667,0.61,1
0.19830026,0.5388002,-0.50041205,0.99958795,0.44,0.14,1
0.15649946,0.5763967,0.5040754,0.9959246,0.42666668,0.07666667,0
0.60085416,0.32348233,-0.53060794,0.96939206,0.46,0.54,1
0.83167666,0.5929939,0.507227,-0.992773,0.76,0.44,0
0.6222514,0.6056229,0.5286869,0.9713131,0.43666667,0.5466667,1
0.13687766,0.5238334,-0.500767,0.999233,0.42666668,0.08,0
0.8892682,0.27878675,0.50281036,0.99718964,0.44,0.6766667,1
0.7538531,0.8690007,-0.5078141,-0.9921859,0.5466667,0.66,0
0.42172983,0.5107415,-0.7224109,-0.7775891,0.35666665,0.43,1
0.823017,0.20482138,-0.65209,0.84791,0.64,0.64666665,1
0.29317427,0.65869546,-0.51363385,-0.98636615,0.23666666,0.43666667,1
0.39993104,0.4984904,-0.52377355,-0.97622645,0.35,0.44,1
0.12264597,0.72163063,0.5092693,0.9907307,0.43666667,0.046666667,1
0.8466459,0.9312592,0.52985626,0.97014374,0.43666667,0.77666664,1
0.19599564,0.48878434,-0.50004643,0.99995357,0.43666667,0.13666667,1
0.82533586,0.8923695,0.50030553,0.99969447,0.42666668,0.75666666,0
0.18198828,0.79803586,-0.5093287,-0.9906713,0.26,0.42666668,1
0.9027691,0.28735772,0.50984675,0.99015325,0.43,0.69666666,0
0.8398886,0.97214353,0.5308334,-0.9691666,0.42666668,0.75666666,0
0.45690393,0.5024736,-0.5136611,0.9863389,0.43,0.39,0
0.6985502,0.91948754,-0.5024042,-0.9975958,0.48,0.62,0
0.26069525,0.75257695,-0.51974744,-0.98025256,0.21,0.43666667,1
0.6677832,0.5723169,0.5009595,0.9990405,0.42666668,0.58666664,0
0.801777,0.895,-0.58904594,0.5,0.42333335,0.75,0
0.8426665,0.9179881,-0.5177943,-0.9822057,0.49666667,0.77,0
0.45861512,0.54521114,-0.5001841,-0.9998159,0.39,0.43,0
0.57291365,0.79896945,-0.5000194,-0.9999806,0.51,0.45,1
0.3573923,0.53806573,-0.5044205,0.9955795,0.43,0.3,0
0.070539474,0.8450737,0.54529023,-0.95470977,0.3,0.14666666,1
0.4897298,0.060841944,-0.52701455,0.97298545,0.42666668,0.42666668,0
0.57969666,0.2970796,-0.5268506,-0.9731494,0.51666665,0.42666668,1
0.743819,0.71035945,0.53003544,-0.96996456,0.67333335,0.44,0
0.9002279,0.8879715,0.50751734,0.99248266,0.42666668,0.82666665,0
0.2613089,0.738933,0.5080815,0.9919185,0.43666667,0.19666667,1
0.5698943,0.43156183,0.50252825,-0.99747175,0.49666667,0.43666667,0
0.86869806,0.44537336,0.50037354,0.99962646,0.44,0.7866667,1
0.29699108,0.9024487,0.5243661,-0.9756339,0.36666667,0.23666666,1
0.9041413,0.9270573,-0.52169967,0.97830033,0.43666667,0.84,1
0.7112985,0.6260521,0.51298004,0.98701996,0.42666668,0.63666666,0
0.38301522,0.07865076,-0.52613693,0.97386307,0.41666666,0.38666666,0
0.8100364,0.33647594,-0.53195244,0.96804756,0.52,0.75666666,1
0.0682011,0.71413434,-0.5173958,-0.9826042,0.17,0.43333334,1
0.6738453,0.7934966,0.5010652,-0.9989348,0.6,0.43,0
0.19671458,0.63720167,-0.50593334,-0.99406666,0.14,0.42666668,1
0.773841,0.71509725,0.5300703,-0.9699297,0.7,0.43,0
0.35185954,0.5274139,0.53790253,0.96209747,0.43666667,0.28,1
0.62350124,0.64311475,-0.5033929,0.9966071,0.42666668,0.5566667,0
0.9000791,0.5793989,0.5126755,0.9873245,0.44,0.83,1
0.6206941,0.7165884,-0.50065464,-0.99934536,0.56,0.47,1
0.28167167,0.6018334,-0.5004637,0.9995363,0.44,0.23,1
0.9099741,0.57153517,-0.62496537,0.87503463,0.42666668,0.85,0
0.5513877,0.32419696,-0.5021835,0.9978165,0.43,0.49,0
0.053563047,0.09653853,0.5143691,-0.9856309,0.016666668,0.43,1
0.14500923,0.16114031,-0.5002906,0.9997094,0.29666665,0.3,0
0.50296694,0.7174541,-0.50705683,-0.99294317,0.45,0.44,1
0.2546208,0.49764922,0.50017214,-0.99982786,0.19,0.44,1
0.9560529,0.26466867,-0.5007285,0.9992715,0.52666664,0.6766667,1
0.92981976,0.5951194,-0.50331265,-0.99668735,0.81666666,0.43666667,0
0.93207395,0.79168504,0.5001917,-0.9998083,0.62,0.56666666,0
0.8997382,0.06763945,-0.5229992,0.9770008,0.8066667,0.46666667,1
0.55949664,0.09255058,0.51731277,-0.98268723,0.49,0.43,0
0.68750906,0.45989132,0.50601625,0.99398375,0.43666667,0.6166667,1
0.702372,0.44703802,-0.5008115,-0.9991885,0.63666666,0.43666667,1
0.9464385,0.69775856,-0.52672684,0.97327316,0.44,0.85,1
0.13165405,0.9731062,-0.5253551,-0.9746449,0.43,0.08,1
0.5645032,0.6345773,-0.51169413,-0.98830587,0.51,0.44,1
0.3143224,0.038144894,-0.989443,0.510557,0.36,0.41666666,0
0.8453951,0.560224,0.5247919,-0.9752081,0.78,0.43,1
0.09743494,0.9078473,-0.52124214,0.97875786,0.43,0.03,0
0.4348951,0.87169313,0.5002334,0.9997666,0.43666667,0.36,1
0.06331307,0.28138182,0.5081324,0.9918676,0.36,0.18,0
0.9731645,0.32765323,-0.80257875,-0.69742125,0.85,0.43666667,0
0.06734395,0.80718195,-0.50355726,0.99644274,0.43,0.016666668,0
0.6214856,0.2480926,0.5049709,-0.9950291,0.5466667,0.42666668,0
0.6102725,0.56091785,0.51026183,0.98973817,0.42666668,0.5466667,0
0.23019637,0.15030739,-0.51169413,-0.98830587,0.18,0.43,1
0.24613522,0.5207532,-0.50316155,-0.99683845,0.19,0.43666667,1
0.042051524,0.14986482,-0.5104048,0.9895952,0.18666667,0.31,0
0.9258764,0.90326107,-0.50365555,0.99634445,0.43,0.85,0
0.8989096,0.11048328,0.50037146,-0.99962854,0.82666665,0.43666667,0
0.62619454,0.47902822,0.50067776,0.99932224,0.42666668,0.5566667,0
0.6894079,0.29100156,0.6514517,-0.8485483,0.61,0.43666667,0
0.54897773,0.09449888,0.5176718,-0.9823282,0.48,0.43,0
0.0943621,0.44854018,-0.51825434,-0.98174566,0.036666665,0.43666667,1
0.60759324,0.32191905,-0.50010556,0.99989444,0.44,0.55,1
0.36352178,0.16438675,-0.5037549,0.9962451,0.43666667,0.30666667,1
0.6535087,0.5558234,-0.5152549,0.9847451,0.43,0.5966667,0
0.64116687,0.7703727,-0.51462954,-0.98537046,0.58,0.52,1
0.2552493,0.31574035,-0.50522786,-0.99477214,0.19,0.44,1
0.3367367,0.7624363,0.51160145,-0.98839855,0.26333332,0.32666665,0
0.5757294,0.2786432,-0.51314753,-0.98685247,0.51666665,0.42666668,1
0.8289434,0.19156498,0.5093359,-0.9906641,0.75666666,0.42666668,0
0.088429116,0.25561804,0.5036574,-0.9963426,0.016666668,0.43666667,0
0.8830301,0.73264676,-0.5316995,-0.9683005,0.68666667,0.5566667,0
0.20581782,0.89713407,0.5067918,0.9932082,0.43666667,0.13666667,1
0.51848173,0.43251005,0.50030553,0.99969447,0.42666668,0.43666667,0
0.110236235,0.8049137,-0.5261188,0.9738812,0.44,0.06,1
0.74768203,0.5484286,0.55404955,-0.94595045,0.67,0.43666667,0
0.04024726,0.14734866,-0.50063753,-0.99936247,0.016666668,0.44,1
0.13084802,0.36467674,0.52473897,0.97526103,0.43,0.09,0
0.03680883,0.17010628,0.52053964,0.97946036,0.21,0.29,0
0.26474214,0.8615125,0.5004454,-0.9995546,0.32666665,0.23666666,1
0.37253678,0.12213494,-0.50078493,0.99921507,0.43,0.33666667,0
0.17858924,0.46197945,-0.5001899,0.9998101,0.42666668,0.11,0
0.1913288,0.16574213,-0.5002106,0.9997894,0.35666665,0.3,0
0.47337058,0.44319883,-0.5083545,0.9916455,0.44,0.41,1
0.20409586,0.20091926,0.50601566,-0.99398434,0.12666667,0.42666668,0
0.4742937,0.37643266,-0.5004543,-0.9995457,0.41666666,0.43,1
0.8631996,0.95713556,-0.52317315,0.97682685,0.42666668,0.8,0
0.062411476,0.40965596,0.50601566,-0.99398434,0.016666668,0.43666667,1
0.47759697,0.84258145,0.5104048,0.9895952,0.42666668,0.41,0
0.63569367,0.75721735,-0.5016449,-0.9983551,0.57,0.5,1
0.7804535,0.4617345,-0.50199664,0.99800336,0.43666667,0.7266667,1
0.89924705,0.95783234,-0.5018338,-0.9981662,0.45666668,0.83,0
0.9790923,0.94383305,-0.6494489,-0.8505511,0.45666668,0.82,0
0.7259555,0.17004615,0.5000694,-0.9999306,0.6566667,0.42666668,0
0.3305477,0.20525159,0.50429994,0.99570006,0.31666666,0.25666666,0
0.15912268,0.32871884,-0.5071794,-0.9928206,0.1,0.43,1
0.030639052,0.7285081,-0.51032966,0.98967034,0.42666668,0.016666668,0
0.5986781,0.97405225,-0.5071794,-0.9928206,0.43,0.54,0
0.11942796,0.68458104,0.5201077,-0.9798923,0.14,0.38,1
0.11333936,0.47837612,-0.5,1.0,0.43666667,0.06,1
0.6397686,0.57551825,-0.5152549,0.9847451,0.43,0.57666665,0
0.6068043,0.5836338,0.7985971,-0.7014029,0.51,0.43666667,0
0.39966896,0.7422528,0.5000129,0.9999871,0.43333334,0.32,1
0.6133102,0.9066036,0.5093288,-0.9906712,0.51,0.44,0
0.8968424,0.13690037,0.5286864,0.9713136,0.62666667,0.5366667,1
0.5189847,0.13995953,-0.5010967,-0.9989033,0.45666668,0.42666668,1
0.40550813,0.53672576,-0.50077933,-0.99922067,0.35,0.43,1
0.9714331,0.72682273,-0.52488583,0.97511417,0.44,0.85,1
0.8454351,0.20419317,0.50018305,0.99981695,0.48,0.6066667,1
0.5962553,0.30824876,-0.51314753,-0.98685247,0.52666664,0.43666667,0
0.9512635,0.0502543,0.5452553,0.9547447,0.83,0.45666668,1
0.4566679,0.7655599,-0.5071794,-0.9928206,0.4,0.43,1
0.11205957,0.6280011,0.51757336,-0.98242664,0.08,0.43,1
0.35400152,0.13951828,0.80934626,-0.69065374,0.26666668,0.44,0
0.7199296,0.3400014,0.5115045,-0.9884955,0.64666665,0.42666668,0
0.29765046,0.15210868,0.5051402,0.9948598,0.26666668,0.30666667,0
0.30843633,0.6240224,-0.50023746,-0.99976254,0.25,0.42666668,1
0.26183164,0.22135128,-0.50042564,0.99957436,0.42666668,0.23666666,0
0.3920279,0.3239509,-0.525615,-0.974385,0.33666667,0.44,1
0.8896951,0.33386266,-0.52357435,0.97642565,0.44666666,0.74666667,1
0.13860114,0.7254145,0.5005326,0.9994674,0.43666667,0.05666667,1
0.23296602,0.8275662,-0.53060794,0.96939206,0.44,0.18,1
0.376339,0.034597628,-0.50001204,0.99998796,0.32666665,0.41666666,0
0.8640171,0.8578067,-0.5000479,0.9999521,0.44,0.8,1
0.8080519,0.7821154,0.5009595,0.9990405,0.43666667,0.7366667,1
0.2886104,0.9119262,0.50286645,-0.99713355,0.37666667,0.23666666,1
0.9559652,0.2545746,-0.5067782,0.9932218,0.5366667,0.6566667,1
0.93874514,0.7627447,0.7345716,0.7654284,0.43666667,0.85,1
0.54673153,0.53158224,0.51794654,-0.98205346,0.46666667,0.42666668,0
0.09759462,0.07260929,0.5598256,0.9401744,0.06666667,0.39,0
0.40637687,0.29394624,0.50586665,-0.99413335,0.33,0.43666667,0
0.80547535,0.6651691,-0.52343625,-0.97656375,0.7366667,0.53,0
0.52407986,0.889066,0.50415766,0.99584234,0.43,0.45,0
0.59167814,0.6444504,-0.5152549,0.9847451,0.44,0.52666664,1
0.7994358,0.7627624,-0.6302224,-0.8697776,0.6766667,0.61,0
0.18799388,0.44125757,-0.50200194,0.99799806,0.42666668,0.13666667,0
0.31940895,0.6473842,0.63427335,-0.86572665,0.24,0.39666668,0
0.4531058,0.43385723,-0.50000566,0.99999434,0.43,0.39,0
0.2974547,0.058086835,-0.5249158,0.9750842,0.29666665,0.4,0
0.61227757,0.21571371,-0.5006744,0.9993256,0.48,0.56,1
0.95562476,0.51187915,0.50045544,-0.99954456,0.85,0.44,0
0.82853764,0.90325046,0.5004409,0.9995591,0.43666667,0.74666667,1
0.11353045,0.68108135,-0.52435404,0.97564596,0.44,0.05,1
0.8245435,0.95014864,0.52192074,-0.97807926,0.45666668,0.71,0
0.35003424,0.81178606,-0.51825434,-0.98174566,0.28666666,0.42666668,1
0.89172,0.47707623,0.5002674,-0.9997326,0.82,0.43,0
0.61120474,0.1618969,-0.50018305,-0.99981695,0.5466667,0.42666668,1
0.7447673,0.17006761,0.5009648,-0.9990352,0.6766667,0.42666668,0
0.2835565,0.7233235,-0.5021835,0.9978165,0.43,0.23,0
0.15258168,0.7857866,0.51656884,0.98343116,0.43666667,0.07666667,1
0.5570522,0.07467837,-0.5040638,0.9959362,0.48,0.48,1
0.46100444,0.23305906,-0.5027061,0.9972939,0.43,0.41,0
0.39095122,0.11826859,0.5315452,0.9684548,0.33666667,0.33666667,0
0.97240937,0.75149,0.51456034,0.98543966,0.42666668,0.85,0
0.6537874,0.8495118,0.50458866,-0.99541134,0.55,0.44,0
0.5580835,0.3142188,-0.5021835,0.9978165,0.44,0.5,1
0.38190544,0.7281368,0.51044905,0.98955095,0.43666667,0.31,1
0.78498024,0.4803265,-0.52357435,0.97642565,0.43666667,0.71666664,1
0.83839786,0.17989285,-0.5247919,-0.9752081,0.78,0.44,1
0.111145124,0.0823265,-0.5208131,-0.9791869,0.05,0.44,1
0.24687351,0.52449757,0.50142974,-0.99857026,0.18,0.44,0
0.5265719,0.7891806,-0.51876336,0.98123664,0.42666668,0.46666667,0
0.20236143,0.29279348,0.5093287,-0.9906713,0.12666667,0.43666667,0
0.33079907,0.27710596,0.5076533,0.9923467,0.33666667,0.25666666,0
0.065542296,0.82146245,-0.5027061,0.9972939,0.44,0.016666668,1
0.49480587,0.5839536,-0.50032246,-0.99967754,0.43,0.44,1
0.30438417,0.87509197,-0.5005491,-0.9994509,0.33666667,0.40666667,1
0.44636258,0.06381934,0.5253485,0.9746515,0.37666667,0.38666666,0
0.5762756,0.9265609,-0.6306644,0.8693356,0.42666668,0.51,0
0.33053476,0.11245492,0.50092846,-0.99907154,0.26666668,0.42666668,1
0.69051254,0.59429634,0.50934196,-0.99065804,0.62666667,0.43666667,1
0.3747128,0.27949736,-0.50161076,-0.99838924,0.32,0.44,1
0.8458438,0.49680096,-0.51305026,0.98694974,0.44,0.77666664,1
0.8398661,0.3616147,0.52538955,0.97461045,0.44,0.77,1
0.3461606,0.29427323,0.50260484,-0.99739516,0.27,0.43666667,0
0.17022398,0.30604154,-0.723488,-0.776512,0.10666667,0.43,1
0.5135543,0.5450396,0.5076533,0.9923467,0.42666668,0.44666666,0
0.7973835,0.81400126,-0.7224109,-0.7775891,0.64666665,0.64,0
0.7908297,0.29339197,0.52538955,0.97461045,0.43,0.7,0
0.45935214,0.7079407,-0.5010391,0.9989609,0.43,0.40666667,0
0.17404696,0.36730543,0.5008548,0.9991452,0.37,0.11,0
0.14420846,0.63522375,-0.5005491,-0.9994509,0.096666664,0.42666668,1
0.83064026,0.6173134,0.50109154,0.99890846,0.43666667,0.76666665,1
0.17696802,0.8008891,0.5092693,0.9907307,0.43666667,0.10666667,1
0.767836,0.18713978,0.50274754,-0.99725246,0.68666667,0.43666667,0
0.7588961,0.62604314,0.9209126,-0.5790874,0.59,0.43666667,0
0.7452907,0.7141842,-0.6494489,-0.8505511,0.68666667,0.55,1
0.7376796,0.78191364,0.51345724,-0.98654276,0.63,0.44,0
0.26088437,0.0619856,0.75348204,-0.74651796,0.18666667,0.43,0
0.38243443,0.17794418,0.5293931,0.9706069,0.34666666,0.31666666,0
0.9397931,0.12784138,-0.5081605,-0.9918395,0.85,0.44,0
0.21450762,0.9221593,0.5081018,0.9918982,0.42666668,0.14666666,0
0.65381473,0.42277676,-0.51301336,0.98698664,0.45,0.5966667,1
0.32487223,0.18133382,-0.5177943,-0.9822057,0.26666668,0.44,1
0.6788156,0.2714463,0.50348336,-0.99651664,0.5966667,0.43666667,0
0.270207,0.69784945,-0.50314355,-0.99685645,0.20666666,0.43666667,1
0.3772881,0.042519912,0.50092846,-0.99907154,0.29666665,0.43666667,0
0.8091726,0.4845084,-0.5007285,0.9992715,0.42666668,0.75666666,0
0.8841947,0.09547949,0.501015,-0.998985,0.8066667,0.42666668,0
0.58384126,0.73475856,-0.5007517,-0.9992483,0.52,0.44,1
0.54242986,0.8418947,0.51203626,-0.98796374,0.46666667,0.42666668,0
0.769844,0.52005005,0.55404955,-0.94595045,0.7,0.42666668,0
0.6322506,0.8700524,0.50713813,-0.99286187,0.53,0.43,0
0.029514633,0.82837504,0.5041726,0.9958274,0.43,0.016666668,0
0.5624043,0.14812894,-0.5009681,-0.9990319,0.50666666,0.43666667,1
0.35652316,0.8051194,-0.50116175,-0.99883825,0.29,0.43666667,1
0.6006058,0.7429675,-0.5167464,0.9832536,0.42666668,0.5366667,0
0.6881732,0.27332827,0.5126755,0.9873245,0.43,0.62,0
0.44989264,0.9490108,-0.52357435,0.97642565,0.43666667,0.39666668,1
0.9058131,0.49579772,0.50009394,-0.99990606,0.83,0.44,0
0.9334719,0.23205051,-0.5284136,-0.9715864,0.85,0.44,0
0.5588988,0.4205959,0.5293931,0.9706069,0.43666667,0.48666668,1
0.18925214,0.7869606,-0.5044205,0.9955795,0.44,0.13,1
0.63838416,0.7213888,-0.5067782,0.9932218,0.42666668,0.58666664,0
0.50931156,0.5090369,-0.50558007,0.99441993,0.43,0.44,0
0.18236235,0.57917196,0.5081393,-0.9918607,0.11,0.43,0
0.79685754,0.93975693,0.5107209,-0.9892791,0.45666668,0.67,0
0.3572151,0.19408649,-0.500767,0.999233,0.43666667,0.29,1
0.601984,0.56683946,-0.58256966,-0.91743034,0.5366667,0.43,1
0.7084416,0.40626416,0.5289614,-0.9710386,0.63666666,0.43666667,0
0.1753206,0.7914485,-0.5010743,0.9989257,0.43,0.12,0
0.65369177,0.8799853,0.5300703,-0.9699297,0.53,0.44,0
0.4369972,0.8512425,0.8347108,0.6652892,0.43,0.32666665,0
0.18899363,0.40249482,0.5095113,0.9904887,0.43,0.12,0
0.8224639,0.9275987,-0.5005234,0.9994766,0.44,0.77,1
0.9317453,0.2517807,-0.5185752,0.9814248,0.56,0.6666667,1
0.58211637,0.6606263,-0.50423294,-0.99576706,0.52,0.44,1
0.16511941,0.8505395,-0.5059363,-0.9940637,0.31,0.30666667,1
0.59392923,0.57283133,0.5012123,-0.9987877,0.52666664,0.43666667,0
0.11171758,0.09706866,-0.50077933,-0.99922067,0.05,0.43,1
0.14326474,0.88890636,-0.50000054,-0.99999946,0.36,0.21,1
0.62247133,0.81144524,0.5004492,0.9995508,0.43666667,0.54,1
0.64793116,0.13202484,0.50119513,-0.99880487,0.58,0.43666667,0
0.63020366,0.31764087,0.50109154,0.99890846,0.43666667,0.56666666,1
0.07755469,0.6771224,0.51757336,-0.98242664,0.13,0.42,1
0.11286309,0.95252025,-0.62816745,0.87183255,0.43,0.05666667,0
0.9118416,0.57606405,-0.5003444,-0.9996556,0.82666665,0.43,0
0.14950745,0.51965725,-0.52165866,-0.97834134,0.096666664,0.43666667,1
0.786486,0.8921954,0.5006483,0.9993517,0.42666668,0.71666664,0
0.040739983,0.66081715,-0.50200194,0.99799806,0.42666668,0.016666668,0
0.7211519,0.2892355,0.5012455,-0.9987545,0.64666665,0.42666668,0
0.6336434,0.74168795,-0.500011,-0.999989,0.57,0.49,1
0.6249774,0.14621215,-0.5003444,-0.9996556,0.5566667,0.44,0
0.67446434,0.123748556,0.50013924,0.99986076,0.44,0.54,1
0.90611905,0.3952301,-0.51209176,0.98790824,0.43666667,0.7966667,1
0.5836272,0.5552905,0.7459828,-0.7540172,0.50333333,0.42666668,0
0.5567679,0.46422765,0.7345716,0.7654284,0.42666668,0.49,0
0.69791245,0.57662714,0.52278644,0.97721356,0.42666668,0.6166667,0
0.1884457,0.5072426,0.51556325,-0.98443675,0.12,0.43666667,0
0.6207333,0.12613903,-0.5025802,-0.9974198,0.56,0.44,1
0.6758214,0.1519813,-0.5007414,-0.9992586,0.61,0.44,1
0.69500536,0.23418899,0.5031167,-0.9968833,0.6166667,0.42666668,0
0.13885553,0.3856046,0.5309067,0.9690933,0.44,0.07,1
0.2905635,0.41975448,0.5092237,-0.9907763,0.21,0.43,0
0.3471108,0.18480948,-0.53767246,-0.96232754,0.28666666,0.43,1
0.63933766,0.34515408,0.5088776,0.9911224,0.42666668,0.57,0
0.8362158,0.56837994,0.50002474,0.99997526,0.43,0.77,0
0.61724204,0.68700373,0.50003546,-0.99996454,0.5466667,0.42666668,0
0.7278226,0.9600166,0.52264404,-0.97735596,0.43666667,0.63,0
0.05640384,0.8682081,0.5041726,0.9958274,0.43,0.016666668,0
0.6485913,0.8139724,-0.50020695,0.99979305,0.44,0.5966667,1
0.50308627,0.39901984,-0.50591415,0.99408585,0.44,0.45,1
0.8910259,0.5973258,-0.5006546,-0.9993454,0.8066667,0.42666668,0
0.60359883,0.36203876,-0.50290704,0.99709296,0.43,0.55,0
0.07566418,0.65988743,0.50339705,0.99660295,0.43666667,0.016666668,1
0.641762,0.65768915,0.5004145,0.9995855,0.42666668,0.57666665,0
0.92148757,0.6839974,-0.5061452,0.9938548,0.43,0.85,0
0.6368077,0.7258292,0.5253711,-0.9746289,0.5566667,0.43,0
0.35369453,0.81714195,0.9209126,-0.5790874,0.26,0.28666666,0
0.5946446,0.17860305,-0.5064255,-0.9935745,0.5366667,0.43,1
0.43715546,0.9219908,-0.5008734,-0.9991266,0.38666666,0.43666667,1
0.3756577,0.76565903,0.5005323,-0.9994677,0.31,0.37666667,1
0.33893886,0.7799591,-0.50067097,-0.99932903,0.28666666,0.42666668,1
0.19465013,0.05714811,-0.5078778,0.9921222,0.18666667,0.4,0
0.5426218,0.17742696,-0.5308334,-0.9691666,0.48666668,0.43666667,1
0.073631935,0.2620085,0.51825434,-0.98174566,0.016666668,0.42666668,1
0.4209119,0.296469,-0.5004543,-0.9995457,0.35666665,0.43,1
0.23140438,0.4950843,-0.5040922,0.9959078,0.43666667,0.17666666,1
0.9299116,0.67658335,0.52264404,-0.97735596,0.7266667,0.44,0
0.5892738,0.6464004,0.50052947,0.99947053,0.42666668,0.52,0
0.19241868,0.095344394,-0.5178179,0.9821821,0.25666666,0.37,0
0.41759315,0.81585276,-0.5112604,-0.9887396,0.36666667,0.43,1
0.040561642,0.17282219,0.52082604,0.97917396,0.2,0.29,0
0.82817096,0.54943466,-0.5002479,0.9997521,0.44,0.76666665,1
0.18443155,0.8876604,0.51798415,0.98201585,0.42666668,0.11666667,0
0.7941635,0.11677584,-0.7477914,-0.7522086,0.73,0.43666667,1
0.43492404,0.34781766,0.5004145,0.9995855,0.43666667,0.36666667,1
0.52998537,0.16780461,0.50109154,0.99890846,0.42666668,0.45666668,0
0.691617,0.5827601,0.5197719,0.9802281,0.42666668,0.6166667,0
0.4631312,0.09492209,0.5164681,-0.9835319,0.39,0.43,0
0.3063135,0.24846739,0.5165098,-0.9834902,0.23666666,0.43666667,0
0.49016944,0.12059938,0.50573075,-0.99426925,0.42,0.44,0
0.73684114,0.65036625,0.506815,0.993185,0.42666668,0.67,0
0.78128517,0.25597537,0.5092529,-0.9907471,0.70666665,0.43666667,0
0.44903487,0.052038323,-0.50200194,0.99799806,0.43666667,0.40666667,1
0.22599012,0.58509886,-0.50296223,0.99703777,0.44,0.16,1
0.185201,0.43637943,0.5189616,0.9810384,0.43,0.12,0
0.76460654,0.68103576,-0.5198499,0.9801501,0.44,0.7,1
0.06854479,0.3091597,0.50593334,-0.99406666,0.016666668,0.43666667,1
0.1112421,0.22727841,0.5019426,-0.9980574,0.036666665,0.42666668,0
0.39223567,0.48531148,-0.5034312,-0.9965688,0.34,0.43,1
0.8090452,0.064718835,0.5031167,-0.9968833,0.7266667,0.43666667,0
0.31750253,0.9015312,0.52567285,-0.97432715,0.36666667,0.25666666,1
0.49927855,0.652676,-0.5038997,0.9961003,0.44,0.43,1
0.4367116,0.32733724,0.51371676,0.98628324,0.43666667,0.36666667,1
0.79386437,0.10094787,0.5057325,-0.9942675,0.7266667,0.42666668,0
0.86666423,0.8911882,-0.6280255,-0.8719745,0.52666664,0.75,0
0.4839302,0.53550625,-0.65209,0.84791,0.43,0.41666666,0
0.7799176,0.9592103,-0.8275142,0.6724858,0.43,0.73,0
0.96644485,0.39145455,0.5093288,-0.9906712,0.85,0.44,0
0.31057197,0.7277449,-0.51437384,-0.98562616,0.24666667,0.43666667,1
0.72652084,0.7163738,0.50326645,-0.99673355,0.64666665,0.44,0
0.14170127,0.45160326,-0.5017606,0.9982394,0.43666667,0.086666666,1
0.79660994,0.12787886,0.51448154,0.98551846,0.55,0.5366667,1
0.8802468,0.9091009,0.64381516,0.85618484,0.42666668,0.8,0
0.4806737,0.14233713,0.5092237,-0.9907763,0.41,0.43,0
0.29102367,0.03959006,0.75348204,-0.74651796,0.21666667,0.44,0
0.37912005,0.250904,-0.5112006,-0.9887994,0.31666666,0.43,1
0.9497278,0.49554208,0.5199944,-0.9800056,0.85,0.44,0
0.73950505,0.45160338,-0.51669365,0.98330635,0.43666667,0.68666667,1
0.5087017,0.29550824,0.50231403,0.99768597,0.42666668,0.42666668,0
0.29743725,0.1516134,0.79849994,-0.70150006,0.21666667,0.44,0
0.34154245,0.37946483,-0.50030565,0.99969435,0.44,0.29,1
0.09831082,0.12253764,0.6629521,0.8370479,0.13666667,0.32,0
0.8573168,0.7757027,-0.5000442,0.9999558,0.44,0.79,1
0.22272511,0.21598487,-0.5084799,-0.9915201,0.16,0.44,1
0.4477418,0.93877804,-0.5185752,0.9814248,0.44,0.38666666,1
0.7581757,0.7793462,0.5013624,0.9986376,0.43666667,0.68666667,1
0.11768715,0.56998855,-0.5118726,0.9881274,0.42666668,0.05,0
0.56978,0.2714763,-0.5265712,-0.9734288,0.50666666,0.43666667,1
0.20467891,0.84150404,0.5003829,0.9996171,0.42666668,0.13666667,0
0.51205957,0.053106613,0.57455915,0.92544085,0.42666668,0.43,0
0.20039034,0.75379425,-0.50320387,-0.99679613,0.22,0.42666668,1
0.20852488,0.21555854,0.50022525,-0.99977475,0.13666667,0.43666667,0
0.74696493,0.9676914,-0.5000098,0.9999902,0.44,0.68,1
0.7752814,0.28700334,-0.83571905,-0.66428095,0.73,0.42666668,1
0.17610253,0.9068725,-0.5136611,0.9863389,0.44,0.12,1
0.5726117,0.21948026,-0.5044205,0.9955795,0.45,0.52,1
0.6655964,0.10427041,0.5003757,-0.9996243,0.6,0.42666668,1
0.22337379,0.14042433,-0.51169413,-0.98830587,0.17,0.44,1
0.64389884,0.84238493,-0.82245994,0.67754006,0.43666667,0.61,1
0.7415872,0.29518023,0.5019888,0.9980112,0.44,0.67,1
0.7937185,0.047805995,-0.50001675,0.99998325,0.72,0.45666668,1
0.95595866,0.9685173,-0.77740985,-0.72259015,0.44666666,0.84,0
0.23803777,0.8914849,0.5003829,0.9996171,0.43666667,0.16666667,1
0.8454176,0.78059995,0.5004381,-0.9995619,0.6166667,0.46,0
0.7589456,0.48557422,-0.5160354,-0.9839646,0.70666665,0.43666667,1
0.85870564,0.095513925,-0.5001835,0.9998165,0.77,0.51,1
0.022466723,0.4209294,0.9607204,-0.5392796,0.15,0.42666668,1
0.6300549,0.3374249,0.51160145,-0.98839855,0.55333334,0.43666667,0
0.1349291,0.556709,-0.81279236,0.68720764,0.44,0.11666667,1
0.14463937,0.063510425,0.71105266,-0.78894734,0.07666667,0.43,0
0.6522744,0.44421732,0.5092529,-0.9907471,0.57666665,0.42666668,0
0.9170829,0.48940635,0.51734567,-0.98265433,0.85,0.43,0
0.8097328,0.8733874,-0.5000083,0.9999917,0.44,0.75,1
0.23074509,0.3979187,-0.75348204,-0.74651796,0.17666666,0.44,1
0.9210912,0.3882365,-0.51305026,0.98694974,0.43,0.8066667,0
0.044798277,0.584674,0.50028443,-0.99971557,0.05,0.42666668,1
0.25955755,0.28861424,-0.6788811,-0.8211189,0.20666666,0.44,1
0.28865042,0.47179583,-0.5006263,0.9993737,0.43,0.22,0
0.69901794,0.75038385,-0.5045361,0.9954639,0.43,0.63666666,0
0.20170544,0.14072935,-0.51277304,-0.98722696,0.13333334,0.44,0
0.49778366,0.06424607,0.51556325,-0.98443675,0.43,0.42666668,0
0.5547073,0.32420138,-0.5083545,0.9916455,0.44,0.49,1
0.96328145,0.28834572,0.7652515,-0.7347485,0.85,0.42666668,0
0.57015663,0.46064246,0.5000027,0.9999973,0.42666668,0.49666667,0
0.27015665,0.7485883,-0.5067811,-0.9932189,0.21666667,0.43666667,1
0.35893464,0.7954638,0.50274754,-0.99725246,0.27666667,0.34666666,0
0.39444935,0.33063594,-0.503665,-0.996335,0.33,0.44,1
0.17575833,0.14957681,0.5065934,-0.9934066,0.10666667,0.43666667,0
0.63870096,0.6174613,0.5003485,0.9996515,0.42666668,0.5566667,0
0.021368809,0.25183785,0.5002334,0.9997666,0.33666667,0.2,0
0.59194356,0.14180967,-0.5001917,-0.9998083,0.53,0.43666667,1
0.24487059,0.8999621,0.5092693,0.9907307,0.43666667,0.16666667,1
0.018948704,0.13100825,0.5001206,0.9998794,0.12,0.34,0
0.31661487,0.9779303,0.5198449,-0.9801551,0.42666668,0.23666666,1
0.39530778,0.71820915,0.80257875,-0.69742125,0.32,0.37666667,0
0.3829954,0.8733411,0.53011113,0.96988887,0.43666667,0.31666666,1
0.5010053,0.4475735,-0.58256966,-0.91743034,0.44666666,0.44,1
0.48712665,0.8431406,0.5026418,0.9973582,0.43,0.41,0
0.4771484,0.41236758,-0.5000277,0.9999723,0.44,0.41,1
0.877969,0.56182367,-0.50018305,-0.99981695,0.82666665,0.42666668,1
0.34524378,0.6303072,0.5095113,0.9904887,0.44,0.27,1
0.30115953,0.17624813,0.5209307,0.9790693,0.26666668,0.28666666,0
0.17738526,0.5738508,-0.51814,-0.98186,0.12666667,0.43666667,1
0.61573243,0.062048018,-0.5007414,-0.9992586,0.56,0.43,1
0.7055345,0.42444038,0.5253485,0.9746515,0.42666668,0.63666666,0
0.86609143,0.18126076,-0.5000404,-0.9999596,0.8,0.43,1
0.074348204,0.6629686,0.52613693,0.97386307,0.43666667,0.016666668,1
0.75631875,0.16650833,-0.5198999,0.9801001,0.66,0.57666665,1
0.15507416,0.7811129,0.50042564,0.99957436,0.42666668,0.07666667,0
0.2868913,0.6086981,0.5081324,0.9918676,0.43,0.21,0
0.9400936,0.66450584,0.5024516,0.9975484,0.44,0.85,1
0.4927461,0.22261636,0.8820679,-0.6179321,0.35666665,0.44,0
0.21691187,0.29843825,0.5000068,-0.9999932,0.13666667,0.43666667,0
0.7530329,0.6688995,0.50067776,0.99932224,0.43666667,0.68666667,1
0.3393163,0.8212313,-0.514103,-0.985897,0.28666666,0.43666667,1
0.2957521,0.56307703,-0.72333735,0.77666265,0.44,0.23666666,1
0.16406165,0.1097778,-0.51097316,-0.98902684,0.11,0.43,1
0.10993137,0.57890654,0.50000054,-0.99999946,0.05,0.44,1
0.086828046,0.32138526,0.5010355,0.9989645,0.39,0.13,0
0.29194465,0.7988526,-0.5067228,0.9932772,0.44,0.23,1
0.075094566,0.7072255,0.5002255,0.9997745,0.43666667,0.016666668,1
0.2990775,0.967896,0.5007059,0.9992941,0.43666667,0.21666667,1
0.4733608,0.466999,0.5049709,-0.9950291,0.40666667,0.42666668,0
0.27836877,0.37777218,-0.5034501,-0.9965499,0.22666667,0.44,1
0.8675253,0.12841903,-0.50007355,-0.99992645,0.8,0.43,0
0.08886891,0.11110888,-0.52473897,0.97526103,0.19,0.35,0
0.20852767,0.5176757,0.50289893,0.99710107,0.43,0.14,0
0.21219997,0.08485224,0.5001475,0.9998525,0.16666667,0.37,0
0.6160059,0.35925236,0.61351997,-0.88648003,0.54,0.42666668,0
0.8837002,0.9169775,-0.7581381,-0.7418619,0.51666665,0.77,0
0.2851703,0.70538324,-0.5006744,0.9993256,0.43,0.23,0
0.46572307,0.80092746,0.5001206,0.9998794,0.43,0.39,0
0.30019426,0.87237567,0.50907946,-0.99092054,0.34,0.25666666,1
0.68325514,0.89985543,0.56357956,0.93642044,0.42666668,0.61,0
0.47879583,0.20680282,0.5250949,-0.9749051,0.41,0.44,0
0.15088245,0.2654269,0.5005491,-0.9994509,0.07666667,0.43666667,0
0.42772928,0.22676921,0.50090665,-0.99909335,0.36,0.44,0
0.9111412,0.100001335,0.517794,0.982206,0.69666666,0.50666666,1
0.08345424,0.64280075,0.5143249,0.9856751,0.42666668,0.016666668,0
0.39502993,0.0914836,0.5177715,-0.9822285,0.32666665,0.43666667,0
0.54793686,0.81279904,0.5206191,-0.9793809,0.47,0.43666667,0
0.3877539,0.10390339,0.50586885,-0.99413115,0.30666667,0.43666667,0
0.8105339,0.93931496,-0.5000301,0.9999699,0.44,0.76,1
0.5347585,0.9019188,-0.82344234,0.67655766,0.43666667,0.51,1
0.3346979,0.55157137,-0.8060984,-0.6939016,0.29666665,0.44,1
0.5952377,0.5616765,0.5269468,0.9730532,0.43666667,0.52,1
0.87472916,0.90147144,0.5119006,-0.9880994,0.49666667,0.68,0
0.12519073,0.9139661,0.5003757,-0.9996243,0.37,0.07666667,1
0.5773454,0.5639925,0.592285,-0.907715,0.5,0.43666667,0
0.9111656,0.29745525,-0.5014398,-0.9985602,0.85,0.44,1
0.5767083,0.5475855,0.5115045,-0.9884955,0.49666667,0.43666667,0
0.3884967,0.13121058,0.500331,-0.999669,0.31,0.42666668,0
0.3047901,0.07117742,0.5293931,0.9706069,0.23666666,0.38666666,0
0.47363788,0.57909805,0.7061623,-0.7938377,0.4,0.43666667,0
0.7139194,0.6638581,-0.5029898,-0.9970102,0.6566667,0.54,1
0.26856962,0.646587,-0.5014379,0.9985621,0.44,0.20666666,1
0.86293447,0.52118915,-0.5008524,0.9991476,0.42666668,0.81,0
0.61624134,0.30910954,0.50212336,-0.99787664,0.5466667,0.42666668,0
0.77019686,0.6102906,-0.51401514,-0.98598486,0.70666665,0.48,1
0.35174212,0.3312068,0.5081393,-0.9918607,0.28,0.44,0
0.87440646,0.85653216,-0.50095034,0.99904966,0.44,0.81,1
0.4668599,0.9067819,0.50464594,-0.99535406,0.39666668,0.41666666,0
0.398143,0.35151577,0.51616484,-0.98383516,0.32,0.43,0
0.77006674,0.78353816,0.5000005,0.9999995,0.43666667,0.70666665,1
0.70964503,0.07887266,-0.5014512,0.9985488,0.63,0.48,1
0.91453826,0.8245456,0.502747,0.997253,0.42666668,0.85,0
0.31826782,0.40416032,0.50750417,-0.99249583,0.25,0.44,0
0.47060156,0.4827468,-0.5136611,0.9863389,0.43,0.41,0
0.3989504,0.03164952,-0.5175913,-0.9824087,0.34666666,0.43666667,1
0.84711176,0.90495807,-0.500021,0.999979,0.44,0.79,1
0.36564294,0.10391022,0.50751734,0.99248266,0.31666666,0.35666665,0
0.60461915,0.4731698,0.5243661,-0.9756339,0.52666664,0.43666667,0
0.09917862,0.27663222,0.5059156,0.9940844,0.31,0.18,0
0.2866002,0.32514125,-0.50241876,-0.99758124,0.22,0.43,1
0.13048631,0.28094977,0.8060984,-0.6939016,0.05666667,0.43,0
0.38189954,0.08736533,-0.5002255,0.9997745,0.41666666,0.37666667,0
0.43015796,0.25335768,0.51130503,0.98869497,0.42666668,0.35666665,0
0.80374396,0.18731761,-0.51440454,-0.98559546,0.75,0.44,1
0.92226076,0.51141196,0.5300703,-0.9699297,0.85,0.44,0
0.53023154,0.39676654,-0.50000626,-0.99999374,0.47666666,0.43,1
0.80397874,0.8556992,-0.5000442,0.9999558,0.44,0.75,1
0.8437223,0.8080465,0.53122944,0.96877056,0.43666667,0.76666665,1
0.93873215,0.90639645,0.5001858,-0.9998142,0.50666666,0.75666666,0
0.14169991,0.22430222,0.531707,-0.968293,0.07666667,0.42666668,1
0.45336723,0.073565856,0.5253485,0.9746515,0.38666666,0.37666667,0
0.74768335,0.4966859,-0.51623225,0.98376775,0.42666668,0.68666667,0
0.24761313,0.10122409,-0.5107489,-0.9892511,0.19,0.43,1
0.8347167,0.0899752,-0.50041336,0.99958664,0.75,0.49333334,1
0.09622488,0.92916113,0.7477914,-0.7522086,0.37,0.07666667,1
0.5169293,0.95833784,-0.51209176,0.98790824,0.42666668,0.46666667,0
0.38735962,0.8100314,-0.51138496,-0.98861504,0.33666667,0.43666667,1
0.41741768,0.7508153,-0.5000765,0.9999235,0.43,0.35666665,0
0.75185657,0.84071326,-0.8171431,-0.6828569,0.63666666,0.65,0
0.94061345,0.14644355,0.592285,-0.907715,0.85,0.43666667,0
0.8607502,0.43553367,0.5061452,0.9938548,0.44,0.78,1
0.48744562,0.2850114,0.50751567,0.99248433,0.43666667,0.41666666,1
0.6976841,0.71172494,-0.5177943,-0.9822057,0.64666665,0.56,1
0.7119477,0.9394395,-0.5024042,-0.9975958,0.46,0.64,0
0.9764488,0.037269503,-0.5289614,-0.9710386,0.85,0.43666667,0
0.12052185,0.11678592,-0.50522786,-0.99477214,0.07,0.44,1
0.033682715,0.8162343,0.50090665,-0.99909335,0.27,0.21,1
0.14610103,0.48455122,0.51528686,0.98471314,0.43666667,0.08,1
0.8620017,0.927121,0.51026183,0.98973817,0.43666667,0.7966667,1
0.5908629,0.39452568,-0.5376543,-0.9623457,0.52666664,0.43,1
0.8644248,0.3401458,-0.83571905,-0.66428095,0.81,0.42666668,1
0.23882082,0.96992785,-0.5069252,-0.9930748,0.44,0.18,1
0.566485,0.34465936,-0.5136611,0.9863389,0.43,0.51,0
0.45048583,0.8256327,0.515519,0.984481,0.43,0.38,0
0.30403233,0.55203533,0.5294851,0.9705149,0.43,0.24,0
0.9745479,0.5936831,-0.50013924,0.99986076,0.43,0.85,0
0.8428828,0.97836983,-0.50161076,-0.99838924,0.44,0.78,0
0.093416825,0.83415985,-0.5231163,0.9768837,0.43,0.03,0
0.6024924,0.29746327,-0.78016704,0.71983296,0.48,0.5566667,1
0.40758756,0.30087072,-0.52231157,0.97768843,0.43,0.34666666,0
0.0758474,0.29753783,-0.5040754,0.9959246,0.42666668,0.17,0
0.86955565,0.12717825,0.5092529,-0.9907471,0.7966667,0.42666668,0
0.94051003,0.6546275,0.5000279,-0.9999721,0.75666666,0.44,0
0.05167817,0.560268,0.50025403,0.99974597,0.43666667,0.016666668,1
0.34201282,0.79046637,0.526411,-0.973589,0.27666667,0.31666666,1
0.831209,0.04254785,0.50252825,-0.99747175,0.76666665,0.42666668,1
0.56925404,0.43120167,0.6666164,-0.8333836,0.5,0.42666668,0
0.8904136,0.37749878,0.50098497,-0.99901503,0.81666666,0.44,0
0.56242347,0.3467561,0.5001137,-0.9998863,0.49666667,0.42666668,1
0.74146134,0.6794024,-0.5002479,0.9997521,0.43,0.6766667,0
0.23095866,0.20853783,0.5244904,0.9755096,0.20666666,0.24,0
0.29086325,0.7066048,-0.5153504,0.9846496,0.44,0.23,1
0.29162568,0.93458974,-0.5006671,0.9993329,0.44,0.23666666,1
0.31717846,0.749651,0.5040408,-0.9959592,0.23666666,0.31666666,0
0.37210482,0.895659,-0.50593334,-0.99406666,0.36,0.42666668,1
0.02643055,0.28780925,-0.518614,-0.981386,0.016666668,0.43666667,1
0.33035544,0.5799176,0.58991283,-0.91008717,0.26,0.42666668,0
0.23097476,0.8252095,0.5049709,-0.9950291,0.28666666,0.20666666,1
0.24339442,0.047613848,0.5064976,-0.9935024,0.16666667,0.43666667,0
0.5372776,0.64471436,-0.5054786,-0.9945214,0.48,0.43,1
0.16111453,0.6498629,-0.75276834,0.74723166,0.43,0.10666667,0
0.6994724,0.7156397,-0.5112006,-0.9887994,0.64666665,0.56,1
0.6860199,0.6709526,0.50005,-0.99995,0.62,0.44,1
0.0348159,0.3986257,-0.50593334,-0.99406666,0.016666668,0.42666668,1
0.048215874,0.92942435,-0.5044998,0.9955002,0.43,0.016666668,0
0.8837874,0.07128298,-0.51203626,-0.98796374,0.83,0.42666668,1
0.76923335,0.8091617,-0.5209506,0.9790494,0.43,0.7,0
0.6596178,0.71175945,0.5000169,-0.9999831,0.59,0.44,0
0.16952302,0.90607506,0.50856197,-0.99143803,0.37,0.11666667,1
0.3239107,0.73572284,-0.50380784,0.99619216,0.43,0.26,0
0.42703956,0.5977968,-0.50001675,0.99998325,0.43,0.36666667,0
0.49144354,0.63264364,0.52267265,-0.97732735,0.42,0.43666667,0
0.35859588,0.45396802,-0.530142,-0.969858,0.29,0.43,0
0.11817442,0.5147105,-0.51587325,-0.98412675,0.06666667,0.43666667,1
0.802443,0.43785515,0.5005234,0.9994766,0.43,0.72,0
0.5466212,0.7145223,-0.5034312,-0.9965688,0.49,0.44,1
0.58494985,0.086232804,-0.5003444,-0.9996556,0.51666665,0.44,0
0.66782695,0.8605867,0.5300703,-0.9699297,0.55,0.44,0
0.3448087,0.32616827,-0.5002841,0.9997159,0.43666667,0.28,1
0.10857541,0.48477682,-0.5036574,-0.9963426,0.046666667,0.42666668,1
0.6546138,0.1220368,0.50119513,-0.99880487,0.59,0.42666668,1
0.93896383,0.70254856,-0.5001479,0.9998521,0.44,0.85,1
0.47849473,0.6501388,0.77555716,-0.72444284,0.39,0.42666668,0
0.9104333,0.8992957,0.5000209,-0.9999791,0.50666666,0.7266667,0
0.7759984,0.83424485,0.52985626,0.97014374,0.43666667,0.69666666,1
0.077077806,0.72939676,0.521164,-0.978836,0.19,0.33666667,1
0.8148367,0.89753956,-0.50021905,0.99978095,0.43,0.76,0
0.47285208,0.6376577,0.56357956,0.93642044,0.42666668,0.39,0
0.735122,0.7633122,0.5004409,0.9995591,0.43666667,0.6666667,1
0.025076404,0.41929108,-0.51974744,-0.98025256,0.016666668,0.43666667,1
0.43519205,0.5070734,-0.5002034,0.9997966,0.43,0.38,0
0.553282,0.59646803,0.5268914,0.9731086,0.42666668,0.48666668,0
0.16499709,0.9485894,-0.5261287,0.9738713,0.43,0.10666667,0
0.89396316,0.11789375,0.50781536,-0.99218464,0.82,0.43666667,0
0.21817589,0.21661198,-0.52320176,-0.97679824,0.15,0.43,0
0.6652599,0.110893466,-0.5004381,-0.9995619,0.6,0.43,1
0.2196647,0.85413665,0.5037048,-0.9962952,0.31,0.18666667,1
0.739528,0.88115925,0.5598256,0.9401744,0.42666668,0.67,0
0.05857955,0.89685595,-0.5184049,-0.9815951,0.36,0.14,1
0.03004736,0.70369536,0.500767,0.999233,0.42666668,0.016666668,0
0.900854,0.62658924,-0.5017395,-0.9982605,0.7866667,0.42666668,0
0.5250091,0.14168495,0.51731277,-0.98268723,0.46,0.44,1
0.92155206,0.31710112,-0.51595175,0.98404825,0.44666666,0.7366667,1
0.09836855,0.6302502,0.50025403,0.99974597,0.42666668,0.016666668,0
0.6823213,0.67437,-0.5007285,0.9992715,0.43666667,0.62666667,1
0.8495107,0.15218726,0.5115045,-0.9884955,0.77666664,0.43666667,0
0.4339416,0.68606544,-0.8820679,-0.6179321,0.42666668,0.43,1
0.19133082,0.13819344,-0.50676763,-0.99323237,0.13,0.44,1
0.79760295,0.9469931,0.5928132,0.9071868,0.43666667,0.72,1
0.3187064,0.40682706,-0.50077933,-0.99922067,0.26,0.44,1
0.18465932,0.17574003,-0.5002106,0.9997894,0.36666667,0.29,0
0.6687281,0.10486381,0.5557901,-0.9442099,0.59,0.43666667,0
0.39784786,0.4056224,-0.5261188,0.9738812,0.43,0.33,0
0.7637558,0.6152349,-0.51305026,0.98694974,0.44,0.69666666,1
0.7018934,0.6861278,0.5230616,0.9769384,0.42666668,0.63666666,0
0.5605549,0.72302246,-0.52377355,-0.97622645,0.5,0.43,1
0.3408251,0.12021941,0.53122944,0.96877056,0.28666666,0.33666667,0
0.8568273,0.46243927,0.50293344,0.99706656,0.43,0.79,0
0.9492632,0.65774,0.5005234,0.9994766,0.43,0.85,0
0.40515202,0.16619742,0.52278644,0.97721356,0.36666667,0.33666667,0
0.4171451,0.5023651,-0.5000277,0.9999723,0.43,0.36,0
0.37673488,0.92867404,-0.5166259,-0.9833741,0.38666666,0.40666667,1
0.25330263,0.68909603,-0.5007974,0.9992026,0.43,0.2,0
0.57472724,0.06622551,-0.52231157,0.97768843,0.51,0.46666667,1
0.53719,0.5237136,0.52169174,-0.97830826,0.47,0.43666667,0
0.40116706,0.6210223,0.64768004,-0.85231996,0.32,0.42666668,0
0.48371798,0.5542462,-0.512714,0.987286,0.44,0.43,1
0.71252275,0.12366572,-0.51375127,-0.98624873,0.66,0.44,1
0.97472525,0.78267914,0.51403546,-0.98596454,0.6166667,0.57666665,0
0.12038105,0.7972454,0.5000173,0.9999827,0.43666667,0.046666667,1
0.97360003,0.6027288,0.52410465,0.97589535,0.43,0.85,0
0.89154625,0.25904486,-0.5004904,-0.9995096,0.84,0.44,1
0.83106744,0.622816,0.5069154,-0.9930846,0.75666666,0.43,0
0.65693414,0.5630306,-0.51603305,0.98396695,0.43666667,0.6066667,1
0.5537558,0.89623696,0.5268211,0.9731789,0.43,0.49,0
0.8157356,0.9040925,0.50331265,-0.99668735,0.50666666,0.62666667,0
0.8200572,0.6026237,-0.5198499,0.9801501,0.44,0.76,1
0.13905603,0.17082356,-0.50009644,0.99990356,0.30666667,0.29,0
0.03477624,0.9569668,0.7652515,-0.7347485,0.41,0.036666665,1
0.80704653,0.22043191,0.64768004,-0.85231996,0.73,0.43666667,0
0.38204262,0.24798402,0.5003896,-0.9996104,0.3,0.43,0
0.16167998,0.47109804,0.500331,-0.999669,0.09,0.42666668,0
0.5351732,0.11414544,0.5176718,-0.9823282,0.46,0.43,0
0.18539977,0.05044887,0.50067097,-0.99932903,0.10666667,0.43666667,0
0.4615334,0.46548072,0.52311164,0.97688836,0.43666667,0.39,1
0.44242,0.92080957,-0.5000791,0.9999209,0.44,0.38666666,1
0.8348347,0.09602841,-0.5284136,-0.9715864,0.78,0.44,1
0.59742194,0.93682325,0.5017937,-0.9982063,0.47,0.46,0
0.105637506,0.25583923,0.5001203,0.9998797,0.25,0.2,0
0.42119747,0.028544674,-0.51656884,0.98343116,0.36666667,0.43666667,0
0.8178554,0.74062824,-0.5209506,0.9790494,0.44,0.75,1
0.438903,0.25559273,0.5293931,0.9706069,0.42666668,0.35666665,0
0.2849785,0.32076284,0.5003786,0.9996214,0.31666666,0.22,0
0.5264049,0.20952268,0.50091505,0.99908495,0.43666667,0.44666666,1
0.35487372,0.3818979,-0.5035814,-0.9964186,0.3,0.44,1
0.086330794,0.38497964,0.50320387,-0.99679613,0.016666668,0.43666667,0
0.8776751,0.87714255,0.5006546,-0.9993454,0.52666664,0.64666665,0
0.77094626,0.31971914,0.52410465,0.97589535,0.44,0.7,1
0.29058617,0.77542293,-0.5065934,-0.9934066,0.22666667,0.42666668,1
0.6433028,0.26531878,-0.53060794,0.96939206,0.52,0.58,1
0.24420391,0.48131844,-0.79849994,-0.70150006,0.21666667,0.43,1
0.29403803,0.67335606,0.63427335,-0.86572665,0.21,0.36666667,0
0.21024331,0.040990394,0.52995205,-0.97004795,0.12666667,0.43666667,0
0.8075977,0.14873625,0.50984675,0.99015325,0.53,0.5566667,1
0.33172423,0.5263384,0.53151906,0.96848094,0.42666668,0.26,0
0.7249042,0.72674143,0.50143194,0.99856806,0.42666668,0.6566667,0
0.11626845,0.23035088,0.5082483,-0.9917517,0.036666665,0.42666668,0
0.84109545,0.4234223,-0.5067782,0.9932218,0.42666668,0.7866667,0
0.88153076,0.46945447,-0.5002479,0.9997521,0.44,0.82666665,1
0.13484026,0.68389577,0.5176718,-0.9823282,0.14,0.35,1
0.727635,0.24847911,0.6306644,0.8693356,0.42666668,0.66,0
0.584541,0.77202487,0.5111737,0.9888263,0.42666668,0.52,0
0.6756621,0.4070705,-0.5008115,-0.9991885,0.6166667,0.43666667,1
0.58998805,0.72420055,-0.50676763,-0.99323237,0.54,0.45,1
0.36216295,0.09157212,-0.50208867,0.99791133,0.41666666,0.36666667,0
0.42112994,0.91406494,0.5001303,0.9998697,0.43666667,0.35,1
0.57926846,0.3900309,0.5000694,-0.9999306,0.49666667,0.42666668,0
0.67315775,0.32913545,-0.51403546,-0.98596454,0.6166667,0.43666667,1
0.8377152,0.46490297,-0.5107209,-0.9892791,0.77666664,0.43,1
0.24191955,0.26961356,-0.5007994,-0.9992006,0.19,0.44,1
0.4868267,0.4470984,0.5049709,-0.9950291,0.40666667,0.42666668,0
0.28595084,0.3430077,-0.52701455,0.97298545,0.43666667,0.21666667,1
0.60510087,0.26358852,0.52317315,0.97682685,0.43666667,0.54,1
0.24140982,0.91886634,0.75276834,0.74723166,0.43,0.16666667,0
0.35873345,0.8512399,-0.51621485,-0.98378515,0.30666667,0.42666668,1
0.058730625,0.8740604,-0.5108536,-0.9891464,0.33,0.17,1
0.8424452,0.22176683,0.5289614,-0.9710386,0.76666665,0.42666668,0
0.096863866,0.40562427,0.50755,0.99245,0.42666668,0.05,0
0.84785545,0.17645459,0.512821,-0.987179,0.77666664,0.42666668,0
0.8573635,0.6068373,0.5096581,-0.9903419,0.78,0.44,0
0.21720831,0.90699166,-0.5000334,-0.9999666,0.37,0.26666668,1
0.50190574,0.5397757,-0.50055695,-0.99944305,0.44,0.43,1
0.27032244,0.7456208,-0.5065934,-0.9934066,0.21666667,0.43666667,1
0.933756,0.15073873,0.51430523,0.98569477,0.63666666,0.5566667,1
0.2807766,0.6083805,0.50006485,0.99993515,0.44,0.21,1
0.4632698,0.43272352,-0.5008655,-0.9991345,0.39666668,0.44,1
0.8052568,0.16795039,-0.65557605,0.84442395,0.68,0.5966667,1
0.9038396,0.19951878,-0.7477914,-0.7522086,0.84,0.42666668,1
0.7926933,0.59141654,-0.52020115,-0.97979885,0.7366667,0.42666668,1
0.64853126,0.05941677,0.5324936,-0.9675064,0.57,0.43666667,0
0.7751539,0.19443166,0.50026757,-0.99973243,0.70666665,0.42666668,0
0.20185521,0.22555628,0.50022525,-0.99977475,0.12666667,0.42666668,0
0.9450789,0.7521623,-0.5211383,0.9788617,0.44,0.85,1
0.95046186,0.52982837,-0.50112647,0.99887353,0.44,0.85,1
0.18435168,0.7091051,-0.5229062,0.9770938,0.44,0.12,1
0.06146764,0.9316803,-0.5004637,0.9995363,0.43,0.016666668,0
0.4553011,0.23987843,0.5140564,0.9859436,0.42666668,0.38666666,0
0.59246576,0.8165075,-0.50077933,-0.99922067,0.53,0.47,1
0.7302692,0.5032346,-0.52020115,-0.97979885,0.6666667,0.43666667,1
0.09232792,0.90607214,-0.50573075,-0.99426925,0.37,0.15,1
0.31885856,0.023405604,0.5034344,0.9965656,0.24666667,0.43666667,0
0.7919319,0.91187865,-0.52672684,0.97327316,0.44,0.74,1
0.48555186,0.04720002,-0.5216453,0.9783547,0.42666668,0.42666668,0
0.15539168,0.12870014,-0.52320176,-0.97679824,0.1,0.44,1
0.257748,0.4748994,0.521164,-0.978836,0.19,0.43666667,0
0.35288173,0.19982754,-0.5241575,0.9758425,0.42666668,0.28666666,0
0.20896229,0.098483555,0.5076533,0.9923467,0.15666667,0.35666665,0
0.059749387,0.61971503,-0.5093287,-0.9906713,0.08,0.42666668,1
0.9804562,0.03082193,-0.95777416,0.54222584,0.85,0.42666668,1
0.11322155,0.8450034,-0.504134,-0.995866,0.31,0.27,1
0.30867442,0.47941434,0.51616484,-0.98383516,0.23,0.44,0
0.9121408,0.70344704,-0.5200169,-0.9799831,0.71666664,0.49666667,0
0.16741289,0.6021481,0.521164,-0.978836,0.1,0.42666668,0
0.92812127,0.32842302,-0.5204562,0.9795438,0.44,0.74666667,1
0.68382776,0.533286,0.5167617,0.9832383,0.42666668,0.6066667,0
0.5554673,0.22721656,-0.5008115,-0.9991885,0.49666667,0.43666667,1
0.41829297,0.8091995,0.527028,-0.972972,0.34666666,0.38666666,0
0.7767632,0.3979515,-0.5116801,0.9883199,0.47,0.7266667,1
0.7835453,0.37028664,-0.5249247,-0.9750753,0.72,0.44,1
0.53485304,0.8372986,-0.50034666,0.99965334,0.43666667,0.46666667,1
0.7594161,0.02126723,-0.50591415,0.99408585,0.7,0.43,1
0.14369589,0.025555572,-0.51044905,0.98955095,0.086666666,0.44,0
0.89130723,0.84177244,0.50018305,-0.99981695,0.56666666,0.6066667,0
0.823868,0.9193156,-0.5000301,0.9999699,0.44,0.76,1
0.12171944,0.523035,-0.5037549,0.9962451,0.43666667,0.06666667,1
0.3450878,0.3188908,-0.50041205,0.99958795,0.44,0.28,1
0.95272714,0.364614,-0.5069154,-0.9930846,0.85,0.43,0
0.16480172,0.54714817,0.5178179,0.9821821,0.43666667,0.09,1
0.09313988,0.7496167,0.5184049,-0.9815951,0.21,0.29,1
0.61376864,0.15497382,0.500021,0.999979,0.43,0.5366667,0
0.8105699,0.81661934,-0.522316,0.977684,0.43,0.76,0
0.9250093,0.7411803,0.52169967,0.97830033,0.42666668,0.85,0
0.82178617,0.6953299,0.50031126,-0.99968874,0.72,0.43,0
0.3474695,0.48907712,-0.50705683,-0.99294317,0.28,0.43,0
0.40549868,0.3134008,-0.5042906,0.9957094,0.43,0.34,0
0.72202003,0.55884856,-0.500537,0.999463,0.43666667,0.6666667,1
0.8618994,0.23391622,-0.51734567,-0.98265433,0.8,0.43,1
0.6866263,0.48547962,0.502747,0.997253,0.42666668,0.61,0
0.80230045,0.7253125,0.5004127,0.9995873,0.42666668,0.7266667,0
0.5275123,0.36598986,-0.562912,-0.937088,0.47666666,0.44,1
0.03796782,0.78603756,-0.5002841,0.9997159,0.43666667,0.016666668,1
0.71126723,0.26807904,-0.5024099,0.9975901,0.57,0.66,1
0.40304878,0.30896056,-0.50355726,0.99644274,0.43,0.35,0
0.9081962,0.18032397,-0.54862225,0.95137775,0.69,0.58666664,1
0.573593,0.3262186,-0.5008426,0.9991574,0.43,0.51,0
0.8959482,0.47616503,0.5022356,-0.9977644,0.82,0.43,0
0.35295308,0.7942198,-0.5000159,-0.9999841,0.3,0.42666668,1
0.6962722,0.12566152,-0.5153504,0.9846496,0.61,0.54,1
0.018555513,0.31315964,0.5014085,-0.9985915,0.016666668,0.43666667,1
0.07682224,0.30535787,-0.5278627,0.9721373,0.44,0.14666666,1
0.52634954,0.082916364,0.50001204,-0.99998796,0.46,0.43,1
0.2598707,0.65487856,-0.50248986,0.99751014,0.43,0.19,0
0.96726435,0.589868,-0.5029875,0.9970125,0.43,0.85,0
0.72021395,0.5515548,-0.50199664,0.99800336,0.42666668,0.6566667,0
0.66887933,0.37910327,-0.5150639,-0.9849361,0.6166667,0.43666667,1
0.071181536,0.051799804,0.92613584,0.57386416,0.05666667,0.39,0
0.17235512,0.13096789,0.82245994,0.67754006,0.16666667,0.28,0
0.49770212,0.63516206,-0.52377355,-0.97622645,0.43,0.44,0
0.15563448,0.6583738,0.5024032,-0.9975968,0.12,0.36,1
0.909394,0.08760848,0.512821,-0.987179,0.82666665,0.43666667,0
0.9567634,0.7056288,-0.52192074,-0.97807926,0.70666665,0.46,0
0.36030012,0.26113343,0.51556325,-0.98443675,0.29,0.42666668,0
0.6252049,0.23326938,-0.5002205,0.9997795,0.49,0.56,1
0.5485702,0.043259505,0.5092237,-0.9907763,0.47,0.43,0
0.2733275,0.5123013,-0.5027061,0.9972939,0.43,0.21,0
0.56935877,0.17191552,-0.5012191,-0.9987809,0.51666665,0.42666668,1
0.28357944,0.9784336,-0.5000068,-0.9999932,0.44,0.21666667,1
0.41984856,0.17747758,0.5000026,-0.9999974,0.35,0.42666668,0
0.2881927,0.34229416,-0.52377355,-0.97622645,0.23,0.44,1
0.7979215,0.5016645,0.5253711,-0.9746289,0.7266667,0.44,0
0.55911803,0.39110568,0.5040408,-0.9959592,0.47666666,0.43666667,0
0.40908527,0.67095506,0.50252825,-0.99747175,0.33666667,0.43666667,0
0.87162495,0.35715252,-0.50029564,0.99970436,0.46666667,0.75666666,1
0.48846683,0.47012284,-0.503665,-0.996335,0.43,0.44,1
0.7861988,0.0526166,-0.52330256,-0.97669744,0.73,0.44,1
0.5083786,0.12897609,0.8487122,-0.6512878,0.38666666,0.44,0
0.9564678,0.885322,-0.5376543,-0.9623457,0.51666665,0.76,0
0.14124198,0.3819539,0.5093287,-0.9906713,0.07666667,0.42666668,1
0.27133048,0.26962584,-0.512229,-0.987771,0.21,0.43,1
0.64946234,0.12060127,0.5000379,-0.9999621,0.58,0.42666668,0
0.2548846,0.65108883,-0.50203097,-0.99796903,0.2,0.42666668,1
0.34039882,0.7545684,-0.5198999,0.9801001,0.44,0.27666667,1
0.1112951,0.5456621,0.5002106,0.9997894,0.43666667,0.036666665,1
0.3941298,0.78090894,0.5010355,0.9989645,0.43,0.33,0
0.51970255,0.85136825,-0.52357435,0.97642565,0.43666667,0.45666668,1
0.46637574,0.94466865,-0.50512946,-0.99487054,0.41,0.43666667,1
0.89720875,0.7520128,-0.5316995,-0.9683005,0.6666667,0.57666665,0
0.55988264,0.7721829,-0.503059,0.996941,0.42666668,0.50666666,0
0.69668865,0.40272757,0.50000006,0.99999994,0.43666667,0.62666667,1
0.21621509,0.4756975,0.5017771,-0.9982229,0.15,0.44,1
0.7121709,0.18896975,-0.5261287,0.9738713,0.61,0.6066667,1
0.19388299,0.96450734,-0.504134,-0.995866,0.43,0.15,1
0.70218974,0.7040604,-0.51305026,0.98694974,0.43,0.64666665,0
0.79599714,0.37869185,-0.52238494,0.97761506,0.46666667,0.7366667,1
0.53744453,0.71058923,-0.5181309,-0.9818691,0.47,0.44,0
0.15452708,0.49115747,-0.50200194,0.99799806,0.43666667,0.086666666,1
0.93106383,0.69981444,-0.5001095,0.9998905,0.44,0.85,1
0.41673306,0.25353846,0.5000005,0.9999995,0.42666668,0.33666667,0
0.710814,0.55311805,-0.5031289,0.9968711,0.43,0.6566667,0
0.9101645,0.27917418,0.5198499,0.9801501,0.43,0.69666666,0
0.91915655,0.74743617,0.7345716,0.7654284,0.43666667,0.84,1
0.3314513,0.83501184,-0.5229135,-0.9770865,0.29,0.43666667,1
0.5665622,0.47188193,0.7345716,0.7654284,0.43666667,0.5,1
0.31700048,0.8286651,0.51352096,-0.98647904,0.28666666,0.28666666,1
0.4749572,0.40779278,0.5004145,0.9995855,0.43666667,0.40666667,1
0.46728107,0.35067075,-0.5297975,0.9702025,0.44,0.4,1
0.32677644,0.689878,-0.5136611,0.9863389,0.44,0.26,1
0.13623025,0.5614276,-0.5229135,-0.9770865,0.07,0.43666667,1
0.85699373,0.96026415,0.5309307,-0.9690693,0.44666666,0.75666666,0
0.8961199,0.68655074,-0.82245994,0.67754006,0.42666668,0.84,0
0.24810712,0.73704284,0.50194025,-0.99805975,0.2,0.25666666,1
0.61122936,0.5591258,0.5230616,0.9769384,0.43666667,0.5466667,1
0.801284,0.9269156,-0.5004585,-0.9995415,0.49,0.72,0
0.4449519,0.2629102,-0.562912,-0.937088,0.38666666,0.43,1
0.029190533,0.28653026,-0.50755,0.99245,0.40666667,0.17,0
0.1066263,0.082741864,-0.64765453,-0.85234547,0.046666667,0.43,1
0.7751573,0.82328576,0.5004409,0.9995591,0.43666667,0.70666665,1
0.6929299,0.18565023,-0.88104844,0.61895156,0.59,0.63666666,1
0.74334925,0.78678834,-0.5093961,0.9906039,0.43,0.68,0
0.5477474,0.41363803,0.63427335,-0.86572665,0.47,0.42666668,0
0.694336,0.42568493,0.5289614,-0.9710386,0.6166667,0.43666667,0
0.9813426,0.7867259,-0.52518547,-0.97481453,0.6166667,0.57666665,0
0.69514006,0.04167719,-0.5003713,0.9996287,0.62,0.45,1
0.48753592,0.5776634,-0.50053424,-0.99946576,0.42,0.43,0
0.1871612,0.9545487,-0.504134,-0.995866,0.42,0.16,1
0.7302088,0.5032057,-0.5175913,-0.9824087,0.6666667,0.43666667,1
0.30530402,0.27201554,-0.5001899,0.9998101,0.43666667,0.24,1
0.3642049,0.1907085,0.5194161,0.9805839,0.33666667,0.28666666,0
0.44190088,0.6084789,-0.50558007,0.99441993,0.43,0.38,0
0.25719777,0.46638227,0.5011535,0.9988465,0.44,0.19,1
0.55066997,0.88162446,0.501631,-0.998369,0.48666668,0.43,1
0.782713,0.8557267,-0.522316,0.977684,0.43,0.72,0
0.2861433,0.07097168,0.5090285,-0.9909715,0.20666666,0.42666668,0
0.6365664,0.16552083,-0.5249247,-0.9750753,0.57,0.43,1
0.35684982,0.4105459,0.51616484,-0.98383516,0.28,0.43,0
0.76347876,0.08655032,-0.5069154,-0.9930846,0.71,0.43,1
0.018346682,0.6464121,0.50023854,0.99976146,0.42666668,0.016666668,0
0.915606,0.8733006,-0.515356,0.984644,0.43,0.85,0
0.33121756,0.63902396,-0.50021917,0.99978083,0.44,0.28,1
0.74009824,0.2566073,0.51794654,-0.98205346,0.6666667,0.42666668,0
0.43076703,0.73719865,-0.5143691,-0.9856309,0.38,0.44,1
0.25333935,0.9683761,0.5,1.0,0.42666668,0.18666667,0
0.4977443,0.43249872,0.5064321,0.9935679,0.43666667,0.41666666,1
0.41596273,0.4657005,-0.5054786,-0.9945214,0.36,0.43,1
0.69733447,0.26783493,0.5000479,0.9999521,0.43,0.62666667,0
0.2127715,0.162914,0.5289393,-0.9710607,0.13666667,0.43666667,0
0.7537172,0.10780499,-0.50001675,0.99998325,0.66,0.51666665,1
0.2210454,0.4618388,-0.50202596,-0.99797404,0.16666667,0.43,1
0.7690228,0.48907492,-0.50010324,-0.99989676,0.71666664,0.43666667,1
0.31679234,0.596565,0.52586883,0.97413117,0.44,0.25,1
0.6617396,0.88378674,-0.50241876,-0.99758124,0.52,0.57,0
0.10667269,0.74837613,0.5,1.0,0.42666668,0.026666667,0
0.23720965,0.297012,0.5000334,-0.9999666,0.16666667,0.43666667,0
0.54725254,0.53649455,-0.5107489,-0.9892511,0.49,0.43,1
0.90825784,0.26949164,-0.50028217,0.99971783,0.58666664,0.6666667,1
0.95335126,0.10624408,0.52283937,0.97716063,0.7366667,0.50666666,1
0.6238695,0.8800737,-0.50081944,-0.99918056,0.5233333,0.53,0
0.84217644,0.85854226,-0.6108362,-0.8891638,0.56666666,0.72,0
0.5720951,0.14002198,-0.5105616,0.9894384,0.48,0.50666666,1
0.44679436,0.10033862,-0.51849216,-0.98150784,0.38666666,0.42666668,1
0.12345432,0.43898007,-0.52613693,0.97386307,0.42666668,0.05666667,0
0.6062317,0.6134886,0.50429994,0.99570006,0.42666668,0.52666664,0
0.8037007,0.029704077,0.51209176,0.98790824,0.7266667,0.42666668,1
0.7036235,0.3329748,0.5011229,0.9988771,0.43666667,0.64,1
0.1241865,0.30540493,0.5005491,-0.9994509,0.05666667,0.43666667,0
0.8414127,0.94428164,0.5024313,-0.9975687,0.45666668,0.72,0
0.31218997,0.033404164,0.5001441,-0.9998559,0.23666666,0.42666668,0
0.20202121,0.16519706,-0.5065146,-0.9934854,0.15,0.44,1
0.6205443,0.12884974,0.522654,0.977346,0.43,0.53,0
0.02079833,0.09206398,0.5215902,0.9784098,0.086666666,0.37,0
0.6344624,0.33359596,-0.5159636,-0.9840364,0.57666665,0.42666668,1
0.69194996,0.15087594,-0.5004381,-0.9995619,0.64,0.43,1
0.32053626,0.4004123,0.5201077,-0.9798923,0.25,0.43,0
0.3723666,0.6162534,0.5049709,-0.9950291,0.29666665,0.41666666,0
0.2858842,0.702121,-0.5009389,-0.9990611,0.21666667,0.42666668,0
0.8420677,0.8673114,0.5194161,0.9805839,0.42666668,0.77666664,0
0.10666065,0.11815381,-0.6625102,-0.8374898,0.046666667,0.43,1
0.17809181,0.21471353,-0.6788811,-0.8211189,0.11666667,0.43,1
0.90287036,0.93884176,0.5293062,0.9706938,0.43666667,0.82666665,1
0.9590965,0.08501475,0.5033929,0.9966071,0.7866667,0.49666667,1
0.22547701,0.5382399,0.51241416,-0.98758584,0.16,0.44,1
0.7705093,0.52741164,0.50109154,0.99890846,0.42666668,0.69666666,0
0.12215115,0.8737421,0.72333735,0.77666265,0.44,0.036666665,1
0.11150287,0.7446285,-0.50028443,-0.99971557,0.21,0.42666668,1
0.8084378,0.095340826,-0.5122189,0.9877811,0.73,0.51,1
0.8656043,0.2716743,0.5093961,0.9906039,0.43,0.6766667,0
0.09076383,0.46186963,-0.504712,0.995288,0.42666668,0.036666665,0
0.9252437,0.486159,-0.5049162,0.9950838,0.43,0.85,0
0.26634538,0.282847,0.50586885,-0.99413115,0.18666667,0.43666667,0
0.47274765,0.36997512,0.50067157,0.99932843,0.43666667,0.4,1
0.33005205,0.38,-0.47978777,-0.5,0.27333334,0.43333334,1
0.11959878,0.12177028,-0.5000179,0.9999821,0.22,0.33,0
0.058226135,0.19377118,0.51739687,-0.98260313,0.016666668,0.43,1
0.20470098,0.84914887,0.51600355,-0.98399645,0.3,0.16666667,1
0.2937768,0.1636106,0.504439,0.995561,0.26666668,0.29666665,0
0.4357702,0.9618352,-0.5031289,0.9968711,0.44,0.36666667,1
0.3238237,0.19529459,0.50429994,0.99570006,0.30666667,0.26666668,0
0.90518874,0.47764835,0.5017937,-0.9982063,0.83,0.44,0
0.54211736,0.88421696,-0.5007285,0.9992715,0.42666668,0.47666666,0
0.1560482,0.8840286,0.7477914,-0.7522086,0.31,0.13666667,1
0.59114957,0.24405198,0.52317315,0.97682685,0.43666667,0.52,1
0.038731303,0.9211919,0.5027061,0.9972939,0.44,0.016666668,1
0.702959,0.08885815,-0.5014512,0.9985488,0.62,0.49,1
0.038208187,0.82142174,0.5176718,-0.9823282,0.28,0.21,1
0.8986893,0.23450582,-0.5033929,0.9966071,0.63666666,0.64666665,1
0.28798732,0.83432555,-0.5003072,0.9996928,0.43,0.23,0
0.03739963,0.11029829,0.5071794,-0.9928206,0.016666668,0.43,1
0.48643953,0.38385752,-0.50000566,0.99999434,0.44,0.42,1
0.18169323,0.441108,0.500331,-0.999669,0.1,0.43666667,0
0.48756772,0.62441564,-0.50241876,-0.99758124,0.42,0.43,0
0.78133404,0.74215376,0.5009595,0.9990405,0.43666667,0.71666664,1
0.8194783,0.9194552,-0.52574813,-0.97425187,0.48666668,0.75,0
0.6357991,0.60354334,-0.52238494,0.97761506,0.43666667,0.56666666,1
0.89732033,0.475716,0.5000442,0.9999558,0.44,0.83,1
0.496708,0.44094035,0.5000002,0.9999998,0.42666668,0.41666666,0
0.11767398,0.24312921,-0.7096902,-0.7903098,0.06666667,0.44,1
0.15692832,0.5675464,-0.5082483,-0.9917517,0.096666664,0.42666668,1
0.43027744,0.5049314,-0.5007517,-0.9992483,0.37,0.43,1
0.46426165,0.47118053,0.5294719,0.9705281,0.43666667,0.39,1
0.88889736,0.35195205,-0.50045544,-0.99954456,0.83,0.44,1
0.55543613,0.4809707,0.5230616,0.9769384,0.43666667,0.48666668,1
0.4914136,0.2257154,-0.52343625,-0.97656375,0.42666668,0.44,1
0.7084239,0.24714647,-0.83571905,-0.66428095,0.67,0.42666668,1
0.36739838,0.12617004,0.51787394,-0.98212606,0.28666666,0.43666667,0
0.76518756,0.11184656,0.5004454,-0.9995546,0.69666666,0.42666668,0
0.36986375,0.45915106,-0.513338,-0.986662,0.32,0.43,1
0.2520552,0.19569683,-0.5005326,0.9994674,0.42666668,0.25666666,0
0.44438666,0.6138606,0.52144563,-0.97855437,0.36666667,0.43666667,0
0.89807785,0.6738558,0.52317315,0.97682685,0.43666667,0.82,1
0.8091156,0.22591831,-0.7985971,-0.7014029,0.75,0.42666668,1
0.97384614,0.8650312,0.5219326,-0.9780674,0.5366667,0.70666665,0
0.66105443,0.83752453,-0.50053424,-0.99946576,0.58,0.55,0
0.70750177,0.70837635,0.50007355,-0.99992645,0.64,0.43,0
0.59615636,0.085637726,-0.7985971,-0.7014029,0.55,0.42666668,1
0.53533846,0.27482158,0.5557901,-0.9442099,0.47,0.43666667,1
0.77831465,0.4193493,0.5211383,0.9788617,0.44,0.69666666,1
0.8899258,0.09745584,0.5092529,-0.9907471,0.8066667,0.43666667,0
0.3300842,0.7714761,0.5078778,0.9921222,0.42666668,0.26,0
0.7207778,0.19593094,0.52538955,0.97461045,0.43,0.6,0
0.38841578,0.6011075,-0.5136611,0.9863389,0.43,0.33,0
0.37071356,0.7295273,0.5009648,-0.9990352,0.29666665,0.38666666,0
0.67565507,0.7168671,-0.5007498,-0.9992502,0.6066667,0.52,0
0.052950937,0.5077108,-0.627366,0.872634,0.43,0.016666668,0
0.74012905,0.65137607,0.5197719,0.9802281,0.43666667,0.6666667,1
0.6865751,0.6881734,0.5269468,0.9730532,0.42666668,0.61,0
0.6336518,0.45345592,-0.5038997,0.9961003,0.44,0.57,1
0.47090653,0.57967204,0.5009648,-0.9990352,0.40666667,0.43666667,1
0.36554846,0.7897653,-0.8603312,-0.6396688,0.34,0.43666667,1
0.19558926,0.8295083,-0.989443,0.510557,0.43,0.30666667,0
0.112908505,0.42152217,0.5014046,0.9985954,0.43,0.03,0
0.5807711,0.94973594,-0.5007274,-0.9992726,0.46,0.51,0
0.92821294,0.32804093,-0.5206211,0.9793789,0.44,0.7366667,1
0.07637813,0.86357,-0.5044655,-0.9955345,0.33,0.2,1
0.66734695,0.2271309,0.50095034,0.99904966,0.43,0.6,0
0.857485,0.09086572,-0.5000765,0.9999235,0.77,0.49666667,1
0.066540435,0.62962174,-0.5093287,-0.9906713,0.09,0.43666667,1
0.73634017,0.69633937,-0.8581845,0.6418155,0.43666667,0.7,1
0.27061373,0.5454734,-0.5174796,-0.9825204,0.21,0.44,1
0.20327003,0.16518697,-0.5007517,-0.9992483,0.15,0.43,1
0.8335307,0.8458295,-0.75348204,-0.74651796,0.5966667,0.68,0
0.5678209,0.9650696,0.5022356,-0.9977644,0.45,0.48,0
0.031929765,0.9382726,-0.5537972,-0.9462028,0.39,0.05666667,1
0.6653477,0.703961,-0.525615,-0.974385,0.6066667,0.53,1
0.91708595,0.057825953,0.5092529,-0.9907471,0.8466667,0.43666667,0
0.4647806,0.588035,-0.5073324,-0.9926676,0.4,0.44,1
0.5595798,0.7789698,-0.5000194,-0.9999806,0.49,0.43,0
0.32169625,0.74386233,-0.52661175,0.97338825,0.43,0.26666668,0
0.4381317,0.36456358,0.50429994,0.99570006,0.43666667,0.35666665,1
0.50009495,0.29247832,0.5034344,0.9965656,0.43666667,0.42666668,1
0.12141549,0.10187285,-0.5002334,0.9997666,0.18666667,0.35,0
0.70021033,0.29043296,-0.5008909,0.9991091,0.55,0.64666665,1
0.1376149,0.48629162,0.95777416,0.54222584,0.43,0.046666667,0
0.7448574,0.17220844,0.5290303,-0.9709697,0.68,0.42666668,1
0.68103546,0.28230867,0.5211383,0.9788617,0.44,0.6166667,1
0.1967899,0.6659378,-0.7259763,0.7740237,0.44,0.13666667,1
0.96894896,0.6995791,-0.500159,0.999841,0.44,0.85,1
0.7061334,0.07198334,-0.52674025,0.97325975,0.64,0.48,1
0.33849362,0.9501713,0.50037146,-0.99962854,0.40666667,0.27666667,1
0.6583832,0.4216827,0.5004153,-0.9995847,0.58666664,0.43666667,0
0.7830657,0.33339188,0.5000083,0.9999917,0.44,0.7,1
0.5306719,0.9449306,-0.5050394,0.9949606,0.42666668,0.46666667,0
0.7689865,0.53944504,-0.5007018,-0.9992982,0.70666665,0.43666667,1
0.7770944,0.4993041,-0.5000209,-0.9999791,0.7266667,0.42666668,1
0.44677505,0.94923043,-0.51825434,-0.98174566,0.40666667,0.42666668,1
0.06947083,0.116179265,-0.6788811,-0.8211189,0.016666668,0.43,1
0.7924839,0.19007158,0.7287714,0.7712286,0.42666668,0.65,0
0.5679321,0.9343248,-0.5143691,-0.9856309,0.48,0.5,0
0.43300316,0.7922522,0.5000129,0.9999871,0.42333335,0.35,0
0.7025276,0.19195163,-0.5007414,-0.9992586,0.65,0.44,1
0.41712052,0.89201707,-0.5008734,-0.9991266,0.35666665,0.42666668,1
0.3611948,0.72516537,-0.5198999,0.9801001,0.43,0.30666667,0
0.97077554,0.61459965,0.5000597,0.9999403,0.44,0.85,1
0.065866366,0.14453094,0.5112502,-0.9887498,0.016666668,0.44,1
0.1548647,0.038981818,0.50374675,-0.99625325,0.07666667,0.43666667,0
0.27217844,0.09339552,0.5001441,-0.9998559,0.19666667,0.42666668,0
0.6513608,0.61689895,0.50143194,0.99856806,0.43666667,0.58666664,1
0.90204275,0.11066981,0.5168719,-0.9831281,0.82666665,0.43666667,0
0.8240517,0.9323108,-0.8275142,0.6724858,0.43,0.77,0
0.90786266,0.6936692,-0.50013924,0.99986076,0.43,0.84,0
0.16489771,0.5184759,-0.5184461,0.9815539,0.43666667,0.096666664,1
0.3473342,0.2268108,0.5286869,0.9713131,0.32666665,0.27666667,0
0.57430404,0.022238344,0.5065621,0.9934379,0.5,0.44,1
0.05999286,0.10448951,0.51030093,-0.98969907,0.016666668,0.44,1
0.52141356,0.35421127,-0.50210583,0.99789417,0.43,0.46,0
0.33542567,0.64459765,-0.5009107,0.9990893,0.44,0.28,1
0.8587125,0.90166396,0.5001917,-0.9998083,0.51,0.6766667,0
0.42378655,0.2150761,-0.5008056,0.9991944,0.43666667,0.36,1
0.6682599,0.58,0.58904594,0.5,0.43333334,0.5933333,1
0.05807631,0.44135746,0.5080815,0.9919185,0.43666667,0.016666668,1
0.50944996,0.19976465,-0.5268506,-0.9731494,0.45666668,0.42666668,1
0.7972731,0.13620456,-0.5069154,-0.9930846,0.74,0.44,1
0.24822079,0.45761994,0.50400573,-0.99599427,0.18,0.44,0
0.6505189,0.702697,0.52169985,0.97830015,0.44,0.58666664,1
0.12036283,0.8977916,-0.50001496,-0.99998504,0.35,0.18666667,1
0.08846772,0.9213088,-0.5010743,0.9989257,0.44,0.03,1
0.3396674,0.652254,0.5000129,0.9999871,0.42333335,0.27,0
0.8119814,0.4437471,-0.5199303,0.9800697,0.43666667,0.75666666,1
0.2830034,0.17459594,-0.50001204,0.99998796,0.42666668,0.27666667,0
0.39623785,0.20094466,-0.5041766,0.9958234,0.43666667,0.33333334,1
0.7626655,0.3051881,-0.52264404,-0.97735596,0.71,0.44,1
0.32447913,0.82524097,-0.5229135,-0.9770865,0.28,0.42666668,1
0.05799327,0.50434,-0.5003575,-0.9996425,0.016666668,0.43666667,1
0.9590291,0.8225803,-0.5268506,-0.9731494,0.5966667,0.64666665,0
0.8282166,0.8476997,0.5194161,0.9805839,0.42666668,0.75666666,0
0.11632364,0.14060137,0.518614,-0.981386,0.036666665,0.42666668,0
0.7440632,0.522387,-0.51849216,-0.98150784,0.6766667,0.43666667,0
0.22734006,0.15770535,0.82344234,0.67655766,0.21666667,0.24,0
0.46438554,0.905287,-0.51363385,-0.98636615,0.40666667,0.42666668,1
0.2106949,0.43832472,0.5056852,0.9943148,0.44,0.14,1
0.04135907,0.8293273,-0.50030565,0.99969435,0.43,0.016666668,0
0.2638811,0.41186723,0.51757336,-0.98242664,0.2,0.43,1
0.85037345,0.92748684,0.5014654,-0.9985346,0.47666666,0.69666666,0
0.799369,0.6009076,-0.51849216,-0.98150784,0.7366667,0.43666667,1
0.73877066,0.767409,0.5003485,0.9996515,0.43666667,0.6666667,1
0.49741247,0.9455723,-0.50374675,-0.99625325,0.43,0.42666668,0
0.7046965,0.79878,0.5004904,-0.9995096,0.62,0.44,0
0.15378359,0.13731116,0.5010363,0.9989637,0.12666667,0.33,0
0.9536924,0.23712923,-0.7477914,-0.7522086,0.85,0.43666667,0
0.11322155,0.566161,0.504134,-0.995866,0.03,0.43,0
0.79111844,0.04280408,0.51305026,0.98694974,0.68,0.45666668,1
0.36905482,0.68780714,0.50549847,0.99450153,0.43,0.29,0
0.5058214,0.8186177,-0.51876336,0.98123664,0.43666667,0.43666667,1
0.20172858,0.8772664,-0.5177715,-0.9822285,0.33,0.31666666,1
0.7604289,0.91517717,-0.7434383,0.7565617,0.42666668,0.7,0
0.38213086,0.19255155,0.5045373,-0.9954627,0.31666666,0.44,1
0.33835462,0.8646364,-0.5006671,0.9993329,0.43,0.28666666,0
0.1722869,0.9257144,0.5118726,0.9881274,0.42666668,0.10666667,0
0.29244298,0.1854965,-0.5141336,0.9858664,0.42666668,0.27666667,0
0.9185327,0.33252153,0.501631,-0.998369,0.83666664,0.44,0
0.3246776,0.25506625,-0.51382107,0.98617893,0.43666667,0.26666668,1
0.25952095,0.53524697,-0.50296223,0.99703777,0.43,0.19,0
0.18946925,0.55540985,-0.50116175,-0.99883825,0.12,0.42666668,0
0.11332307,0.9310688,0.50119513,-0.99880487,0.4,0.05666667,1
0.7352223,0.32565725,0.52038777,0.97961223,0.43,0.66,0
0.7245213,0.63500774,0.50768924,0.99231076,0.42666668,0.64666665,0
0.6316647,0.8827149,0.502485,-0.997515,0.52,0.43,0
0.7360172,0.05156382,0.5017188,-0.9982812,0.6566667,0.43,0
0.2569727,0.11576668,0.7581381,-0.7418619,0.18666667,0.43,0
0.9264559,0.2842059,-0.502485,-0.997515,0.85,0.43,0
0.3660968,0.10721917,-0.51656884,0.98343116,0.42666668,0.35666665,0
0.4151759,0.92176104,-0.5116801,0.9883199,0.44,0.35666665,1
0.4321337,0.22260936,0.5001989,-0.9998011,0.36,0.43,0
0.39499965,0.22520617,0.51757336,-0.98242664,0.33,0.44,1
0.23476776,0.31116185,-0.5021709,0.9978291,0.43666667,0.18,1
0.73047656,0.55007946,-0.5000264,0.9999736,0.43,0.6666667,0
0.9304924,0.17769578,-0.50098497,-0.99901503,0.85,0.44,0
0.9157642,0.49095166,-0.50256306,0.99743694,0.44,0.85,1
0.41748664,0.23915267,-0.5018338,-0.9981662,0.35666665,0.43,1
0.35841924,0.094182655,0.506815,0.993185,0.30666667,0.37,0
0.68980354,0.8065162,0.50742054,-0.99257946,0.61,0.43,0
0.031637203,0.08626424,0.5549422,0.9450578,0.07666667,0.38,0
0.3472965,0.2085596,0.8581845,0.6418155,0.29666665,0.26,0
0.16850686,0.27554503,0.50022525,-0.99977475,0.096666664,0.43666667,0
0.75269324,0.5709576,0.50005,-0.99995,0.68,0.44,0
0.5862475,0.8189691,-0.5000194,-0.9999806,0.53,0.47,1
0.27508834,0.30115432,0.500331,-0.999669,0.2,0.43666667,0
0.111611664,0.6433615,0.50260484,-0.99739516,0.1,0.42666668,1
0.61060756,0.54263496,0.500038,0.999962,0.43666667,0.5466667,1
0.9211408,0.86,-0.49475977,0.5,0.43333334,0.85,1
0.45301446,0.19291504,0.50001204,-0.99998796,0.37,0.44,0
0.033746373,0.9635722,0.93278646,-0.56721354,0.42,0.026666667,1
0.59927124,0.70132446,0.9209126,-0.5790874,0.46,0.42666668,0
0.68219817,0.4095363,-0.5007018,-0.9992982,0.6166667,0.42666668,1
0.8985657,0.22063568,-0.5187125,0.9812875,0.64666665,0.63666666,1
0.41121247,0.052527156,-0.52020115,-0.97979885,0.34666666,0.43666667,1
0.5633116,0.18554044,0.8820679,-0.6179321,0.41666666,0.44,0
0.70178133,0.30440223,0.50026757,-0.99973243,0.63666666,0.43666667,1
0.25391427,0.059706897,-0.53767246,-0.96232754,0.19666667,0.44,1
0.4597719,0.13682978,0.5044655,-0.9955345,0.38,0.43,0
0.9278762,0.061859906,-0.88104844,0.61895156,0.79,0.49666667,1
0.10966595,0.33231637,0.51044905,0.98955095,0.39666668,0.13,0
0.13101724,0.8970077,-0.5285682,-0.9714318,0.35,0.21666667,1
0.26318333,0.19842051,-0.50079435,-0.99920565,0.2,0.44,1
0.4111045,0.063523725,-0.5268506,-0.9731494,0.35666665,0.42666668,1
0.5972055,0.6704461,-0.5216137,-0.9783863,0.54,0.45,1
0.56032336,0.540104,0.5051402,0.9948598,0.43666667,0.49666667,1
0.47942546,0.35642543,0.5293062,0.9706938,0.43666667,0.40666667,1
0.41894642,0.29348662,-0.5042906,0.9957094,0.43,0.36,0
0.66233414,0.32909143,-0.50010324,-0.99989676,0.5966667,0.43666667,1
0.22832602,0.21747796,0.50034946,0.99965054,0.22666667,0.25,0
0.8325849,0.6474134,-0.5268506,-0.9731494,0.77666664,0.46666667,1
0.92010814,0.7232086,-0.51315355,0.98684645,0.43,0.85,0
0.6352603,0.68877876,-0.500537,0.999463,0.42666668,0.57666665,0
0.6877511,0.30830798,0.50294715,-0.99705285,0.6066667,0.43666667,0
0.2062722,0.5093435,-0.5112604,-0.9887396,0.13666667,0.44,0
0.9636629,0.27473965,0.7477914,-0.7522086,0.85,0.42666668,0
0.1600261,0.9495668,0.50000006,0.99999994,0.42666668,0.086666666,0
0.15476167,0.65937924,-0.50030565,0.99969435,0.44,0.09,1
0.6697369,0.10826523,0.50194025,-0.99805975,0.59,0.42666668,0
0.3316043,0.7504238,0.51528686,0.98471314,0.42666668,0.25,0
0.93488926,0.57760966,0.50021905,0.99978095,0.43,0.85,0
0.41787004,0.67309266,0.5253224,0.9746776,0.43,0.34,0
0.14284259,0.17128824,0.51814,-0.98186,0.07666667,0.42666668,1
0.72640693,0.4868149,0.50253737,-0.99746263,0.6566667,0.43666667,0
0.19905479,0.032750074,0.5009389,-0.9990611,0.12666667,0.43666667,0
0.8491006,0.17938408,-0.65209,0.84791,0.67,0.6166667,1
0.5024592,0.5757602,0.5005323,-0.9994677,0.42,0.42666668,0
0.51697445,0.04022556,-0.51575714,-0.98424286,0.46666667,0.43666667,1
0.3102036,0.7795009,0.50000465,0.99999535,0.44,0.24666667,1
0.29161674,0.3857134,0.5044655,-0.9955345,0.21,0.44,0
0.9495858,0.41540614,-0.51985055,-0.98014945,0.85,0.44,0
0.95852023,0.67256,0.5249247,-0.9750753,0.7366667,0.43,0
0.08678955,0.48125643,-0.5141336,0.9858664,0.42666668,0.036666665,0
0.5122885,0.53478587,0.5001475,0.9998525,0.43666667,0.44,1
0.10941761,0.41738725,-0.50512946,-0.99487054,0.04,0.42666668,0
0.45310783,0.31118563,0.50309443,0.99690557,0.43666667,0.38666666,1
0.46870393,0.46003634,-0.5195257,0.9804743,0.44,0.41,1
0.9309304,0.78365433,-0.5268506,-0.9731494,0.63666666,0.6066667,0
0.18565676,0.3758248,0.5001203,0.9998797,0.37,0.12,0
0.75040925,0.6021763,0.5285672,-0.9714328,0.6766667,0.44,0
0.1846636,0.3316993,-0.5003829,0.9996171,0.43666667,0.11666667,1
0.07554992,0.03488642,-0.513338,-0.986662,0.016666668,0.44,1
0.02130922,0.095735475,0.93278646,-0.56721354,0.13,0.43666667,1
0.7142695,0.79142946,0.5244499,-0.9755501,0.63,0.43,0
0.14695232,0.031685553,-0.5010355,0.9989645,0.1,0.42,0
0.34583393,0.62783283,-0.5153504,0.9846496,0.44,0.29,1
0.8624658,0.18681332,-0.5022356,-0.9977644,0.81,0.44,1
0.059231214,0.17529444,0.7363632,-0.7636368,0.016666668,0.43,1
0.18280564,0.038911693,0.51138496,-0.98861504,0.11666667,0.43666667,1
0.756188,0.10206761,0.51511097,-0.98488903,0.69,0.43666667,1
0.2988333,0.9746048,0.527028,-0.972972,0.43666667,0.21666667,1
0.68875736,0.44386637,-0.51849216,-0.98150784,0.63666666,0.43666667,1
0.089883216,0.40244502,-0.5008734,-0.9991266,0.026666667,0.43666667,1
0.14972816,0.09594555,-0.50000775,-0.99999225,0.08,0.43,0
0.8644719,0.098253965,0.5183222,0.9816778,0.6666667,0.49666667,1
0.07777926,0.4368705,-0.5019426,-0.9980574,0.026666667,0.43666667,1
0.50674474,0.6384629,0.52567285,-0.97432715,0.43666667,0.42666668,0
0.5890482,0.30617428,0.5037048,-0.9962952,0.52,0.43666667,0
0.12823486,0.6560586,0.627366,0.872634,0.44,0.046666667,1
0.4500247,0.63691115,-0.6126458,0.8873542,0.44,0.38666666,1
0.17728814,0.5678232,0.50004303,-0.99995697,0.11,0.42666668,0
0.093676075,0.44079936,-0.50240546,-0.99759454,0.026666667,0.43666667,0
0.6390305,0.87871313,-0.50010276,-0.99989724,0.54,0.54,0
0.7989224,0.9125175,-0.5001479,0.9998521,0.43,0.74,0
0.88785714,0.723665,-0.50013924,0.99986076,0.44,0.83,1
0.2857232,0.28089353,-0.659839,-0.840161,0.22666667,0.43,1
0.37817645,0.6915882,0.5004454,-0.9995546,0.29666665,0.40666667,0
0.387779,0.6624092,0.52082604,0.97917396,0.44,0.31,1
0.84283555,0.6113992,-0.5309307,-0.9690693,0.7866667,0.43666667,1
0.057446618,0.5052951,-0.5005491,-0.9994509,0.016666668,0.43666667,1
0.039036434,0.095714815,0.5549422,0.9450578,0.086666666,0.37,0
0.66966593,0.65875375,0.5305884,0.9694116,0.43666667,0.6,1
0.6814425,0.23240337,0.5300832,0.9699168,0.44,0.61,1
0.898195,0.47647318,0.5005212,-0.9994788,0.82,0.44,0
0.85298324,0.08351849,-0.5097392,-0.9902608,0.8,0.43,1
0.22262156,0.5586141,0.5024032,-0.9975968,0.14,0.44,0
0.97343445,0.0907265,0.51603305,0.98396695,0.77666664,0.50666666,1
0.8301818,0.2107005,-0.5096581,-0.9903419,0.77,0.44,1
0.46114036,0.97405714,0.50225157,-0.99774843,0.43666667,0.39,1
0.49622062,0.8321414,0.5006331,0.9993669,0.43,0.43,0
0.93340296,0.67315197,-0.57455915,0.92544085,0.43666667,0.85,1
0.12865278,0.42544252,-0.5167374,0.9832626,0.42666668,0.06666667,0
0.7742866,0.12602696,0.5010661,-0.9989339,0.70666665,0.42666668,0
0.5382835,0.6016079,0.5004153,-0.9995847,0.46666667,0.43666667,0
0.5322409,0.3939763,-0.5136611,0.9863389,0.44,0.48,1
0.6327025,0.3950752,0.5006407,0.9993593,0.42666668,0.5566667,0
0.90144837,0.60980904,0.52488583,0.97511417,0.44,0.82,1
0.7040018,0.27783445,0.5000479,0.9999521,0.44,0.63666666,1
0.106252775,0.27271688,0.531707,-0.968293,0.026666667,0.43666667,0
0.63187456,0.22327158,-0.5002205,0.9997795,0.5,0.57,1
0.7045473,0.30991265,0.511488,0.988512,0.44,0.62666667,1
0.7832383,0.38576064,-0.5107209,-0.9892791,0.71666664,0.43,1
0.0878148,0.93117803,0.700556,-0.799444,0.39,0.06666667,1
0.6010298,0.6608584,0.52311164,0.97688836,0.43666667,0.53,1
0.1738838,0.80018395,-0.52124214,0.97875786,0.44,0.12,1
0.7200092,0.72516775,-0.6108362,-0.8891638,0.6566667,0.57,1
0.2988333,0.19551432,-0.52613693,0.97386307,0.43666667,0.26666668,1
0.75979936,0.7996864,0.50067157,0.99932843,0.42666668,0.69,0
0.43711746,0.5915873,-0.50436693,0.99563307,0.43,0.38666666,0
0.63296854,0.3590849,-0.5265712,-0.9734288,0.57666665,0.42666668,1
0.34753832,0.7118779,-0.50010556,0.99989444,0.43,0.28,0
0.815011,0.8264907,0.5003337,-0.9996663,0.57666665,0.5,0
0.16386123,0.09100471,-0.50181174,-0.99818826,0.10666667,0.43,1
0.45701626,0.425,-0.43171299,-0.5,0.40333334,0.42333335,1
0.12464932,0.67096627,0.5253551,-0.9746449,0.12,0.39,1
0.5853626,0.47519296,0.52512497,-0.97487503,0.50666666,0.43666667,0
0.1657096,0.9364931,-0.50197065,-0.99802935,0.4,0.17,1
0.47316375,0.5647566,0.51160145,-0.98839855,0.40333334,0.42666668,0
0.6742226,0.31568867,0.51109695,0.98890305,0.43,0.6,0
0.6266172,0.15822646,-0.5107209,-0.9892791,0.56666666,0.44,1
0.60512584,0.16573162,0.5024516,0.9975484,0.44,0.54,1
0.59798217,0.97579396,0.51440454,-0.98559546,0.43,0.52,0
0.6385036,0.6869311,-0.7363632,-0.7636368,0.57666665,0.48,1
0.8287002,0.9110475,-0.5004831,-0.9995169,0.49,0.74,0
0.550757,0.6646048,-0.5054786,-0.9945214,0.5,0.43,1
0.071281314,0.046955757,0.9209126,-0.5790874,0.09,0.43666667,1
0.65430504,0.77314687,-0.51305026,0.98694974,0.44,0.5966667,1
0.37059793,0.62519634,0.61351997,-0.88648003,0.3,0.40666667,0
0.4750376,0.82696986,-0.51030093,-0.98969907,0.42,0.43,1
0.25228873,0.17241421,0.52311164,0.97688836,0.21666667,0.29,0
0.7075645,0.72551304,-0.6280255,-0.8719745,0.6566667,0.56,1
0.26511866,0.18328056,-0.50134796,-0.99865204,0.2,0.44,1
0.97894114,0.9629104,-0.71105266,-0.78894734,0.44666666,0.83,0
0.97068125,0.744752,0.52192074,-0.97807926,0.6666667,0.5,0
0.5945251,0.27966687,-0.5178842,0.9821158,0.46,0.54,1
0.7755965,0.1552317,0.515526,-0.984474,0.70666665,0.43666667,0
0.39200592,0.18529324,-0.5029898,-0.9970102,0.33666667,0.44,1
0.12672153,0.24592713,0.77740985,-0.72259015,0.05666667,0.44,0
0.4344326,0.51941943,-0.52320176,-0.97679824,0.38,0.44,1
0.16774474,0.19210637,-0.530142,-0.969858,0.1,0.44,0
0.9637012,0.6855472,0.511488,0.988512,0.44,0.85,1
0.4490877,0.91081035,-0.5000791,0.9999209,0.43,0.39666668,0
0.09004867,0.12493959,-0.989443,0.510557,0.43,0.24666667,0
0.95814323,0.61144865,0.5033819,0.9966181,0.44,0.85,1
0.84818465,0.44763815,0.50021905,0.99978095,0.44,0.77,1
0.16356818,0.14183244,0.51814,-0.98186,0.086666666,0.43666667,0
0.30445358,0.048335996,-0.5249158,0.9750842,0.28666666,0.41,0
0.41923034,0.8750277,-0.50512946,-0.99487054,0.36,0.42666668,1
0.21594353,0.8475694,-0.5093287,-0.9906713,0.31,0.37666667,1
0.49342832,0.95302397,0.5028157,0.9971843,0.42666668,0.42,0
0.9387432,0.66170996,-0.5001917,-0.9998083,0.75,0.43666667,0
0.35528877,0.13155262,-0.5021709,0.9978291,0.43666667,0.32,1
0.5781422,0.42286783,0.6666164,-0.8333836,0.51,0.43666667,0
0.37233102,0.3820225,0.6629521,0.8370479,0.42666668,0.29,0
0.3196669,0.6222544,0.5000129,0.9999871,0.43333334,0.24,1
0.63853145,0.7606067,0.5301206,-0.9698794,0.56666666,0.44,0
0.1404765,0.13651788,-0.5078778,0.9921222,0.26666668,0.32,0
0.046178542,0.07375945,0.65530384,0.84469616,0.07666667,0.38,0
0.4742848,0.44,-0.43171299,-0.5,0.41333333,0.43333334,1
0.9137208,0.39726952,0.5242154,-0.9757846,0.8466667,0.43,0
0.4633008,0.22265565,-0.52231157,0.97768843,0.43,0.40666667,0
0.76323456,0.7998855,0.5286869,0.9713131,0.43666667,0.68666667,1
0.31535047,0.43182087,-0.5006263,0.9993737,0.43,0.26,0
0.9028159,0.34977898,0.55404955,-0.94595045,0.82,0.42666668,0
0.9617756,0.5665775,-0.5003337,-0.9996663,0.83666664,0.44,0
0.07010872,0.76364934,0.500767,0.999233,0.42666668,0.016666668,0
0.90763545,0.61542886,-0.5007005,-0.9992995,0.7866667,0.43,0
0.7724163,0.23901765,0.5243661,-0.9756339,0.70666665,0.43666667,1
0.28114563,0.5187677,0.51616484,-0.98383516,0.21,0.44,0
0.19398057,0.06737533,0.51437384,-0.98562616,0.11666667,0.42666668,0
0.21150696,0.8855899,-0.5026387,-0.9973613,0.34,0.3,1
0.45006645,0.3035384,0.5000005,0.9999995,0.43666667,0.38666666,1
0.8595954,0.2897409,-0.5199944,-0.9800056,0.79,0.43,0
0.32459128,0.19190307,0.5051402,0.9948598,0.30666667,0.26666668,0
0.4947044,0.49086985,-0.5261287,0.9738713,0.44,0.43666667,1
0.55818695,0.40464482,-0.698525,0.801475,0.44,0.49666667,1
0.66461295,0.28995183,0.5009648,-0.9990352,0.5966667,0.42666668,0
0.88752824,0.43839622,0.50007355,-0.99992645,0.81,0.44,0
0.41174108,0.51069087,0.5003786,0.9996214,0.42666668,0.33,0
0.5552915,0.38693005,0.50768924,0.99231076,0.43666667,0.47666666,1
0.92624015,0.59350926,-0.5107209,-0.9892791,0.8066667,0.44,0
0.45298144,0.5698831,0.64768004,-0.85231996,0.38,0.42666668,0
0.067889854,0.77760106,0.50017214,-0.99982786,0.23,0.24,1
0.47713917,0.08639054,0.5017771,-0.9982229,0.4,0.43,0
0.27800158,0.25968894,0.512672,0.987328,0.27666667,0.21,0
0.37258467,0.20713064,0.8487122,-0.6512878,0.26666668,0.44,0
0.13439216,0.62138814,-0.78016704,0.71983296,0.43,0.10666667,0
0.40395954,0.79607797,-0.5112604,-0.9887396,0.34666666,0.43,1
0.87721634,0.41320804,0.5218568,-0.9781432,0.81,0.43,0
0.2677463,0.7503606,0.5017188,-0.9982812,0.21666667,0.27,1
0.28184894,0.8710328,-0.5010024,0.9989976,0.43,0.22666667,0
0.74086404,0.096215315,-0.5007817,-0.9992183,0.69,0.43,1
0.33335948,0.7295668,0.50000006,-0.99999994,0.26666668,0.34666666,0
0.6474854,0.1076252,-0.52914256,-0.97085744,0.59,0.43,1
0.57301736,0.03291697,0.50001127,0.99998873,0.49,0.44,1
0.59603935,0.47589913,0.7061623,-0.7938377,0.51,0.42666668,0
0.4476028,0.33645082,-0.5004543,-0.9995457,0.39666668,0.43,1
0.77389044,0.9197775,0.5928132,0.9071868,0.42666668,0.69,0
0.5281607,0.6339375,-0.50032246,-0.99967754,0.46,0.43,0
0.6774938,0.33358875,0.50286645,-0.99713355,0.5966667,0.43666667,0
0.3467535,0.9173655,-0.5241404,-0.9758596,0.36666667,0.39666668,1
0.61729556,0.055734586,0.5000442,0.9999558,0.5,0.47,1
0.38808596,0.85726184,0.5165039,-0.9834961,0.30666667,0.34666666,0
0.13955145,0.9593015,0.50101805,0.99898195,0.42666668,0.05666667,0
0.88743824,0.50657266,0.57455915,0.92544085,0.43666667,0.82,1
0.9078318,0.27728578,0.50934196,-0.99065804,0.82666665,0.43666667,0
0.4388106,0.742325,-0.5038997,0.9961003,0.43,0.38,0
0.5006936,0.14441706,0.52169967,0.97830033,0.43666667,0.42666668,1
0.08947146,0.11416716,0.6629521,0.8370479,0.12666667,0.33,0
0.5557381,0.25200772,-0.5265712,-0.9734288,0.48666668,0.43666667,0
0.8546281,0.590098,-0.51843274,0.98156726,0.44,0.79,1
0.7692373,0.52154195,0.82827103,-0.67172897,0.65,0.42666668,0
0.58062315,0.7993825,-0.5149216,0.9850784,0.42333335,0.52666664,0
0.26952258,0.7364372,-0.50095224,0.99904776,0.43,0.2,0
0.34129357,0.29583338,0.7345716,0.7654284,0.36666667,0.27,0
0.38585815,0.5710927,-0.77740985,-0.72259015,0.33666667,0.43,1
0.5954632,0.41544038,0.5004127,0.9995873,0.43666667,0.51666665,1
0.15102716,0.17512299,0.65530384,0.84469616,0.19666667,0.26,0
0.6484734,0.67793095,0.64381516,0.85618484,0.43666667,0.57,1
0.44296396,0.48329413,-0.51137877,0.98862123,0.44,0.38,1
0.3919071,0.22993186,0.5194161,0.9805839,0.37666667,0.32666665,0
0.5600811,0.2317951,-0.50352585,0.99647415,0.43,0.5,0
0.71235394,0.37392008,-0.5007309,-0.9992691,0.6566667,0.43666667,1
0.49969873,0.38916,0.8007053,-0.6992947,0.39666668,0.44,0
0.33114654,0.3043517,-0.64765453,-0.85234547,0.26666668,0.43,1
0.44844702,0.230019,0.5140564,0.9859436,0.43666667,0.37666667,1
0.8190251,0.7688736,0.50751734,0.99248266,0.42666668,0.74666667,0
0.4086262,0.74725246,0.5003819,-0.9996181,0.33666667,0.41666666,0
0.8067601,0.039516475,0.5050394,0.9949606,0.71666664,0.43666667,1
0.59376216,0.22770488,-0.52674025,0.97325975,0.48,0.54,1
0.42836222,0.5748825,-0.50595146,0.99404854,0.43,0.37666667,0
0.8148367,0.39764908,0.50021905,0.99978095,0.43,0.74,0
0.3374077,0.7926937,0.5178179,0.9821821,0.42666668,0.26,0
0.33637357,0.20024928,-0.51798415,0.98201585,0.42666668,0.26666668,0
0.57031363,0.8111542,-0.51430523,0.98569477,0.42666668,0.50666666,0
0.8762178,0.6283785,0.50002474,0.99997526,0.43,0.81,0
0.597935,0.7342213,-0.5054786,-0.9945214,0.53,0.46,0
0.700111,0.57550555,-0.563028,-0.936972,0.63666666,0.43,1
0.9401729,0.3229698,0.5000033,-0.9999967,0.85,0.43,0
0.24707103,0.13528287,0.52169985,0.97830015,0.2,0.32666665,0
0.46940655,0.042709213,-0.511881,0.988119,0.42666668,0.41666666,0
0.2501627,0.6422354,-0.5008734,-0.9991266,0.18666667,0.43666667,1
0.88155997,0.89,-0.49475977,0.5,0.43333334,0.82,1
0.42648804,0.14841063,-0.52701455,0.97298545,0.43666667,0.37666667,1
0.8408754,0.51549894,-0.5007005,-0.9992995,0.7866667,0.43,1
0.49538267,0.954166,-0.5007285,0.9992715,0.43666667,0.42666668,1
0.6825529,0.82350886,0.51734567,-0.98265433,0.59,0.43,0
0.09431274,0.30914837,0.5166259,-0.9833741,0.026666667,0.43666667,0
0.3219459,0.22651237,-0.525615,-0.974385,0.25666666,0.44,1
0.36705625,0.12725699,-0.5000173,0.9999827,0.42666668,0.32666665,0
0.33131197,0.9017011,-0.5038997,0.9961003,0.43,0.28,0
0.9185209,0.49285302,-0.9209126,-0.5790874,0.82,0.42666668,0
0.8383438,0.6641374,-0.5112292,-0.9887708,0.7366667,0.52666664,0
0.76475537,0.06913804,-0.5004904,-0.9995096,0.71,0.43,1
0.11032781,0.7607952,0.50753427,0.99246573,0.43666667,0.046666667,1
0.38739526,0.5174192,0.5138319,-0.9861681,0.31,0.43666667,0
0.4297966,0.566965,0.51871634,-0.98128366,0.34666666,0.43666667,0
0.86719435,0.4517915,-0.52264404,-0.97735596,0.8,0.43,0
0.6046744,0.044368096,-0.52567303,-0.97432697,0.55,0.43,1
0.10846054,0.77963865,0.51798415,0.98201585,0.43666667,0.026666667,1
0.28796956,0.2617344,-0.64765453,-0.85234547,0.23666666,0.44,1
0.6332668,0.36937627,0.50091505,0.99908495,0.43666667,0.56666666,1
0.4480935,0.40190166,-0.525615,-0.974385,0.39666668,0.44,1
0.8720672,0.23628588,0.51448154,0.98551846,0.44,0.64666665,1
0.40798506,0.8951064,-0.522971,0.977029,0.44,0.34666666,1
0.54672235,0.864541,-0.5029461,0.9970539,0.43,0.49666667,0
0.6146962,0.89522606,0.5022356,-0.9977644,0.52,0.43,0
0.85422873,0.14418896,-0.5010652,-0.9989348,0.8,0.44,1
0.40507916,0.26256198,0.50030553,0.99969447,0.41666666,0.32666665,0
0.74634236,0.7588655,0.51026183,0.98973817,0.42666668,0.6666667,0
0.32523185,0.9537744,0.5002336,-0.9997664,0.41,0.26666668,1
0.92960197,0.6361216,0.511488,0.988512,0.43,0.85,0
0.6474203,0.85605526,-0.5073324,-0.9926676,0.55,0.55,0
0.2928854,0.6039282,-0.5027762,0.9972238,0.44,0.24,1
0.25245216,0.04019673,0.50067157,0.99932843,0.18666667,0.43,0
0.70076627,0.28491738,-0.5205033,-0.9794967,0.63666666,0.43,1
0.8856147,0.50257814,0.5001479,0.9998521,0.44,0.81,1
0.5707408,0.2778809,-0.52020115,-0.97979885,0.51666665,0.42666668,1
0.043713048,0.6247225,0.52472216,0.97527784,0.42666668,0.016666668,0
0.13321611,0.6942545,0.50142974,-0.99857026,0.15,0.31,1
0.75846624,0.271745,0.5004153,-0.9995847,0.6766667,0.42666668,0
0.13148835,0.47005454,-0.5067918,0.9932082,0.42666668,0.07666667,0
0.69871795,0.68958384,0.51026183,0.98973817,0.43666667,0.6166667,1
0.5981252,0.25382024,0.52317315,0.97682685,0.42666668,0.53,0
0.73586595,0.69228053,-0.5123331,-0.9876669,0.6766667,0.57,1
0.10502355,0.24929318,-0.5071794,-0.9928206,0.04,0.43,1
0.58607686,0.33589166,0.502747,0.997253,0.43666667,0.52,1
0.18443155,0.41629276,-0.51798415,0.98201585,0.42666668,0.12666667,0
0.5697351,0.70075184,-0.5035814,-0.9964186,0.5,0.44,0
0.103459954,0.69891745,-0.5041726,0.9958274,0.44,0.05,1
0.44397777,0.16784039,0.50004303,-0.99995697,0.37,0.42666668,0
0.109789304,0.8880489,-0.5045156,-0.9954844,0.35,0.2,1
0.061155774,0.3961139,-0.51980156,-0.98019844,0.016666668,0.42666668,1
0.16253747,0.38225615,0.52586883,0.97413117,0.44,0.09,1
0.73554236,0.25743958,0.5003819,-0.9996181,0.6666667,0.42666668,0
0.78590125,0.04803679,-0.50595146,0.99404854,0.72,0.44666666,1
0.14656512,0.9133812,-0.5153504,0.9846496,0.43,0.08,0
0.08166375,0.2052474,0.5253224,0.9746776,0.21,0.26,0
0.56909007,0.73148113,0.5004492,0.9995508,0.43666667,0.5,1
0.08598091,0.60779256,-0.5051061,0.9948939,0.43666667,0.03,1
0.598899,0.1782536,0.9607204,-0.5392796,0.42,0.43666667,0
0.56803954,0.114217,0.51894695,-0.98105305,0.5,0.43,0
0.80760896,0.8568881,-0.8060984,-0.6939016,0.5966667,0.68,0
0.75576127,0.7366196,0.51902854,-0.98097146,0.67,0.43,0
0.27848557,0.10110862,-0.5009924,-0.9990076,0.21666667,0.44,1
0.26841727,0.311151,0.500331,-0.999669,0.19,0.42666668,0
0.8548053,0.62955385,0.50790006,0.99209994,0.43666667,0.7866667,1
0.7778454,0.75759214,0.51130503,0.98869497,0.43666667,0.70666665,1
0.34569523,0.6157959,0.5001203,0.9998797,0.43,0.28,0
0.21297827,0.69994366,-0.5297975,0.9702025,0.44,0.16,1
0.82579714,0.043908056,-0.5097392,-0.9902608,0.76,0.43,1
0.7238962,0.24230812,0.8007053,-0.6992947,0.6066667,0.43,0
0.41923705,0.1835693,0.506815,0.993185,0.39666668,0.34,0
0.41556174,0.3466562,-0.58256966,-0.91743034,0.35666665,0.43,1
0.74760723,0.7252891,0.5293062,0.9706938,0.43666667,0.6666667,1
0.18476617,0.86996645,0.50753427,0.99246573,0.42666668,0.11666667,0
0.9345793,0.40344617,0.5133742,-0.9866258,0.85,0.44,0
0.27031642,0.37031102,0.5164681,-0.9835319,0.19,0.43,0
0.19893235,0.22947335,-0.5181309,-0.9818691,0.14,0.43,1
0.7159038,0.32480082,-0.62816745,0.87183255,0.51,0.6566667,1
0.60991603,0.46649802,0.52267265,-0.97732735,0.53,0.42666668,0
0.4397723,0.45385712,-0.50000566,0.99999434,0.43,0.37,0
0.039609756,0.26422825,0.5000159,-0.9999841,0.016666668,0.43666667,1
0.8274096,0.1847835,-0.51734567,-0.98265433,0.77,0.44,1
0.8283487,0.16096693,0.5243661,-0.9756339,0.74666667,0.43666667,0
0.34173858,0.38741854,0.50034946,0.99965054,0.39666668,0.26,0
0.46869195,0.6050608,0.50022686,-0.99977314,0.39666668,0.42666668,0
0.2037536,0.048428416,0.52985626,0.97014374,0.12666667,0.40666667,0
0.9293869,0.8962422,-0.6788811,-0.8211189,0.52666664,0.76,0
0.11904609,0.25289294,-0.5080815,0.9919185,0.42666668,0.2,0
0.60208577,0.40510616,0.50022686,-0.99977314,0.5366667,0.42666668,1
0.9641081,0.60460025,0.5000597,0.9999403,0.43,0.85,0
0.9474035,0.29458952,-0.5183222,0.9816778,0.46666667,0.69666666,1
0.61678123,0.33785433,-0.51314753,-0.98685247,0.5566667,0.42666668,1
0.8835932,0.8670751,0.5293931,0.9706069,0.43666667,0.8066667,1
0.6168966,0.69268,-0.5031289,0.9968711,0.43,0.5566667,0
0.6928335,0.15307532,0.54990953,-0.95009047,0.61,0.43666667,0
0.6641328,0.36463317,0.51794654,-0.98205346,0.5966667,0.43666667,0
0.5707778,0.73567176,0.5041908,-0.9958092,0.49666667,0.43666667,0
0.41573846,0.25483656,0.50010365,0.99989635,0.42666668,0.33666667,0
0.12057545,0.9699825,0.5017188,-0.9982812,0.43666667,0.05,1
0.62252533,0.8808823,-0.5008524,0.9991476,0.42666668,0.57,0
0.50316674,0.5928435,0.50286645,-0.99713355,0.43666667,0.43666667,1
0.6013919,0.88935035,-0.5002479,0.9997521,0.44,0.5466667,1
0.84683895,0.062970646,-0.5000033,-0.9999967,0.79,0.43,1
0.972307,0.6325589,0.5001479,0.9998521,0.43,0.85,0
0.85624063,0.94306356,-0.5112006,-0.9887994,0.45666668,0.79,0
0.7528563,0.5749599,0.5006407,0.9993593,0.42666668,0.6766667,0
0.06688112,0.26123232,0.50240546,-0.99759454,0.016666668,0.43666667,1
0.76358646,0.25843892,-0.50000733,0.99999267,0.62,0.6566667,1
0.87310004,0.56475097,0.5024516,0.9975484,0.44,0.8,1
0.6885055,0.40855816,0.52169967,0.97830033,0.42666668,0.6166667,0
0.8274919,0.033784784,-0.5291681,-0.9708319,0.77,0.42666668,1
0.7041282,0.32084814,-0.5000765,0.9999235,0.54,0.64666665,1
0.3238474,0.81880033,0.51352096,-0.98647904,0.27666667,0.29666665,1
0.3107885,0.7209331,-0.53060794,0.96939206,0.43,0.25,0
0.1254695,0.31336382,0.5001441,-0.9998559,0.05666667,0.42666668,0
0.9316546,0.95523,0.50271815,-0.99728185,0.45666668,0.82666665,0
0.7854005,0.65163124,-0.5198499,0.9801501,0.43,0.73,0
0.06973891,0.48509273,-0.5143249,0.9856751,0.42666668,0.016666668,0
0.19496165,0.06293746,-0.5135666,0.9864334,0.20666666,0.4,0
0.2114146,0.14197478,0.5166259,-0.9833741,0.13666667,0.42666668,0
0.28259012,0.0982,-0.53767246,-0.96232754,0.21666667,0.44,1
0.7947229,0.24201557,-0.51375127,-0.98624873,0.74,0.44,1
0.20204456,0.7514914,-0.5010743,0.9989257,0.43,0.14,0
0.3617459,0.48188904,-0.5004637,0.9995363,0.44,0.31,1
0.5319066,0.13185807,0.51731277,-0.98268723,0.45,0.43,0
0.48399526,0.8765694,0.51044905,0.98955095,0.42666668,0.42,0
0.9057376,0.3843923,-0.5001011,0.9998989,0.42666668,0.7866667,0
0.24152225,0.6771463,-0.698525,0.801475,0.44,0.17666666,1
0.32513905,0.0495444,0.50768924,0.99231076,0.25666666,0.41666666,0
0.6422302,0.6931107,-0.5251353,0.9748647,0.43666667,0.58666664,1
0.38282734,0.29870895,0.521164,-0.978836,0.31,0.43666667,0
0.44183895,0.40920693,0.52169985,0.97830015,0.44,0.36666667,1
0.43114692,0.8630937,-0.52563053,-0.97436947,0.36666667,0.42666668,1
0.9140116,0.75358033,-0.5271501,-0.9728499,0.6566667,0.56666666,0
0.22363044,0.09134105,-0.52574813,-0.97425187,0.15666667,0.44,0
0.3423454,0.54171705,-0.5010743,0.9989257,0.44,0.29,1
0.96477723,0.17021987,0.50464594,-0.99535406,0.85,0.43666667,0
0.8820786,0.67109036,0.50023955,0.99976045,0.43,0.8066667,0
0.28129664,0.45765612,0.50017214,-0.99982786,0.21,0.44,0
0.8537423,0.52142715,-0.5045361,0.9954639,0.44,0.7866667,1
0.88747424,0.88613695,0.5017395,-0.9982605,0.52666664,0.6666667,0
0.02799023,0.36521572,-0.5036574,-0.9963426,0.016666668,0.42666668,1
0.9715587,0.8157738,-0.5159636,-0.9840364,0.58666664,0.63666666,0
0.25356293,0.9361556,0.592285,-0.907715,0.39,0.16666667,1
0.822123,0.28146553,-0.51375127,-0.98624873,0.76,0.44,1
0.7595112,0.4995647,-0.5010967,-0.9989033,0.69666666,0.42666668,1
0.3350405,0.23752517,0.504134,-0.995866,0.26,0.44,0
0.7332296,0.9679927,-0.530142,-0.969858,0.44,0.68,0
0.6741785,0.31786093,0.5014671,0.9985329,0.44,0.61,1
0.274391,0.43876556,0.50573075,-0.99426925,0.2,0.44,0
0.047411073,0.7755532,-0.5268141,-0.9731859,0.24,0.33666667,1
0.7570563,0.51938355,-0.52357435,0.97642565,0.43666667,0.69666666,1
0.9210912,0.23032452,0.51305026,0.98694974,0.49,0.64666665,1
0.3859828,0.75698173,0.50294715,-0.99705285,0.31666666,0.38666666,0
0.76366585,0.047137517,0.5037048,-0.9962952,0.7,0.43666667,1
0.49565881,0.048040085,-0.57427037,0.92572963,0.45,0.42666668,1
0.6636492,0.75683165,-0.5298061,0.9701939,0.43666667,0.5966667,1
0.55862266,0.26788512,-0.5268506,-0.9731494,0.50666666,0.43666667,1
0.43811816,0.59632736,-0.6427055,0.8572945,0.43,0.37666667,0
0.6943747,0.19070762,0.51511097,-0.98488903,0.62,0.42666668,0
0.6564735,0.25846866,-0.5014654,-0.9985346,0.58666664,0.42666668,0
0.54413956,0.9250314,-0.5050394,0.9949606,0.42666668,0.48666668,0
0.05298267,0.46648824,-0.5166259,-0.9833741,0.016666668,0.43666667,1
0.71069837,0.92461574,-0.5007517,-0.9992483,0.49,0.63,0
0.043724276,0.40779442,0.53011113,0.96988887,0.43666667,0.05,1
0.27196696,0.3368816,-0.50077933,-0.99922067,0.21,0.43,1
0.042819675,0.1347139,-0.5294851,0.9705149,0.18,0.33,0
0.19445388,0.7091581,0.5557901,-0.9442099,0.15,0.29666665,1
0.4017773,0.07277125,-0.5067918,0.9932082,0.42666668,0.37666667,0
0.46566153,0.61873984,-0.50010276,-0.99989724,0.4,0.44,1
0.848895,0.18258616,-0.50458866,-0.99541134,0.79,0.43,1
0.42037693,0.45514125,-0.52886987,0.97113013,0.44,0.37,1
0.70302314,0.4612194,-0.501134,-0.998866,0.64666665,0.43666667,1
0.29673296,0.073538534,0.5000005,0.9999995,0.24666667,0.37666667,0
0.79221165,0.96751183,-0.5211383,0.9788617,0.44,0.74,1
0.30288652,0.7435846,0.5178179,0.9821821,0.43666667,0.23,1
0.44619927,0.5285951,0.6514517,-0.8485483,0.37,0.43666667,0
0.9277059,0.24217375,-0.50199664,0.99800336,0.5966667,0.64666665,1
0.042242374,0.34733406,-0.5040754,0.9959246,0.43666667,0.12,1
0.7691709,0.74627113,-0.6625102,-0.8374898,0.69666666,0.58,0
0.24673465,0.5679595,0.51616484,-0.98383516,0.18,0.43,0
0.44217676,0.48461524,-0.51462954,-0.98537046,0.39,0.43,1
0.0630777,0.39060646,-0.5009277,-0.9990723,0.016666668,0.42666668,1
0.09428488,0.70811385,0.5081393,-0.9918607,0.16,0.34,1
0.909035,0.30653733,-0.5199303,0.9800697,0.47666666,0.71666664,1
0.35351273,0.8801461,0.5092529,-0.9907471,0.33666667,0.30666667,1
0.49373844,0.64973384,0.57368,0.92632,0.42666668,0.42,0
0.43449146,0.7569721,0.5008548,0.9991452,0.44,0.36,1
0.2813889,0.083612025,0.5004409,0.9995591,0.23666666,0.36666667,0
0.10903732,0.4378277,-0.8171431,-0.6828569,0.10666667,0.44,1
0.07456188,0.45494983,-0.5064976,-0.9935024,0.016666668,0.42666668,1
0.7542182,0.11619968,-0.5007817,-0.9992183,0.69,0.43,1
0.9281917,0.8131794,0.526831,-0.973169,0.6066667,0.5566667,0
0.9800287,0.034671463,-0.66124076,-0.83875924,0.85,0.43666667,0
0.07977045,0.85566914,-0.5229062,0.9770938,0.43,0.03,0
0.6537275,0.39555883,-0.5219326,-0.9780674,0.5966667,0.42666668,1
0.38474354,0.95557576,0.5002106,0.9997894,0.42666668,0.30666667,0
0.06425415,0.29208988,0.5020201,-0.9979799,0.016666668,0.43666667,1
0.28989235,0.23838873,-0.50079435,-0.99920565,0.22,0.44,0
0.52478456,0.36465958,-0.51137877,0.98862123,0.44,0.46,1
0.8403078,0.28934836,-0.522971,0.977029,0.58,0.70666665,1
0.29827794,0.6577163,-0.65557605,0.84442395,0.44,0.23666666,1
0.4006234,0.3106476,-0.52231157,0.97768843,0.44,0.33666667,1
0.5938587,0.2561124,-0.50003225,0.99996775,0.45,0.53,1
0.5152976,0.15971173,-0.5007018,-0.9992982,0.44666666,0.43666667,0
0.92717594,0.5146314,-0.5000279,-0.9999721,0.85,0.44,0
0.6198076,0.14833367,-0.5107209,-0.9892791,0.5566667,0.43,1
0.6407562,0.21738927,-0.51575714,-0.98424286,0.58666664,0.43666667,1
0.14016578,0.21786551,-0.5278627,0.9721373,0.43,0.23666666,0
0.8942394,0.03259304,0.50199664,0.99800336,0.8066667,0.43666667,1
0.44618168,0.22421604,0.5067132,0.9932868,0.43666667,0.37666667,1
0.5683404,0.096109495,0.51954985,0.98045015,0.43,0.48666668,0
0.29318336,0.90977246,0.5093245,-0.9906755,0.36666667,0.23666666,1
0.50192225,0.57398874,0.5003203,0.9996797,0.43666667,0.43666667,1
0.8181241,0.19785427,0.6666164,-0.8333836,0.74,0.42666668,0
0.6565854,0.61490023,-0.6302224,-0.8697776,0.6066667,0.44,1
0.18904524,0.53571486,-0.52995205,-0.97004795,0.13666667,0.42666668,1
0.71876997,0.10301028,0.50856197,-0.99143803,0.64,0.42666668,0
0.9681038,0.35219833,-0.5045361,0.9954639,0.43,0.75666666,0
0.6881965,0.26514828,0.5050806,-0.9949194,0.6166667,0.42666668,0
0.43286708,0.17665116,0.5044655,-0.9955345,0.36,0.43,0
0.48133123,0.9429875,0.50016946,0.99983054,0.42666668,0.41,0
0.73211914,0.36039042,0.50037146,-0.99962854,0.6566667,0.42666668,0
0.07681824,0.5202602,-0.51656884,0.98343116,0.42666668,0.016666668,0
0.13788377,0.5216253,-0.5020201,-0.9979799,0.07666667,0.42666668,1
0.8057943,0.12583247,-0.50009394,-0.99990606,0.75,0.43,1
0.91719645,0.71188605,-0.5160354,-0.9839646,0.69666666,0.50666666,0
0.968043,0.23945126,-0.51430523,0.98569477,0.5466667,0.64666665,1
0.37910232,0.8907541,0.50009644,0.99990356,0.42666668,0.29666665,0
0.50660115,0.91215175,-0.50473696,0.99526304,0.42666668,0.43666667,0
0.97762716,0.83707327,-0.50109154,0.99890846,0.43666667,0.85,1
0.284572,0.24864016,0.5177715,-0.9822285,0.20666666,0.43666667,0
0.265676,0.49581036,0.5001203,0.9998797,0.43,0.2,0
0.69623226,0.57486033,0.50231403,0.99768597,0.42666668,0.62666667,0
0.73163444,0.71701205,0.5002674,-0.9997326,0.66,0.43,0
0.3620379,0.405,-0.47978777,-0.5,0.30333334,0.42333335,1
0.5544201,0.35582736,-0.5004684,0.9995316,0.44,0.5,1
0.4537266,0.9665948,-0.51814,-0.98186,0.42666668,0.41666666,1
0.10969482,0.11070472,-0.50081944,-0.99918056,0.053333335,0.44,1
0.6277786,0.44866973,-0.5229992,0.9770008,0.43666667,0.57666665,1
0.63690317,0.6924985,-0.5008655,-0.9991345,0.57666665,0.48,1
0.64532197,0.22558454,0.5024516,0.9975484,0.44,0.58,1
0.54302925,0.53088176,0.5026198,-0.9973802,0.47666666,0.43666667,1
0.19650353,0.24059819,-0.50081944,-0.99918056,0.14333333,0.43,1
0.6381195,0.39054304,0.5055945,-0.9944055,0.56666666,0.43666667,0
0.37861994,0.12488737,0.5067132,0.9932868,0.33666667,0.33666667,0
0.38357657,0.061635356,-0.5167374,0.9832626,0.39666668,0.39666668,0
0.9143193,0.06253315,0.50199664,0.99800336,0.77666664,0.46666667,1
0.1600918,0.027040066,-0.5309067,0.9690933,0.11,0.44,0
0.30233735,0.45842698,-0.50355726,0.99644274,0.44,0.24,1
0.22457556,0.13570073,0.5005291,0.9994709,0.19666667,0.32666665,0
0.5015929,0.9716698,0.52506405,-0.97493595,0.43666667,0.42,1
0.65458786,0.13281365,0.5138319,-0.9861681,0.58,0.42666668,0
0.6313162,0.110358186,-0.5191621,0.9808379,0.55,0.53,1
0.44575778,0.62331927,0.5050806,-0.9949194,0.37666667,0.42666668,0
0.29834732,0.10261087,0.50030553,0.99969447,0.25666666,0.34666666,0
0.18757477,0.4792257,-0.52701455,0.97298545,0.43666667,0.13666667,1
0.25787362,0.4112918,0.5285682,-0.9714318,0.19,0.43666667,0
0.8215516,0.041513603,-0.5218568,-0.9781432,0.76,0.43,1
0.46262163,0.29721373,-0.5123331,-0.9876669,0.39666668,0.43,1
0.86807907,0.60743546,0.5014671,0.9985329,0.43,0.8,0
0.5475584,0.06669599,0.51954985,0.98045015,0.44,0.47666666,1
0.31148258,0.8340047,-0.52285075,-0.97714925,0.29,0.43666667,1
0.89246327,0.41498828,-0.51209176,0.98790824,0.43666667,0.81666666,1
0.8328609,0.3518686,0.52538955,0.97461045,0.43,0.76,0
0.048231244,0.65291804,0.81279236,0.68720764,0.44,0.016666668,1
0.72249126,0.44665742,-0.5309307,-0.9690693,0.6566667,0.42666668,1
0.15095378,0.4634597,0.5069252,-0.9930748,0.07,0.43,0
0.17384645,0.5225249,0.5268141,-0.9731859,0.1,0.43666667,0
0.9671462,0.5079626,0.5113399,-0.9886601,0.85,0.44,0
0.029138086,0.6120647,0.5177715,-0.9822285,0.06,0.42666668,1
0.762509,0.37194714,0.50834703,0.99165297,0.44,0.69666666,1
0.6568284,0.73900944,0.52311164,0.97688836,0.43666667,0.59,1
0.13382506,0.04794658,-0.50053424,-0.99946576,0.07,0.44,1
0.15656303,0.48702818,-0.50512946,-0.99487054,0.09,0.43666667,1
0.62619543,0.28743634,-0.50380784,0.99619216,0.48,0.57,1
0.4330859,0.8285958,0.5246903,-0.9753097,0.35666665,0.39666668,0
0.1733027,0.95529366,-0.5285682,-0.9714318,0.41,0.15666667,1
0.4621714,0.7720977,0.5198449,-0.9801551,0.39666668,0.42666668,1
0.2743007,0.26232767,-0.5035814,-0.9964186,0.22,0.44,1
0.0856669,0.059188493,-0.52377355,-0.97622645,0.02,0.43,1
0.5954721,0.5651778,0.51735455,-0.98264545,0.52666664,0.42666668,0
0.24130915,0.20407616,-0.50032246,-0.99967754,0.19,0.44,1
0.21136129,0.9414768,0.5004454,-0.9995546,0.40666667,0.15666667,1
0.40154135,0.13587849,0.50231403,0.99768597,0.36666667,0.32666665,0
0.6876218,0.7293292,0.5119483,-0.9880517,0.62,0.43,0
0.7243152,0.54620814,-0.5185752,0.9814248,0.44,0.6666667,1
0.86400646,0.40486908,-0.52567303,-0.97432697,0.8,0.44,1
0.5771612,0.87479186,0.5215902,0.9784098,0.42666668,0.51,0
0.184903,0.06344231,-0.50134796,-0.99865204,0.12,0.44,1
0.8531247,0.31743193,0.5041908,-0.9958092,0.77666664,0.43666667,0
0.34770834,0.80301124,0.50907946,-0.99092054,0.27,0.32666665,0
0.93519986,0.6849138,-0.5024313,-0.9975687,0.71666664,0.46,0
0.77034146,0.5898557,0.7434383,0.7565617,0.43666667,0.6933333,1
0.7324907,0.3898372,0.5198449,-0.9801551,0.6666667,0.43666667,1
0.898254,0.7459318,0.50505555,-0.99494445,0.6566667,0.44,0
0.15674576,0.6055391,-0.51974744,-0.98025256,0.1,0.42666668,1
0.20292354,0.47103208,-0.80934626,-0.69065374,0.18666667,0.44,1
0.9564992,0.79749966,0.5009681,-0.9990319,0.6166667,0.58666664,0
0.84341574,0.84132457,-0.50293344,0.99706656,0.43,0.79,0
0.4971194,0.32324073,0.5537972,-0.9462028,0.42,0.42666668,0
0.7971997,0.41933066,0.5000301,0.9999699,0.44,0.72,1
0.05871155,0.7116718,0.50078493,0.99921507,0.44,0.016666668,1
0.60285133,0.32906708,0.50212336,-0.99787664,0.52666664,0.42666668,0
0.39882514,0.21700546,0.5285682,-0.9714318,0.33,0.43666667,0
0.74155134,0.31178212,-0.5249247,-0.9750753,0.68,0.44,1
0.8463679,0.6294221,-0.5010967,-0.9989033,0.76666665,0.47666666,0
0.9584705,0.4304471,0.51734567,-0.98265433,0.85,0.43,0
0.7914595,0.22285578,0.6666164,-0.8333836,0.71,0.43666667,0
0.11647205,0.4783954,0.5178179,0.9821821,0.42666668,0.04,0
0.45565492,0.56155753,0.5004492,0.9995508,0.42666668,0.39,0
0.177711,0.54772115,0.52745646,-0.97254354,0.1,0.42666668,0
0.39997768,0.42702517,-0.51277304,-0.98722696,0.34333333,0.43,1
0.4456574,0.588743,-0.50010276,-0.99989724,0.39,0.43,1
0.4594407,0.72739685,-0.989443,0.510557,0.43,0.50666666,0
0.15691236,0.9346627,0.5049709,-0.9950291,0.39666668,0.096666664,1
0.65998966,0.9081759,0.50438976,-0.99561024,0.5,0.47,0
0.66541237,0.68165994,-0.5067782,0.9932218,0.42666668,0.6066667,0
0.10275423,0.9405702,0.5000379,-0.9999621,0.4,0.046666667,1
0.7954375,0.86802757,-0.8171431,-0.6828569,0.5966667,0.69,0
0.21440767,0.71818465,0.8347108,0.6652892,0.43,0.12666667,0
0.32421863,0.27703664,0.5118571,0.9881429,0.32666665,0.25666666,0
0.2580961,0.81387603,-0.5049829,0.9950171,0.44,0.19,1
0.18937783,0.66646796,-0.5144287,-0.9855713,0.12666667,0.43666667,1
0.1941386,0.68277305,0.54529023,-0.95470977,0.13,0.31666666,1
0.55350256,0.94830674,-0.5174796,-0.9825204,0.46,0.49,0
0.19046749,0.40849528,0.5056852,0.9943148,0.43,0.11,0
0.75639856,0.2933922,0.5000083,0.9999917,0.44,0.68,1
0.0265266,0.29320285,0.52995205,-0.97004795,0.016666668,0.43666667,1
0.51965165,0.34559414,0.50078905,0.99921095,0.43666667,0.44666666,1
0.12467714,0.5906479,0.5268141,-0.9731859,0.05,0.42666668,0
0.20084067,0.93185467,-0.50010556,0.99989444,0.43,0.14,0
0.70038205,0.18780366,-0.50001675,0.99998325,0.58,0.5966667,1
0.06130249,0.5863958,0.5173958,-0.9826042,0.04,0.42333335,1
0.9632437,0.16630241,0.7061623,-0.7938377,0.85,0.43666667,0
0.80424577,0.46741092,-0.5006546,-0.9993454,0.7366667,0.43666667,0
0.1607916,0.52344555,0.5078778,0.9921222,0.43666667,0.09,1
0.15133604,0.51775014,0.5292979,0.9707021,0.43666667,0.07,1
0.18200159,0.7814592,-0.5010743,0.9989257,0.44,0.13,1
0.27967933,0.57059515,-0.50316155,-0.99683845,0.22,0.42666668,1
0.23046957,0.4264284,0.5011535,0.9988465,0.42,0.15,0
0.10784834,0.3677454,-0.50374675,-0.99625325,0.05,0.42666668,1
0.9521726,0.44635564,-0.5049162,0.9950838,0.43,0.8466667,0
0.54929155,0.4088972,0.50212336,-0.99787664,0.46666667,0.42666668,0
0.9327235,0.25772306,-0.52330256,-0.97669744,0.85,0.43,0
0.43575975,0.044213966,-0.50197285,0.99802715,0.40666667,0.41,0
0.9071994,0.4429112,0.5133742,-0.9866258,0.84,0.44,0
0.64905804,0.6565998,0.65530384,0.84469616,0.42666668,0.57,0
0.76911426,0.5444647,-0.5007285,0.9992715,0.42666668,0.71666664,0
0.27534455,0.85139215,0.51160145,-0.98839855,0.31333333,0.23666666,1
0.16929308,0.9148115,-0.53060794,0.96939206,0.43,0.11,0
0.6486196,0.8472578,0.50034946,0.99965054,0.43666667,0.58,1
0.6735251,0.32935837,-0.50087637,0.99912363,0.51,0.6066667,1
0.25963303,0.073138595,0.5166259,-0.9833741,0.18666667,0.43666667,0
0.79126287,0.053396907,-0.52353114,0.97646886,0.73,0.46,1
0.06263411,0.21428329,0.50531006,0.99468994,0.24,0.24,0
0.7541424,0.7687905,0.50438976,-0.99561024,0.64,0.43,0
0.2963971,0.31594384,-0.50000775,-0.99999225,0.24,0.43,1
0.8404172,0.8741585,-0.79849994,-0.70150006,0.57666665,0.71,0
0.23375152,0.5480196,0.5250949,-0.9749051,0.16,0.43,0
0.24150577,0.90046895,-0.50290704,0.99709296,0.43,0.19,0
0.4733595,0.059566867,-0.50000006,0.99999994,0.43666667,0.41,1
0.603728,0.6928755,0.5387067,0.9612933,0.43,0.5366667,0
0.52166253,0.47776377,0.5004145,0.9995855,0.42666668,0.45666668,0
0.386909,0.77924275,0.52267265,-0.97732735,0.31,0.36666667,0
0.3804801,0.6499542,-0.5007274,-0.9992726,0.32,0.43,1
0.3159994,0.47930902,0.53790253,0.96209747,0.42666668,0.25,0
0.83706653,0.48102897,0.50834703,0.99165297,0.43,0.76666665,0
0.6094781,0.32137814,-0.501134,-0.998866,0.5466667,0.43666667,1
0.05921604,0.25557256,-0.5078778,0.9921222,0.38666666,0.2,0
0.2844342,0.45378512,0.50750417,-0.99249583,0.22,0.43,1
0.870022,0.6627276,0.50000006,0.99999994,0.43666667,0.8066667,1
0.42960906,0.56234646,0.52196765,-0.97803235,0.35666665,0.43666667,0
0.6719693,0.6049003,-0.51623225,0.98376775,0.43666667,0.6166667,1
0.2317818,0.3264884,-0.50023854,0.99976146,0.42666668,0.17666666,0
0.9491549,0.80222285,-0.5271501,-0.9728499,0.6066667,0.6166667,0
0.13512163,0.4572819,-0.5002255,0.9997745,0.42666668,0.06666667,0
0.7288706,0.2674358,0.5003819,-0.9996181,0.6566667,0.43666667,0
0.60319006,0.8091007,0.5301206,-0.9698794,0.5366667,0.43,1
0.058015555,0.2090419,0.52680165,0.97319835,0.26,0.25,0
0.78368306,0.3302041,0.5065621,0.9934379,0.43,0.71,0
0.0600953,0.9226253,-0.66445965,0.83554035,0.44,0.016666668,1
0.4068018,0.62999547,-0.5067228,0.9932772,0.43,0.34,0
0.7010972,0.89749247,-0.50053424,-0.99946576,0.52,0.61,0
0.92786825,0.50369567,0.50013924,0.99986076,0.44,0.85,1
0.8501215,0.8313539,-0.50293344,0.99706656,0.44,0.8,1
0.046384837,0.20345943,-0.51030093,-0.98969907,0.016666668,0.44,1
0.055308565,0.2672338,0.50550735,0.99449265,0.33,0.19,0
0.072098695,0.876244,-0.50573075,-0.99426925,0.34,0.18,1
0.40057805,0.90808296,0.5278627,0.9721373,0.44,0.32666665,1
0.8149436,0.3366662,-0.52567303,-0.97432697,0.75,0.43,1
0.08346251,0.783634,0.500767,0.999233,0.42666668,0.016666668,0
0.40591252,0.604361,0.51511097,-0.98488903,0.34,0.42666668,1
0.45183915,0.69474983,-0.5006671,0.9993329,0.44,0.39666668,1
